nameDest,fraud_txn_count,fraud_amount,unique_senders
C668046170,2,10160088.68,2
C972530514,1,10000000.0,1
C970791522,1,10000000.0,1
C97016938,1,10000000.0,1
C964933148,1,10000000.0,1
C952858643,1,10000000.0,1
C949015157,1,10000000.0,1
C945327594,1,10000000.0,1
C935919630,1,10000000.0,1
C919151595,1,10000000.0,1
C912767355,1,10000000.0,1
C890563348,1,10000000.0,1
C879312587,1,10000000.0,1
C875530566,1,10000000.0,1
C875288652,1,10000000.0,1
C852706972,1,10000000.0,1
C851819118,1,10000000.0,1
C845099418,1,10000000.0,1
C839316822,1,10000000.0,1
C836488544,1,10000000.0,1
C832210168,1,10000000.0,1
C810398969,1,10000000.0,1
C803763593,1,10000000.0,1
C803181313,1,10000000.0,1
C801890101,1,10000000.0,1
C790685338,1,10000000.0,1
C786701128,1,10000000.0,1
C784234900,1,10000000.0,1
C779798347,1,10000000.0,1
C769483130,1,10000000.0,1
C769108247,1,10000000.0,1
C766725973,1,10000000.0,1
C766681183,1,10000000.0,1
C761333500,1,10000000.0,1
C758711155,1,10000000.0,1
C743250798,1,10000000.0,1
C725953073,1,10000000.0,1
C72573471,1,10000000.0,1
C709815552,1,10000000.0,1
C705319954,1,10000000.0,1
C704752055,1,10000000.0,1
C678340768,1,10000000.0,1
C673002421,1,10000000.0,1
C670347095,1,10000000.0,1
C667895388,1,10000000.0,1
C6676578,1,10000000.0,1
C667232119,1,10000000.0,1
C666339947,1,10000000.0,1
C662194461,1,10000000.0,1
C650095152,1,10000000.0,1
C635621973,1,10000000.0,1
C634337503,1,10000000.0,1
C632110164,1,10000000.0,1
C625944676,1,10000000.0,1
C617558864,1,10000000.0,1
C615227407,1,10000000.0,1
C607131381,1,10000000.0,1
C606914329,1,10000000.0,1
C593822721,1,10000000.0,1
C591314687,1,10000000.0,1
C590550775,1,10000000.0,1
C588547519,1,10000000.0,1
C585344505,1,10000000.0,1
C57886357,1,10000000.0,1
C574552283,1,10000000.0,1
C565255701,1,10000000.0,1
C557678014,1,10000000.0,1
C554878096,1,10000000.0,1
C539137020,1,10000000.0,1
C532935388,1,10000000.0,1
C531811781,1,10000000.0,1
C521374455,1,10000000.0,1
C503835851,1,10000000.0,1
C503344531,1,10000000.0,1
C502437065,1,10000000.0,1
C500987951,1,10000000.0,1
C499919262,1,10000000.0,1
C497323053,1,10000000.0,1
C494244936,1,10000000.0,1
C491519946,1,10000000.0,1
C486186579,1,10000000.0,1
C483833357,1,10000000.0,1
C48227187,1,10000000.0,1
C48103061,1,10000000.0,1
C478771313,1,10000000.0,1
C476523986,1,10000000.0,1
C473496930,1,10000000.0,1
C469591174,1,10000000.0,1
C458755308,1,10000000.0,1
C455244250,1,10000000.0,1
C454550281,1,10000000.0,1
C454462706,1,10000000.0,1
C447852930,1,10000000.0,1
C43869769,1,10000000.0,1
C430952051,1,10000000.0,1
C428927923,1,10000000.0,1
C427067936,1,10000000.0,1
C419398117,1,10000000.0,1
C417213297,1,10000000.0,1
C407821637,1,10000000.0,1
C399450397,1,10000000.0,1
C39886288,1,10000000.0,1
C397396936,1,10000000.0,1
C383956352,1,10000000.0,1
C380259496,1,10000000.0,1
C36989160,1,10000000.0,1
C368640357,1,10000000.0,1
C335271811,1,10000000.0,1
C325570373,1,10000000.0,1
C308220962,1,10000000.0,1
C305170140,1,10000000.0,1
C301687974,1,10000000.0,1
C296834383,1,10000000.0,1
C290459952,1,10000000.0,1
C285979005,1,10000000.0,1
C281499391,1,10000000.0,1
C270577353,1,10000000.0,1
C270374999,1,10000000.0,1
C265818322,1,10000000.0,1
C264263365,1,10000000.0,1
C262998076,1,10000000.0,1
C259016801,1,10000000.0,1
C255905586,1,10000000.0,1
C253674970,1,10000000.0,1
C243227440,1,10000000.0,1
C242619213,1,10000000.0,1
C242007270,1,10000000.0,1
C241707602,1,10000000.0,1
C225746427,1,10000000.0,1
C224104774,1,10000000.0,1
C2136471075,1,10000000.0,1
C2129872070,1,10000000.0,1
C2124431731,1,10000000.0,1
C2122549663,1,10000000.0,1
C2116384638,1,10000000.0,1
C2110157840,1,10000000.0,1
C2108353776,1,10000000.0,1
C2105645265,1,10000000.0,1
C2104816494,1,10000000.0,1
C2086144828,1,10000000.0,1
C2077145577,1,10000000.0,1
C2073831661,1,10000000.0,1
C2065262017,1,10000000.0,1
C2061400193,1,10000000.0,1
C2059078386,1,10000000.0,1
C2055653883,1,10000000.0,1
C2053317483,1,10000000.0,1
C2049633025,1,10000000.0,1
C2034016962,1,10000000.0,1
C2030266969,1,10000000.0,1
C2029456603,1,10000000.0,1
C201807091,1,10000000.0,1
C2013390104,1,10000000.0,1
C1990623385,1,10000000.0,1
C1979637041,1,10000000.0,1
C1976182150,1,10000000.0,1
C1973915590,1,10000000.0,1
C1971187430,1,10000000.0,1
C196714546,1,10000000.0,1
C1954217280,1,10000000.0,1
C1941053102,1,10000000.0,1
C1939028448,1,10000000.0,1
C193638063,1,10000000.0,1
C1934167334,1,10000000.0,1
C1923492040,1,10000000.0,1
C19233081,1,10000000.0,1
C1917849910,1,10000000.0,1
C1917566425,1,10000000.0,1
C1916793179,1,10000000.0,1
C1910926478,1,10000000.0,1
C1910239392,1,10000000.0,1
C1908782637,1,10000000.0,1
C1877706055,1,10000000.0,1
C1866259073,1,10000000.0,1
C1865083017,1,10000000.0,1
C1856701476,1,10000000.0,1
C1853789265,1,10000000.0,1
C1852255407,1,10000000.0,1
C1846567377,1,10000000.0,1
C184545705,1,10000000.0,1
C1827220106,1,10000000.0,1
C1825256816,1,10000000.0,1
C1823815645,1,10000000.0,1
C1820998538,1,10000000.0,1
C1817199105,1,10000000.0,1
C1808278362,1,10000000.0,1
C1808132497,1,10000000.0,1
C180656543,1,10000000.0,1
C1806199534,1,10000000.0,1
C1786144514,1,10000000.0,1
C1784785490,1,10000000.0,1
C1774310379,1,10000000.0,1
C1773776028,1,10000000.0,1
C177097272,1,10000000.0,1
C1759432374,1,10000000.0,1
C1744886336,1,10000000.0,1
C1744662180,1,10000000.0,1
C1741236640,1,10000000.0,1
C1733297456,1,10000000.0,1
C1732619349,1,10000000.0,1
C1730830963,1,10000000.0,1
C1728836940,1,10000000.0,1
C1683234279,1,10000000.0,1
C167868594,1,10000000.0,1
C1677685761,1,10000000.0,1
C1671906752,1,10000000.0,1
C1648566106,1,10000000.0,1
C1641778666,1,10000000.0,1
C1630566944,1,10000000.0,1
C1622860679,1,10000000.0,1
C1614528665,1,10000000.0,1
C1595458981,1,10000000.0,1
C1590217660,1,10000000.0,1
C1564795146,1,10000000.0,1
C1554273675,1,10000000.0,1
C1552047052,1,10000000.0,1
C1546786985,1,10000000.0,1
C1542053333,1,10000000.0,1
C1527777046,1,10000000.0,1
C1527429194,1,10000000.0,1
C1519453344,1,10000000.0,1
C1510815107,1,10000000.0,1
C1505960727,1,10000000.0,1
C150091086,1,10000000.0,1
C1481530015,1,10000000.0,1
C1468356154,1,10000000.0,1
C1466553904,1,10000000.0,1
C1464217009,1,10000000.0,1
C1441560807,1,10000000.0,1
C1430589184,1,10000000.0,1
C1423246212,1,10000000.0,1
C141316671,1,10000000.0,1
C1401949177,1,10000000.0,1
C1396306912,1,10000000.0,1
C1395467927,1,10000000.0,1
C1395082788,1,10000000.0,1
C1392803603,1,10000000.0,1
C1390461904,1,10000000.0,1
C1379703840,1,10000000.0,1
C1370100102,1,10000000.0,1
C1369253515,1,10000000.0,1
C1364745638,1,10000000.0,1
C1355993578,1,10000000.0,1
C1347105871,1,10000000.0,1
C1334434319,1,10000000.0,1
C129828249,1,10000000.0,1
C1291939349,1,10000000.0,1
C1270029603,1,10000000.0,1
C1265892323,1,10000000.0,1
C125702772,1,10000000.0,1
C125311108,1,10000000.0,1
C1250722530,1,10000000.0,1
C1236804041,1,10000000.0,1
C1220405366,1,10000000.0,1
C120368346,1,10000000.0,1
C1201081149,1,10000000.0,1
C120055626,1,10000000.0,1
C1192036077,1,10000000.0,1
C1188014046,1,10000000.0,1
C1185086386,1,10000000.0,1
C1166671647,1,10000000.0,1
C1166027089,1,10000000.0,1
C1161159002,1,10000000.0,1
C1150932816,1,10000000.0,1
C1143448210,1,10000000.0,1
C1129582294,1,10000000.0,1
C1127889492,1,10000000.0,1
C1115935121,1,10000000.0,1
C1100933050,1,10000000.0,1
C1093911640,1,10000000.0,1
C1089455271,1,10000000.0,1
C1072055067,1,10000000.0,1
C106531078,1,10000000.0,1
C1056895901,1,10000000.0,1
C1054420449,1,10000000.0,1
C1042012237,1,10000000.0,1
C1037865562,1,10000000.0,1
C1036214683,1,10000000.0,1
C1036108574,1,10000000.0,1
C10331994,1,10000000.0,1
C103172881,1,10000000.0,1
C1023840891,1,10000000.0,1
C1023006881,1,10000000.0,1
C1021550383,1,10000000.0,1
C1012340770,1,10000000.0,1
C1010370571,1,10000000.0,1
C1000868784,1,10000000.0,1
C1319987164,1,9996886.64,1
C1318460385,1,9996886.64,1
C1895716929,1,9977761.05,1
C1214752539,1,9977761.05,1
C1532977706,1,9960382.4,1
C1108421533,1,9960382.4,1
C28783325,1,9887819.06,1
C2065423383,1,9887819.06,1
C381637925,1,9811104.49,1
C1459698370,1,9811104.49,1
C1830194909,1,9772559.35,1
C1176673721,1,9772559.35,1
C598263954,1,9749042.95,1
C1698433621,1,9749042.95,1
C775810552,1,9725837.08,1
C416165291,1,9725837.08,1
C486822956,1,9639524.7,1
C1975522590,1,9639524.7,1
C629818525,1,9639052.83,1
C1584664836,1,9639052.83,1
C457890781,1,9593838.63,1
C1508969508,1,9593838.63,1
C1109166882,1,9585040.37,1
C532377290,1,9468064.05,1
C1058427074,1,9468064.05,1
C1650562969,1,9465988.82,1
C1220805115,1,9465988.82,1
C970287333,1,9453680.72,1
C929797843,1,9453680.72,1
C919579772,1,9421856.87,1
C714177004,1,9421856.87,1
C2125071302,1,9345700.07,1
C1454683123,1,9345700.07,1
C754497050,1,9301213.46,1
C1918368485,1,9301213.46,1
C1614280501,1,9299230.13,1
C1049795740,1,9299230.13,1
C1985219083,1,9295454.24,1
C1920599052,1,9295454.24,1
C1405637035,1,9228514.1,1
C118210084,1,9228514.1,1
C601562346,1,9208368.83,1
C1153188048,1,9208368.83,1
C1741955070,1,9198459.96,1
C1187100670,1,9198459.96,1
C987041812,1,9168747.51,1
C1149132986,1,9168747.51,1
C413319813,1,9110884.44,1
C1633747285,1,9110884.44,1
C949247454,1,9097679.75,1
C1544056522,1,9097679.75,1
C779650292,1,9060955.18,1
C1674473954,1,9060955.18,1
C802151575,1,9039246.82,1
C306278286,1,9039246.82,1
C1997459124,1,9033760.73,1
C1708698454,1,9033760.73,1
C684493652,1,8994286.69,1
C1877082345,1,8994286.69,1
C1727929401,1,8991625.83,1
C1693955122,1,8991625.83,1
C2068912679,1,8980853.88,1
C1185320057,1,8980853.88,1
C602293403,1,8950011.46,1
C128292751,1,8950011.46,1
C754619416,1,8931607.89,1
C720836200,1,8931607.89,1
C977366743,1,8931550.69,1
C109294647,1,8931550.69,1
C585705042,1,8924971.59,1
C579440834,1,8924971.59,1
C1669818195,2,8848239.99,2
C61841056,1,8813323.11,1
C118248248,1,8813323.11,1
C897416477,1,8775594.43,1
C1694421805,1,8775594.43,1
C977281429,1,8752000.36,1
C1091532529,1,8752000.36,1
C1505080875,1,8730600.58,1
C150488099,1,8730600.58,1
C1801176562,1,8720558.46,1
C1571144443,1,8720558.46,1
C680858375,1,8607089.62,1
C333863007,1,8607089.62,1
C497430875,1,8594499.99,1
C161212060,1,8594499.99,1
C1420708952,1,8594065.09,1
C1231373551,1,8594065.09,1
C597537774,1,8589704.49,1
C111676219,1,8589704.49,1
C1454524635,1,8537861.24,1
C1092111599,1,8537861.24,1
C865601051,1,8536151.16,1
C2079215936,1,8536151.16,1
C863370612,1,8488865.83,1
C816064707,1,8488865.83,1
C870079370,1,8443528.7,1
C1970401163,1,8443528.7,1
C705444596,1,8332002.94,1
C397739299,1,8332002.94,1
C1917022253,1,8327328.27,1
C1652527413,1,8327328.27,1
C684635804,1,8317724.27,1
C1399946131,1,8317724.27,1
C2056964049,1,8286342.51,1
C2054992748,1,8286342.51,1
C2102473649,1,8276235.5,1
C1241281307,1,8276235.5,1
C825235440,1,8274020.94,1
C1223937106,1,8274020.94,1
C1601872168,1,8267760.5,1
C1246358574,1,8267760.5,1
C1929001854,1,8208916.0,1
C1664077486,1,8208916.0,1
C822476275,1,8186519.17,1
C1506576839,1,8186519.17,1
C1266336636,1,8142605.46,1
C118885392,1,8142605.46,1
C1629558772,1,8104557.88,1
C1434531714,1,8104557.88,1
C95956849,1,8097183.22,1
C1601626536,1,8097183.22,1
C916997353,1,8020192.15,1
C797209152,1,8020192.15,1
C894097120,1,8006429.04,1
C1857128616,1,8006429.04,1
C792397679,1,7983958.34,1
C440599856,1,7983958.34,1
C2012612648,1,7937954.2,1
C1124319645,1,7937954.2,1
C722948959,1,7809301.98,1
C1036604265,1,7809301.98,1
C181617125,1,7807640.17,1
C1348278201,1,7807640.17,1
C966109219,1,7788725.2,1
C955662088,1,7788725.2,1
C970433237,1,7782452.17,1
C332427023,1,7758036.72,1
C294714363,1,7758036.72,1
C733601841,1,7748802.0,1
C648423233,1,7748802.0,1
C61990291,1,7728992.56,1
C1966690861,1,7728992.56,1
C300915892,1,7703574.71,1
C1925673449,1,7703574.71,1
C646123724,1,7696836.35,1
C290559240,1,7696836.35,1
C383839277,1,7677120.59,1
C1266729216,1,7677120.59,1
C2113941945,1,7670038.08,1
C197131659,1,7670038.08,1
C233514651,1,7620549.14,1
C1128587638,1,7620549.14,1
C1668215397,1,7603589.38,1
C1495920841,1,7603589.38,1
C1810250799,1,7596886.83,1
C1781043707,1,7596886.83,1
C1709267320,1,7578130.45,1
C1230453143,1,7578130.45,1
C210740885,1,7576324.61,1
C1350236324,1,7576324.61,1
C96222488,1,7567170.36,1
C1599314459,1,7567170.36,1
C2018653161,1,7563536.91,1
C1297951488,1,7563536.91,1
C2117385631,1,7539165.76,1
C1744865437,1,7539165.76,1
C1942668370,1,7515624.63,1
C1501063702,1,7515624.63,1
C610130308,1,7513581.46,1
C342454180,1,7513581.46,1
C398541118,1,7484125.12,1
C1179262893,1,7484125.12,1
C2112303163,1,7482670.24,1
C13429851,1,7482670.24,1
C450403816,1,7476725.66,1
C1784013165,1,7476725.66,1
C161940442,1,7469051.14,1
C1129100193,1,7469051.14,1
C257701345,1,7454553.06,1
C1302887939,1,7454553.06,1
C520742045,1,7445820.78,1
C1332693814,1,7445820.78,1
C381971403,1,7442005.19,1
C1743049474,1,7442005.19,1
C1594525511,1,7435751.59,1
C1541661515,1,7435751.59,1
C849581392,1,7428844.46,1
C1331351284,1,7428844.46,1
C646426738,1,7418265.31,1
C1519402359,1,7418265.31,1
C750661088,1,7365106.76,1
C231660660,1,7365106.76,1
C734547406,1,7363709.23,1
C2069632802,1,7363709.23,1
C735323689,1,7335355.57,1
C542934513,1,7335355.57,1
C1861208726,1,7316255.05,1
C1981613973,2,7265501.67,2
C1928486758,1,7246962.16,1
C1384358824,1,7246962.16,1
C893411806,1,7240965.96,1
C362987320,1,7240965.96,1
C2122742965,1,7239986.95,1
C2083647720,1,7239986.95,1
C903355474,1,7218629.01,1
C1596412871,1,7218629.01,1
C931720815,1,7197532.27,1
C399465917,1,7197532.27,1
C252431988,1,7196174.56,1
C1901906276,1,7196174.56,1
C2025892351,1,7188425.25,1
C103010660,1,7188425.25,1
C475877892,1,7169129.94,1
C357180483,1,7169129.94,1
C830545754,1,7114590.07,1
C1107422385,1,7114590.07,1
C615611865,1,7109453.78,1
C1670108631,1,7109453.78,1
C73690456,1,7108914.22,1
C1835087777,1,7108914.22,1
C51144678,1,7078157.11,1
C2055520993,1,7078157.11,1
C951611415,1,7068115.67,1
C2111326031,1,7068115.67,1
C1366192319,2,7061799.65,2
C2116038737,1,7060216.94,1
C1379131960,1,7060216.94,1
C909312047,1,7044227.89,1
C2025262313,1,7044227.89,1
C2084611108,1,7041719.54,1
C1634584019,1,7041719.54,1
C898480186,1,6972164.97,1
C2126149202,1,6972164.97,1
C1926498951,1,6961359.11,1
C1018094825,1,6961359.11,1
C947645496,1,6910926.92,1
C50368712,1,6910926.92,1
C489344681,1,6870369.62,1
C1481177013,1,6870369.62,1
C948690681,1,6856104.02,1
C737162592,1,6856104.02,1
C1517275009,1,6721321.33,1
C150133143,1,6721321.33,1
C1968350430,1,6703831.4,1
C1056406503,1,6703831.4,1
C849791185,1,6695070.79,1
C1677888085,1,6695070.79,1
C52395788,1,6669495.34,1
C2065569880,1,6669495.34,1
C836514715,1,6648389.9,1
C674603923,1,6648389.9,1
C860816450,1,6647155.99,1
C1098443300,1,6647155.99,1
C1736990542,1,6646879.72,1
C1104022737,1,6646879.72,1
C377087678,1,6580427.81,1
C1530040429,1,6580427.81,1
C792804461,1,6575903.12,1
C1955341893,1,6575903.12,1
C733817123,1,6558087.93,1
C1361886731,1,6558087.93,1
C562081008,1,6546019.0,1
C1526183462,1,6546019.0,1
C653053938,1,6545346.16,1
C123543768,1,6545346.16,1
C1919442037,1,6513531.58,1
C1712764754,1,6513531.58,1
C944966910,1,6512846.44,1
C1064867457,1,6512846.44,1
C1721246847,1,6501303.14,1
C1581398768,1,6501303.14,1
C45760834,1,6501296.36,1
C1415278169,1,6501296.36,1
C322380690,1,6498297.7,1
C185710964,1,6498297.7,1
C1781740019,1,6484526.8,1
C1100722756,1,6484526.8,1
C63453823,1,6468916.64,1
C188203281,1,6468916.64,1
C1588106551,1,6426126.34,1
C1418025588,1,6426126.34,1
C191674614,1,6417789.09,1
C1104416444,1,6417789.09,1
C927202154,1,6392800.85,1
C2125497646,1,6392800.85,1
C1565876576,1,6377401.2,1
C1128848871,1,6377401.2,1
C1806524190,1,6370726.84,1
C1072409344,1,6370726.84,1
C794625601,1,6351930.74,1
C1396625273,1,6351930.74,1
C962858341,1,6324299.91,1
C653645882,1,6324299.91,1
C432858723,1,6322399.97,1
C2086292862,1,6322399.97,1
C1881841831,1,6311409.28,1
C1365125890,1,6311409.28,1
C938248377,1,6302888.93,1
C378717851,1,6302888.93,1
C874365535,1,6295010.28,1
C1846430620,1,6295010.28,1
C1905238884,1,6274752.67,1
C1746536582,1,6274752.67,1
C7990337,1,6273660.45,1
C133285167,1,6273660.45,1
C909346905,1,6262505.91,1
C1449704632,1,6262505.91,1
C693212579,1,6250438.78,1
C1717545219,1,6250438.78,1
C1577595866,1,6249265.86,1
C1260877050,1,6249265.86,1
C878792867,1,6219566.63,1
C432911682,1,6219566.63,1
C539837230,1,6199009.0,1
C1938522935,1,6199009.0,1
C1787596520,1,6188772.44,1
C1477641326,1,6188772.44,1
C2009346140,1,6188514.81,1
C1562904239,1,6188514.81,1
C392599315,1,6183238.55,1
C1058239852,1,6183238.55,1
C672136064,1,6174385.48,1
C1773172922,1,6174385.48,1
C237081413,1,6168077.6,1
C233644049,1,6168077.6,1
C655923955,1,6106149.52,1
C1290160681,1,6106149.52,1
C925862909,1,6063657.03,1
C326851918,1,6063657.03,1
C432052755,1,6038051.03,1
C110885488,1,6038051.03,1
C844027977,1,6029387.26,1
C785987087,1,6029387.26,1
C964377943,2,6014862.39,2
C2020321619,1,5999376.79,1
C1893331060,1,5999376.79,1
C579897687,1,5979556.06,1
C1414206737,1,5979556.06,1
C191560026,1,5963850.34,1
C1336813990,1,5963850.34,1
C1795644557,1,5952739.3,1
C1429463996,1,5952739.3,1
C516790131,1,5926745.36,1
C340123117,1,5926745.36,1
C2070535347,1,5912204.0,1
C1035435015,1,5912204.0,1
C461663138,1,5903457.39,1
C1395018529,1,5903457.39,1
C1697903765,1,5903046.38,1
C1667746886,1,5903046.38,1
C932447324,1,5838803.23,1
C963512696,1,5820137.62,1
C345070872,1,5820137.62,1
C1902984290,1,5818863.13,1
C152631073,1,5818863.13,1
C819604043,1,5807351.83,1
C258745277,1,5807351.83,1
C1664538299,1,5800988.12,1
C1228502814,1,5800988.12,1
C77532611,1,5777706.65,1
C1367015586,1,5777706.65,1
C96929934,1,5721871.91,1
C226077337,1,5721871.91,1
C1856760155,1,5715004.3,1
C1700925232,1,5715004.3,1
C5325998,1,5689516.13,1
C373225070,1,5689516.13,1
C1366804249,1,5674547.89,1
C1613929073,1,5658123.36,1
C127451235,1,5658123.36,1
C447486475,1,5656416.95,1
C1113984965,1,5656416.95,1
C477262059,1,5652739.69,1
C348655001,1,5652739.69,1
C1829458210,1,5618179.9,1
C1461831726,1,5618179.9,1
C1754723066,1,5614246.07,1
C1545277452,1,5614246.07,1
C578388393,1,5591647.96,1
C2080178799,1,5591647.96,1
C556373412,1,5591414.49,1
C1379652013,1,5591414.49,1
C291757564,1,5566368.02,1
C2096924215,1,5566368.02,1
C599233021,1,5521483.54,1
C1454031203,1,5521483.54,1
C439777309,1,5512595.16,1
C1068264990,1,5512595.16,1
C2025332798,1,5494862.93,1
C1174309480,1,5494862.93,1
C519182481,1,5489302.04,1
C346649476,1,5489302.04,1
C532968715,1,5477272.72,1
C1188145688,1,5477272.72,1
C542998030,1,5475018.52,1
C1034609594,1,5475018.52,1
C1584956712,1,5469910.99,1
C1048619563,1,5469910.99,1
C618348006,1,5464727.14,1
C1463443911,1,5464727.14,1
C1726301214,1,5460002.91,1
C1570256460,1,5460002.91,1
C423625625,1,5455965.86,1
C1734033789,1,5455965.86,1
C655461013,1,5429153.98,1
C1388180627,1,5429153.98,1
C686224839,1,5393290.34,1
C163718633,1,5393290.34,1
C882871292,1,5393228.23,1
C1258227821,1,5393228.23,1
C1774338708,1,5388834.64,1
C1440223571,1,5388834.64,1
C403495240,1,5363795.31,1
C1142866922,1,5363795.31,1
C747248533,1,5363594.86,1
C1701906322,1,5363594.86,1
C343563320,1,5338583.38,1
C280536388,1,5338583.38,1
C955190047,1,5338162.8,1
C866531579,1,5338162.8,1
C36485609,1,5274773.52,1
C222456417,1,5274773.52,1
C1906616566,1,5245375.3,1
C1873104472,1,5245375.3,1
C658898647,1,5239429.19,1
C1789156105,1,5239429.19,1
C203959811,1,5188875.35,1
C1264872013,1,5188875.35,1
C480756474,1,5175876.53,1
C1761260133,1,5175876.53,1
C1648449094,1,5166728.87,1
C1606899764,1,5166728.87,1
C190447545,1,5166393.44,1
C1655452584,1,5166393.44,1
C1742374536,1,5141769.94,1
C1312570862,1,5141769.94,1
C290920701,1,5131896.17,1
C1009747499,1,5131896.17,1
C775400277,1,5101855.95,1
C1674571647,1,5101855.95,1
C639339113,1,5096946.74,1
C408849314,1,5096946.74,1
C1995541082,1,5087422.03,1
C1859977645,1,5087422.03,1
C717479366,1,5052211.09,1
C232278551,1,5052211.09,1
C1139193095,1,5049594.33,1
C1039951237,1,5049594.33,1
C1704299654,1,5044147.53,1
C1566713324,1,5044147.53,1
C256790,1,5039827.29,1
C1454703841,1,5039827.29,1
C57938337,1,5032484.73,1
C1982874632,1,5032484.73,1
C1803198527,1,5021186.54,1
C1308026520,1,5021186.54,1
C1911342883,1,5016884.33,1
C1327214337,1,5016884.33,1
C489326905,1,4993938.87,1
C1577873680,1,4993938.87,1
C128372734,1,4961093.21,1
C1198859415,1,4961093.21,1
C1310890311,1,4961014.03,1
C1093087411,1,4961014.03,1
C639921569,1,4953893.08,1
C203170379,1,4919642.57,1
C1514738968,1,4919642.57,1
C1773365552,1,4900487.15,1
C1322611502,1,4900487.15,1
C497024597,1,4896179.38,1
C1010534882,1,4896179.38,1
C327601402,1,4895343.33,1
C1708120011,1,4895343.33,1
C1893385934,1,4892226.25,1
C1438698807,1,4892226.25,1
C891140444,1,4892193.09,1
C288685482,1,4886423.05,1
C1725513942,1,4886423.05,1
C346707940,1,4863106.47,1
C2072616549,1,4863106.47,1
C1373089977,1,4841332.26,1
C1309662059,1,4841332.26,1
C1925322228,1,4830219.15,1
C73237279,1,4815187.09,1
C2093303821,1,4815187.09,1
C350442116,1,4758180.79,1
C1253561836,1,4758180.79,1
C320991755,1,4738282.28,1
C1200872138,1,4738282.28,1
C547279990,1,4737833.35,1
C1565281210,1,4737833.35,1
C66224368,1,4731371.88,1
C1561724492,1,4731371.88,1
C318179364,1,4720554.95,1
C1860004180,1,4720554.95,1
C34938557,1,4716307.48,1
C1424729422,1,4716307.48,1
C68101846,1,4713935.64,1
C62464448,1,4713935.64,1
C2144586539,1,4690769.98,1
C1603347069,1,4690769.98,1
C947826109,1,4677358.76,1
C725544013,1,4677358.76,1
C378592593,1,4672401.04,1
C1917884973,1,4672401.04,1
C900711437,1,4644693.12,1
C580926195,1,4644693.12,1
C1673286866,1,4640633.37,1
C1372520966,1,4640633.37,1
C434503423,1,4631432.03,1
C329899379,1,4631432.03,1
C280556441,1,4626269.69,1
C1824172019,1,4626269.69,1
C158509882,1,4623764.68,1
C1546968291,1,4623764.68,1
C1846115729,1,4602636.68,1
C1700286607,1,4602636.68,1
C99418495,1,4598089.88,1
C1079679103,1,4598089.88,1
C14138104,2,4597314.28,2
C877334652,1,4589441.44,1
C2103550727,1,4589441.44,1
C910594371,1,4582074.51,1
C2088124795,1,4582074.51,1
C418157803,1,4574246.75,1
C217088344,1,4574246.75,1
C560881857,1,4559921.56,1
C1331350711,1,4559921.56,1
C49397017,1,4553004.39,1
C1139368675,1,4553004.39,1
C1086076552,1,4531343.47,1
C1069720,1,4531343.47,1
C725918022,1,4526748.52,1
C360497591,1,4526748.52,1
C1970845004,1,4525901.25,1
C1783675813,1,4525901.25,1
C1978376659,1,4505012.56,1
C1848485369,1,4505012.56,1
C459252114,1,4483868.79,1
C366674827,1,4483868.79,1
C1133721990,1,4481768.26,1
C1077224856,1,4481768.26,1
C916277817,1,4480592.14,1
C354729462,1,4480592.14,1
C791106926,1,4454632.3,1
C1185406486,1,4454632.3,1
C988553635,1,4452001.07,1
C428749233,1,4452001.07,1
C377165949,1,4448598.93,1
C1401702546,1,4448598.93,1
C246500623,1,4445514.2,1
C126759793,1,4445514.2,1
C672316377,1,4438931.81,1
C2071706455,1,4438931.81,1
C690378183,1,4417191.86,1
C558432551,1,4417191.86,1
C470122126,1,4400457.84,1
C1968032236,1,4400457.84,1
C397644656,1,4375931.29,1
C1539861914,1,4375931.29,1
C736141903,1,4364760.42,1
C1421637972,1,4364760.42,1
C96592525,1,4354175.33,1
C817583819,1,4354175.33,1
C1903233179,1,4342582.37,1
C1219260366,1,4342582.37,1
C1767092108,1,4339822.23,1
C150352911,1,4339822.23,1
C1360905880,1,4309298.47,1
C1015754309,1,4309298.47,1
C1981314185,1,4294676.05,1
C1490211524,1,4294676.05,1
C1758624073,1,4262592.28,1
C1673497915,1,4262592.28,1
C1701205427,1,4257337.62,1
C1017016927,1,4257337.62,1
C590057207,1,4252656.95,1
C1104137869,1,4252656.95,1
C1082242132,1,4243468.19,1
C1079262309,1,4243468.19,1
C848830970,1,4222595.06,1
C488060391,1,4222595.06,1
C1786445505,1,4212682.84,1
C1265391231,1,4212682.84,1
C1907708290,1,4177467.46,1
C1559513408,1,4177467.46,1
C460771007,1,4162555.99,1
C1753867292,1,4162555.99,1
C94243065,1,4160888.06,1
C619527902,1,4160888.06,1
C357948041,1,4152987.1,1
C1248241557,1,4152987.1,1
C1983304819,1,4152435.91,1
C1391783413,1,4152435.91,1
C205094205,1,4135944.29,1
C2115142048,1,4130371.73,1
C1429996969,1,4130371.73,1
C2040628937,1,4129482.96,1
C1025216993,1,4129482.96,1
C72348796,1,4128853.75,1
C648717098,1,4128853.75,1
C719125515,1,4121986.59,1
C2135931580,1,4121986.59,1
C878693982,1,4104942.7,1
C1700021809,1,4104942.7,1
C358568461,1,4099382.36,1
C1426227397,1,4099382.36,1
C299514580,1,4075956.58,1
C251525429,1,4075956.58,1
C593736656,1,4032691.34,1
C1827237197,1,4032691.34,1
C1548348754,1,4022667.54,1
C1499489682,1,4022667.54,1
C1234529860,1,4022408.76,1
C303839764,1,4022098.69,1
C295800358,1,4022098.69,1
C340828714,1,4017972.88,1
C1483869567,1,4017972.88,1
C485003808,1,4011314.1,1
C1583412522,1,4011314.1,1
C750074708,1,4009058.39,1
C637394241,1,4009058.39,1
C362023079,1,3996798.71,1
C1069699196,1,3996798.71,1
C784710502,1,3973479.44,1
C1550636645,1,3973479.44,1
C883677752,1,3972968.92,1
C680273351,1,3972968.92,1
C536142403,1,3968964.4,1
C1068730301,1,3968964.4,1
C2109925830,1,3965182.83,1
C1008141615,1,3965182.83,1
C1571546632,1,3964129.99,1
C1140712423,1,3964129.99,1
C1652358920,1,3947541.37,1
C160187757,1,3947541.37,1
C833883362,1,3929113.14,1
C1288873537,1,3929113.14,1
C1708707330,1,3924102.18,1
C1387545582,1,3924102.18,1
C1420360945,1,3912252.81,1
C1094245797,1,3912252.81,1
C858291954,1,3904257.51,1
C1502171587,1,3904257.51,1
C1330478726,1,3892156.3,1
C1003909463,1,3892156.3,1
C2143229891,1,3890627.92,1
C1688196964,1,3890627.92,1
C753327300,1,3887853.15,1
C1303439903,1,3887853.15,1
C54612631,1,3879669.76,1
C2131616208,1,3879669.76,1
C210615466,1,3864609.52,1
C1742930465,1,3864609.52,1
C892636220,1,3857176.83,1
C78663667,1,3857176.83,1
C611870654,1,3846781.01,1
C154510923,1,3846781.01,1
C1371101627,1,3845765.36,1
C1000407130,1,3845765.36,1
C1566081912,1,3832058.34,1
C1124913173,1,3832058.34,1
C416664710,1,3794763.63,1
C1225791278,1,3794763.63,1
C98727471,1,3786438.03,1
C199886377,1,3786438.03,1
C2011756935,1,3774777.76,1
C1163108586,1,3774777.76,1
C811425759,1,3774746.08,1
C1220527232,1,3774746.08,1
C90361142,1,3760068.04,1
C675598051,1,3760068.04,1
C590901753,1,3752520.6,1
C1223255649,1,3752520.6,1
C546465873,1,3738574.9,1
C1052470250,1,3738574.9,1
C48297071,1,3735525.0,1
C1111269172,1,3735525.0,1
C863881747,1,3733104.07,1
C1160379813,1,3733104.07,1
C338472327,1,3731378.32,1
C1784541207,1,3731378.32,1
C537828065,1,3723738.06,1
C1219235880,1,3723738.06,1
C190775867,1,3718503.37,1
C1330039975,1,3718503.37,1
C369028557,1,3707342.38,1
C1640217168,1,3707342.38,1
C676671018,1,3695429.98,1
C305200409,1,3695429.98,1
C2110090279,1,3671853.86,1
C1192579273,1,3671853.86,1
C437308793,1,3653274.35,1
C175456218,1,3653274.35,1
C619550945,1,3644234.06,1
C1885652629,1,3644234.06,1
C581415324,1,3642569.29,1
C262568847,1,3642569.29,1
C548881736,1,3641525.7,1
C1651162496,1,3641525.7,1
C367657984,1,3640983.71,1
C105806122,1,3640983.71,1
C2028641482,1,3640271.29,1
C1038092429,1,3640271.29,1
C88210735,1,3608191.52,1
C377820093,1,3608191.52,1
C1935735129,1,3607917.73,1
C1883647961,1,3607917.73,1
C755069790,1,3606943.31,1
C1919783086,1,3606943.31,1
C248250646,1,3595911.39,1
C1757559397,1,3595911.39,1
C504240309,1,3592596.97,1
C1208224272,1,3592596.97,1
C1576120612,1,3588174.94,1
C1184434945,1,3588174.94,1
C212885805,1,3582885.46,1
C1201359775,1,3582885.46,1
C513573961,1,3580542.06,1
C296076520,1,3580542.06,1
C484597480,1,3576297.1,1
C2102646541,1,3574316.05,1
C1314506376,1,3574316.05,1
C1915229733,1,3572736.74,1
C1252527370,1,3572736.74,1
C837210602,1,3571807.73,1
C1705119196,1,3571807.73,1
C440567141,1,3569720.42,1
C365271329,1,3569720.42,1
C420013830,1,3567795.25,1
C1391718831,1,3567795.25,1
C1715461224,1,3551771.18,1
C149454749,1,3551771.18,1
C672862177,1,3551022.86,1
C355648963,1,3551022.86,1
C221266057,1,3547485.43,1
C1255659415,1,3547485.43,1
C401908877,1,3547010.54,1
C1618899924,1,3547010.54,1
C377406581,1,3542716.02,1
C1867928839,1,3542716.02,1
C1399829166,2,3540009.28,2
C1997890348,1,3523089.46,1
C1338642414,1,3523089.46,1
C958253769,1,3512572.72,1
C1250942546,1,3512572.72,1
C779119558,1,3492056.91,1
C105333987,1,3492056.91,1
C713202339,1,3490916.0,1
C138172146,1,3490916.0,1
C2021292359,1,3488355.65,1
C1279746199,1,3488355.65,1
C952807483,1,3486005.08,1
C1395248561,1,3486005.08,1
C1532877354,1,3477438.49,1
C1314676285,1,3477438.49,1
C1851909652,1,3457169.26,1
C1105913844,1,3457169.26,1
C1375290514,1,3455440.17,1
C112266797,1,3455440.17,1
C2039362232,1,3452538.75,1
C1096456296,1,3452538.75,1
C526266879,1,3444943.59,1
C1426710143,1,3444943.59,1
C1082139865,1,3441041.46,1
C2091086284,1,3439121.37,1
C1844668736,1,3439121.37,1
C793143843,1,3425386.69,1
C328014311,1,3425386.69,1
C412806203,1,3424092.39,1
C387457266,1,3424092.39,1
C931612164,1,3421212.04,1
C2067388128,1,3421212.04,1
C1211152705,1,3401641.0,1
C1191003760,1,3401641.0,1
C1885948994,1,3399575.93,1
C1347394914,1,3399575.93,1
C330559160,1,3379009.86,1
C1400878121,1,3379009.86,1
C236124320,1,3370781.65,1
C1045906528,1,3370781.65,1
C907385207,1,3354215.55,1
C1911997323,1,3354215.55,1
C903962920,1,3354200.39,1
C679714329,1,3354200.39,1
C939990653,1,3351304.78,1
C832338176,1,3351304.78,1
C2080860593,1,3339489.46,1
C1441419882,1,3339489.46,1
C560125098,1,3332748.16,1
C1563604269,1,3332748.16,1
C356153034,1,3309631.1,1
C229133194,1,3309631.1,1
C628493905,1,3302492.95,1
C314077583,1,3302492.95,1
C1975481357,1,3297243.38,1
C1948800216,1,3297243.38,1
C1976114093,1,3295227.84,1
C1560573396,1,3295227.84,1
C690110733,1,3288377.47,1
C579531437,1,3288377.47,1
C473805746,1,3285475.4,1
C1664358015,1,3285475.4,1
C857746237,1,3284197.88,1
C1710384366,1,3284197.88,1
C1812152397,1,3283695.97,1
C1618701019,1,3283695.97,1
C870722399,1,3263443.15,1
C106008304,1,3263443.15,1
C670256021,1,3260215.75,1
C297774281,1,3260215.75,1
C771492028,1,3244067.13,1
C1564547651,1,3244067.13,1
C177386089,1,3243092.91,1
C507441404,1,3242183.64,1
C1319935848,1,3242183.64,1
C527244596,1,3222396.0,1
C525235814,1,3222396.0,1
C1956024073,1,3210027.48,1
C1844870771,1,3210027.48,1
C1883340818,1,3206623.39,1
C1697378157,1,3206623.39,1
C761148090,1,3200818.85,1
C422970659,1,3200818.85,1
C915485442,1,3200270.32,1
C1947251824,1,3200270.32,1
C978277137,1,3191058.32,1
C906779007,1,3191058.32,1
C524837856,1,3178915.22,1
C1705969285,1,3178915.22,1
C900441286,1,3178881.71,1
C110798588,1,3178881.71,1
C1308068787,1,3171085.59,1
C1443408255,1,3156421.43,1
C1365109989,1,3156421.43,1
C314198067,1,3150438.28,1
C117597233,1,3150438.28,1
C659106449,1,3139423.35,1
C1840253816,1,3139423.35,1
C536531552,1,3120690.98,1
C2002380893,1,3120690.98,1
C639125907,1,3118811.65,1
C1511253622,1,3118811.65,1
C588633149,1,3116889.41,1
C584026670,1,3116889.41,1
C928051601,1,3116833.75,1
C863634081,1,3116833.75,1
C836881979,1,3105902.49,1
C1272462265,1,3105902.49,1
C1945517835,1,3097121.75,1
C1677375515,1,3097121.75,1
C447175296,1,3092085.39,1
C137816170,1,3092085.39,1
C884857756,1,3085336.66,1
C2127407367,1,3085336.66,1
C278143037,1,3080973.39,1
C1822459038,1,3080973.39,1
C643624257,2,3071716.97,2
C728538990,1,3071270.72,1
C116742531,1,3071270.72,1
C2100602462,1,3070709.95,1
C1524302218,1,3070709.95,1
C1829816934,1,3062506.58,1
C1738146204,1,3062506.58,1
C832267581,1,3054359.4,1
C657457029,1,3054359.4,1
C365773860,1,3049753.79,1
C29787245,1,3049753.79,1
C975347823,1,3043141.07,1
C189328986,1,3043141.07,1
C880626783,1,3042111.54,1
C1761711704,1,3042111.54,1
C1629716841,1,3028421.03,1
C1189187545,1,3028421.03,1
C834247001,1,3020974.53,1
C1579821297,1,3020974.53,1
C225008798,1,3019699.77,1
C1299567752,1,3019699.77,1
C895750711,1,3018810.85,1
C386359877,1,3018810.85,1
C250246729,1,3017156.01,1
C2071393401,1,3017156.01,1
C273422649,1,3011102.29,1
C1240944469,1,3011102.29,1
C1701261765,1,3009125.59,1
C1010618202,1,3009125.59,1
C1013511446,2,2994972.2,2
C1811125343,1,2988103.3,1
C1647613503,1,2988103.3,1
C423310949,1,2985840.4,1
C1728230521,1,2985840.4,1
C417695471,1,2984434.36,1
C2053136767,1,2983996.6,1
C1673836428,1,2983996.6,1
C788738425,1,2979972.78,1
C436096516,1,2979972.78,1
C1897067419,1,2960254.17,1
C1242379975,1,2960254.17,1
C1857536723,1,2949339.09,1
C1545590429,1,2949339.09,1
C528593406,1,2947783.87,1
C227659861,1,2947783.87,1
C2093110061,1,2942177.94,1
C1082370517,1,2942177.94,1
C187106136,1,2938833.22,1
C1105589576,1,2938833.22,1
C687662145,1,2935952.76,1
C409217818,1,2935952.76,1
C572426271,1,2934820.94,1
C1247448175,1,2934820.94,1
C932583850,1,2930418.44,1
C449261773,1,2930418.44,1
C2138456206,1,2927005.15,1
C1887744176,1,2927005.15,1
C1546411648,1,2926854.05,1
C1118723895,1,2926854.05,1
C1313698236,1,2925859.58,1
C114627668,1,2925859.58,1
C229406556,1,2925111.67,1
C1537390237,1,2925111.67,1
C2027686342,1,2923356.25,1
C1724629227,1,2923356.25,1
C258732542,1,2914653.69,1
C1503946435,1,2914653.69,1
C1765579007,1,2913787.08,1
C1707633180,1,2913787.08,1
C557033420,1,2911505.23,1
C1072804612,1,2911505.23,1
C669471346,1,2908264.69,1
C1170550501,1,2908264.69,1
C1814835688,1,2905831.61,1
C138574758,1,2905831.61,1
C824786916,1,2897907.81,1
C220917554,1,2897907.81,1
C857187005,1,2895954.99,1
C1293124691,1,2895954.99,1
C805918938,1,2887744.35,1
C1114261385,1,2887744.35,1
C315595990,1,2885466.96,1
C1562052816,1,2885466.96,1
C225882502,1,2876010.51,1
C1821408221,1,2876010.51,1
C443920202,1,2874626.02,1
C1646942207,1,2874626.02,1
C826178834,1,2873536.01,1
C144852879,1,2873536.01,1
C825395175,1,2871898.5,1
C1205312123,1,2871898.5,1
C32740114,1,2860852.43,1
C180584877,1,2860852.43,1
C289828816,1,2859010.61,1
C2025150574,1,2859010.61,1
C1601170327,2,2842694.99,2
C483349301,1,2828068.73,1
C382300309,1,2828068.73,1
C2047944461,1,2815893.17,1
C1303378449,1,2815893.17,1
C953537068,1,2799902.39,1
C469925272,1,2799902.39,1
C926776113,1,2776135.33,1
C1307403006,1,2776135.33,1
C1982168080,1,2772748.37,1
C1877132706,1,2772748.37,1
C27397338,1,2772043.9,1
C230089691,1,2772043.9,1
C619602282,1,2763398.31,1
C454424230,1,2763398.31,1
C897120803,1,2763025.35,1
C1939942308,1,2763025.35,1
C678830967,1,2758096.0,1
C651427607,1,2758096.0,1
C487414422,1,2757431.53,1
C1462250062,1,2757431.53,1
C1955850901,1,2756011.78,1
C1711138117,1,2756011.78,1
C380842084,1,2755588.11,1
C1183535106,1,2755588.11,1
C679271363,1,2754759.04,1
C1469107972,1,2754759.04,1
C1861630818,1,2754740.54,1
C1760625669,1,2754740.54,1
C929286459,1,2745923.02,1
C746124782,1,2745923.02,1
C2136505452,1,2740879.15,1
C1835896559,1,2740879.15,1
C1459518542,1,2739869.62,1
C1424435329,1,2739869.62,1
C97856418,1,2739248.3,1
C1576408634,1,2739248.3,1
C61517319,1,2737766.8,1
C31490801,1,2737766.8,1
C807091049,1,2728625.68,1
C58470057,1,2728625.68,1
C688711189,1,2723017.17,1
C373469427,1,2723017.17,1
C619524298,1,2720647.79,1
C1072954107,1,2720647.79,1
C1295775030,1,2709729.22,1
C1265889707,1,2709729.22,1
C231294595,1,2708906.59,1
C1330533329,1,2708906.59,1
C970796050,1,2701905.3,1
C428725863,1,2701905.3,1
C1910008940,1,2701644.17,1
C1701713893,1,2701644.17,1
C973050515,1,2694857.26,1
C1076792770,1,2694857.26,1
C598875397,1,2693520.61,1
C1750548903,1,2693520.61,1
C717389444,1,2689633.8,1
C1422177291,1,2689633.8,1
C2041291172,1,2686564.04,1
C1662761228,1,2686564.04,1
C2145122969,1,2684260.67,1
C1466122025,1,2684260.67,1
C627945196,1,2684142.41,1
C1442224179,1,2684142.41,1
C2116300479,1,2674794.22,1
C1860988881,1,2674794.22,1
C1868182822,1,2666139.51,1
C140141487,1,2666139.51,1
C401825929,1,2662734.59,1
C2143409210,1,2662734.59,1
C52390890,2,2662695.58,2
C580774916,1,2658595.89,1
C1791646487,1,2658595.89,1
C90138221,1,2656973.04,1
C899155690,1,2656973.04,1
C1817408357,1,2654302.46,1
C1593401972,1,2654302.46,1
C621396903,1,2651994.1,1
C1968421916,1,2651994.1,1
C933591789,1,2642116.95,1
C1903974200,1,2642116.95,1
C837578141,1,2641674.43,1
C1938257579,1,2641674.43,1
C1646300362,1,2634032.61,1
C1639263930,1,2634032.61,1
C56816688,1,2629417.41,1
C1853529603,1,2629417.41,1
C323116662,1,2627070.5,1
C1350764838,1,2627070.5,1
C966982427,1,2626957.79,1
C296287576,1,2626957.79,1
C391839907,1,2625132.51,1
C1373418055,1,2625132.51,1
C2075566592,1,2624422.62,1
C1127132914,1,2624422.62,1
C386229497,1,2612915.2,1
C1668522161,1,2612915.2,1
C669935594,1,2607790.58,1
C1475995578,1,2607790.58,1
C2117423610,1,2600970.32,1
C1424612838,1,2600970.32,1
C1877485591,1,2598276.05,1
C1438332987,1,2598276.05,1
C48279139,1,2582733.46,1
C1455938350,1,2582733.46,1
C294901618,1,2582642.18,1
C1763711623,1,2582642.18,1
C1793602231,1,2582313.07,1
C1201001488,1,2582313.07,1
C213455810,1,2581549.92,1
C1191561711,1,2581549.92,1
C848131266,1,2580055.17,1
C2047354099,1,2580055.17,1
C2087484651,1,2577489.07,1
C1054474053,1,2577489.07,1
C2045424554,1,2571605.04,1
C1532638647,1,2571605.04,1
C1815124854,1,2567602.1,1
C1457063167,1,2567602.1,1
C320568622,1,2562459.56,1
C1986745369,1,2562459.56,1
C210678404,1,2561698.04,1
C179997962,1,2561698.04,1
C642148524,1,2558618.27,1
C1104272087,1,2558618.27,1
C934748143,1,2554948.41,1
C52020613,1,2554948.41,1
C1742243055,1,2554662.97,1
C661958277,1,2542664.27,1
C985114937,1,2540410.33,1
C1723011411,1,2540410.33,1
C575638324,1,2539898.07,1
C581627997,1,2533650.09,1
C1844657396,1,2533650.09,1
C781288209,1,2517188.06,1
C778584295,1,2517188.06,1
C1720852348,1,2514878.33,1
C1670823514,1,2514878.33,1
C556652352,1,2498837.82,1
C524532968,1,2498837.82,1
C989926584,1,2498370.12,1
C167823915,1,2498370.12,1
C2133680119,1,2485467.28,1
C1522527202,1,2485467.28,1
C402103077,1,2480321.85,1
C1217650717,1,2480321.85,1
C946491737,1,2479940.21,1
C1769880049,1,2479940.21,1
C2100381776,1,2479767.72,1
C2045743358,1,2479767.72,1
C584068116,1,2479691.37,1
C1314078496,1,2479691.37,1
C382034420,1,2477661.97,1
C2073813717,1,2477661.97,1
C660528098,1,2472250.47,1
C576597272,1,2472250.47,1
C230952140,1,2468740.94,1
C1234144009,1,2468740.94,1
C995043220,1,2463190.9,1
C121750661,1,2463190.9,1
C983697974,1,2460110.25,1
C1879948586,1,2460110.25,1
C858620596,1,2451423.58,1
C1773822709,1,2451423.58,1
C1778202045,1,2433009.28,1
C1042226944,1,2433009.28,1
C821758097,1,2432747.48,1
C2003827425,1,2432747.48,1
C1289554700,1,2429711.09,1
C1041044080,1,2429711.09,1
C902434449,1,2426076.89,1
C1211515404,1,2426076.89,1
C1901947774,1,2425164.58,1
C1416694658,1,2425164.58,1
C64310148,1,2424380.16,1
C576226769,1,2424380.16,1
C47190955,1,2415826.18,1
C267089577,1,2415826.18,1
C636444299,1,2406332.79,1
C1327141186,1,2406332.79,1
C2044636303,1,2394623.8,1
C1778006925,1,2394623.8,1
C610460069,1,2393539.65,1
C1430994246,1,2393539.65,1
C1814093957,1,2392482.86,1
C1229385284,1,2392482.86,1
C2129842228,1,2391612.36,1
C1884304223,1,2391612.36,1
C2079293375,1,2388542.02,1
C1352079459,1,2388542.02,1
C1868096235,1,2388251.16,1
C1722945980,1,2388251.16,1
C701578249,1,2374490.77,1
C68780715,1,2374412.42,1
C222850866,1,2374412.42,1
C1533106811,1,2371324.81,1
C1091956539,1,2371324.81,1
C599318565,1,2360965.74,1
C1997052415,1,2360965.74,1
C70360442,1,2352524.18,1
C413966770,1,2352524.18,1
C2067219464,1,2344540.14,1
C130896876,1,2344540.14,1
C145912882,1,2343696.85,1
C1212506708,1,2343696.85,1
C586068817,1,2341474.44,1
C264963065,1,2341474.44,1
C550055858,1,2339743.18,1
C2101891775,1,2339743.18,1
C271271665,1,2333929.91,1
C1613053666,1,2333929.91,1
C1704168344,1,2331777.94,1
C1011506599,1,2331777.94,1
C411313831,1,2329379.8,1
C1426455605,1,2329379.8,1
C2024824316,1,2326251.51,1
C149376327,1,2326251.51,1
C1833411414,1,2324907.08,1
C1286348462,1,2324907.08,1
C658604431,1,2322909.69,1
C1075176822,1,2322909.69,1
C2043561429,1,2321633.57,1
C1296897597,1,2321633.57,1
C510193996,1,2319926.01,1
C1470265305,1,2319926.01,1
C2120902044,1,2312944.11,1
C1148944236,1,2312944.11,1
C752642533,1,2308798.26,1
C1649766027,1,2308798.26,1
C445922632,1,2305939.38,1
C1797345744,1,2305939.38,1
C12644050,1,2299330.46,1
C1217738819,1,2299330.46,1
C2021932305,1,2291498.65,1
C1988225772,1,2291498.65,1
C577003768,1,2284476.12,1
C335340729,1,2284476.12,1
C338862629,1,2277862.67,1
C1366837839,1,2277862.67,1
C881302071,1,2274766.1,1
C835515236,1,2274766.1,1
C961774996,1,2274566.61,1
C1985999765,1,2274566.61,1
C416462822,1,2271674.66,1
C324653076,1,2271674.66,1
C1450888906,1,2263927.04,1
C129557647,1,2263927.04,1
C273430415,1,2254934.36,1
C213999906,1,2254934.36,1
C1394440708,1,2254718.25,1
C1247462330,1,2254718.25,1
C986951874,1,2254417.02,1
C2017288249,1,2254417.02,1
C526945673,1,2253811.33,1
C1942317737,1,2253811.33,1
C785239841,1,2251225.38,1
C216058028,1,2251225.38,1
C1750636426,1,2249574.01,1
C1011054162,1,2249574.01,1
C2025243065,1,2248584.96,1
C1864787656,1,2248584.96,1
C822066250,1,2246118.53,1
C745454492,1,2246118.53,1
C950017248,1,2241630.36,1
C1421192075,1,2241630.36,1
C1297204700,1,2239461.29,1
C1247043439,1,2239461.29,1
C732697292,1,2232667.51,1
C1543135091,1,2232667.51,1
C877246848,1,2232257.71,1
C855824878,1,2232257.71,1
C417847795,1,2231580.5,1
C1510391871,1,2230432.56,1
C1235148349,1,2230432.56,1
C72798591,1,2222544.0,1
C1496380415,1,2222544.0,1
C551483536,1,2222008.27,1
C2101247370,1,2222008.27,1
C1877540885,1,2221683.68,1
C1160422569,1,2221683.68,1
C830333385,1,2219475.13,1
C1122874566,1,2219475.13,1
C967600004,1,2216703.82,1
C1014882378,1,2216703.82,1
C2112724407,1,2216437.25,1
C1149224320,1,2216437.25,1
C808764637,1,2209035.37,1
C126465799,1,2209035.37,1
C104038589,2,2202769.97,2
C679578786,1,2202575.1,1
C1752604611,1,2202575.1,1
C697783649,1,2198224.71,1
C247007952,1,2198224.71,1
C851338379,1,2198220.97,1
C362029597,1,2198220.97,1
C1163998762,1,2194533.79,1
C1027984317,1,2194533.79,1
C730906537,1,2190762.32,1
C424812377,1,2190762.32,1
C814466553,1,2189170.39,1
C337441820,1,2189170.39,1
C1641999884,1,2184556.65,1
C1476073685,1,2184556.65,1
C1283463094,1,2178303.49,1
C1264552873,1,2178303.49,1
C595351088,1,2177218.43,1
C1075348177,1,2177218.43,1
C413773455,1,2175288.9,1
C2053528255,1,2175288.9,1
C1921605128,1,2173367.35,1
C1412203460,1,2173367.35,1
C925758982,1,2169679.91,1
C329029721,1,2169679.91,1
C1515597867,1,2163012.63,1
C1258619985,1,2163012.63,1
C1486162037,1,2155569.91,1
C1084525983,1,2155569.91,1
C2129452357,1,2154005.71,1
C1368085881,1,2154005.71,1
C1456746018,1,2153055.36,1
C1437440684,1,2153055.36,1
C2107203461,1,2149976.69,1
C1396705699,1,2149976.69,1
C1665512792,1,2149658.47,1
C1197995653,1,2149658.47,1
C501280303,1,2147778.33,1
C415699959,1,2147778.33,1
C602397056,1,2145934.81,1
C466866036,1,2145934.81,1
C268982217,1,2144208.23,1
C1004490006,1,2144208.23,1
C37665985,1,2142164.0,1
C1002183297,1,2142164.0,1
C1796866708,1,2140888.35,1
C1419097479,1,2140888.35,1
C2108426428,1,2137134.15,1
C136063013,1,2137134.15,1
C634573611,1,2136099.59,1
C1582467338,1,2136099.59,1
C1681916503,1,2135320.18,1
C1436830952,1,2135320.18,1
C60624550,1,2131624.18,1
C1607775090,1,2131624.18,1
C1354064635,1,2123610.45,1
C1232151858,1,2123610.45,1
C875816541,1,2120266.89,1
C761922099,1,2120266.89,1
C1812394999,1,2118548.31,1
C1328187730,1,2118548.31,1
C925171074,1,2117503.53,1
C251292280,1,2117503.53,1
C76366495,1,2115503.99,1
C1734499928,1,2115503.99,1
C645604137,1,2113271.99,1
C1812574697,1,2113271.99,1
C916183053,1,2111475.81,1
C1874985982,1,2111475.81,1
C1376298788,1,2109967.47,1
C107234774,1,2109967.47,1
C611078934,1,2108589.59,1
C121014715,1,2108589.59,1
C233159904,1,2108440.98,1
C224105862,1,2108440.98,1
C875169937,1,2107997.33,1
C719805094,1,2107997.33,1
C1370256031,1,2100951.58,1
C1076282619,1,2100951.58,1
C282355647,1,2096634.43,1
C106378482,1,2096634.43,1
C653396783,1,2095699.93,1
C1703277739,1,2095699.93,1
C207611232,1,2093951.47,1
C166839225,1,2093951.47,1
C2107562172,1,2085274.39,1
C1987694854,1,2085274.39,1
C989495920,1,2085019.56,1
C50003674,1,2085019.56,1
C663298413,1,2082884.49,1
C19320432,1,2082884.49,1
C314805116,1,2081051.56,1
C1502060896,1,2081051.56,1
C884992368,1,2079746.13,1
C1140317769,1,2079746.13,1
C804306879,1,2075328.73,1
C1865051684,1,2075328.73,1
C754249835,1,2070939.88,1
C62106011,1,2070939.88,1
C521252518,1,2070814.27,1
C1776402146,1,2070814.27,1
C285826944,1,2068313.94,1
C1131834798,1,2068313.94,1
C559485820,1,2068118.36,1
C1752658199,1,2066848.27,1
C1147862541,1,2066848.27,1
C2027569559,1,2066467.64,1
C1281019843,1,2066467.64,1
C575000794,1,2066446.27,1
C157857444,1,2066446.27,1
C674126577,1,2060748.45,1
C1288050386,1,2060748.45,1
C706638819,1,2059980.16,1
C1564280287,1,2059980.16,1
C44991297,1,2058961.66,1
C1142044922,1,2058961.66,1
C919133464,1,2056779.24,1
C738912638,1,2056779.24,1
C499193602,1,2054631.55,1
C304432488,1,2054631.55,1
C1670523748,1,2052851.64,1
C1035537848,1,2052851.64,1
C1996747267,1,2050727.81,1
C807998987,1,2046684.58,1
C1611647330,1,2046684.58,1
C988753376,1,2044841.02,1
C1552135476,1,2044841.02,1
C2110335244,1,2040374.55,1
C1222558935,1,2040374.55,1
C979217194,1,2040209.74,1
C646526180,1,2040209.74,1
C879181600,1,2031464.82,1
C434640049,1,2031464.82,1
C1993805294,1,2028897.08,1
C18335029,1,2028897.08,1
C467042735,1,2026529.56,1
C1306842666,1,2026529.56,1
C760531323,1,2025628.87,1
C1155430613,1,2025628.87,1
C338077337,1,2023920.09,1
C193080093,1,2023920.09,1
C960046463,1,2019508.99,1
C862850216,1,2019508.99,1
C1805553546,1,2016790.84,1
C1778895918,1,2016790.84,1
C952860691,1,2011285.35,1
C2068002709,1,2011285.35,1
C154319946,1,2000718.2,1
C1180976855,1,2000718.2,1
C617888697,1,1998327.96,1
C279654004,1,1998327.96,1
C1951018311,1,1994525.04,1
C1227773063,1,1994525.04,1
C801773447,1,1994285.14,1
C304787673,1,1994285.14,1
C928608101,1,1989311.31,1
C1694026164,1,1989311.31,1
C824562042,1,1980800.05,1
C1969956684,1,1980800.05,1
C14438406,1,1976666.45,1
C1066958378,1,1976666.45,1
C88316037,1,1975271.77,1
C1943513449,1,1975271.77,1
C579837876,1,1974352.3,1
C1091334879,1,1974352.3,1
C932961272,1,1968431.0,1
C1424764203,1,1968431.0,1
C765536045,1,1968008.53,1
C1779956771,1,1968008.53,1
C895676218,1,1965786.11,1
C829764239,1,1965786.11,1
C840839680,1,1962548.46,1
C2082743623,1,1962548.46,1
C316708626,1,1961426.59,1
C1396064859,1,1961426.59,1
C1922343800,1,1954854.24,1
C1009679725,1,1954854.24,1
C1727119878,1,1950373.54,1
C1544763161,1,1950373.54,1
C539311335,1,1950022.93,1
C1348689298,1,1950022.93,1
C195897320,1,1947831.96,1
C1195105937,1,1947831.96,1
C99537162,1,1947807.58,1
C37561886,1,1947807.58,1
C22390987,1,1946687.34,1
C1520186695,1,1946687.34,1
C93303375,1,1939519.45,1
C497497385,1,1939519.45,1
C1218665261,1,1938347.14,1
C1073035418,1,1938347.14,1
C338861738,1,1936403.59,1
C1180460308,1,1936403.59,1
C461905695,1,1933920.8,1
C235519584,1,1933121.35,1
C1809033078,1,1933121.35,1
C2032646914,1,1932200.59,1
C1082976131,1,1932200.59,1
C1658435128,1,1927403.83,1
C1547394308,1,1927403.83,1
C580102695,1,1917497.63,1
C114416170,1,1917497.63,1
C1540888387,1,1912961.16,1
C1353360075,1,1912961.16,1
C271369979,1,1911239.21,1
C1006459134,1,1911239.21,1
C392618235,1,1905476.22,1
C377873806,1,1905476.22,1
C613935961,1,1897921.7,1
C1253519573,1,1897921.7,1
C825722694,1,1895158.63,1
C467413357,1,1895158.63,1
C1773342001,1,1893451.73,1
C1434665173,1,1893451.73,1
C901067372,1,1892137.66,1
C1999528314,1,1892137.66,1
C1902245575,1,1891921.94,1
C1302223978,1,1891921.94,1
C575547051,1,1889351.63,1
C1055395176,1,1889351.63,1
C646623849,1,1871553.73,1
C1037207091,1,1871553.73,1
C173077042,1,1869237.83,1
C1510104619,1,1869237.83,1
C749177191,1,1868438.44,1
C236534502,1,1868438.44,1
C192399554,1,1864022.05,1
C1624455220,1,1864022.05,1
C800378513,1,1861928.35,1
C223760078,1,1861928.35,1
C714051433,1,1861008.32,1
C1308678191,1,1861008.32,1
C945064086,1,1860190.06,1
C1451093652,1,1860190.06,1
C1195646619,1,1858515.57,1
C1163824069,1,1858515.57,1
C916997939,1,1857935.57,1
C510333855,1,1857935.57,1
C1789882794,1,1848199.45,1
C115063912,1,1848199.45,1
C1805423931,1,1846748.79,1
C1691229227,1,1846748.79,1
C92525321,1,1844357.26,1
C1140609516,1,1844357.26,1
C2135177124,1,1842163.57,1
C2123813082,1,1842163.57,1
C493262477,1,1839972.36,1
C2017746701,1,1839972.36,1
C649284727,1,1835523.44,1
C565411980,1,1835523.44,1
C858007309,1,1832319.42,1
C1133002328,1,1832319.42,1
C835636847,1,1827209.07,1
C1156605990,1,1827209.07,1
C988790876,1,1825908.12,1
C1851310686,1,1825908.12,1
C1848964453,1,1822772.73,1
C107223532,1,1822772.73,1
C704744337,1,1822754.86,1
C421219545,1,1822754.86,1
C2116903748,1,1820864.64,1
C106425191,1,1820864.64,1
C2078394828,1,1819543.69,1
C112833674,1,1819543.69,1
C865759561,1,1819405.69,1
C524632299,1,1819405.69,1
C29406343,1,1814483.97,1
C1906797318,1,1814483.97,1
C498618435,1,1812161.42,1
C1343134099,1,1812161.42,1
C846200321,1,1810044.85,1
C1833702412,1,1810044.85,1
C478491777,1,1806516.34,1
C1363990077,1,1806516.34,1
C1897800945,1,1803411.53,1
C1657963478,1,1803411.53,1
C864699609,1,1798215.73,1
C163506875,1,1798215.73,1
C1872912414,1,1796406.6,1
C133275555,1,1796406.6,1
C553554525,1,1796069.2,1
C1057783924,1,1796069.2,1
C2123434459,1,1795622.71,1
C1793840709,1,1795622.71,1
C439525493,1,1789155.73,1
C1873285106,1,1789155.73,1
C78352329,1,1788729.73,1
C1581175229,1,1788729.73,1
C1789606671,1,1786247.31,1
C1347472124,1,1786247.31,1
C978822470,1,1783144.33,1
C57546675,1,1783144.33,1
C6004942,1,1782737.6,1
C2034377028,1,1782737.6,1
C1913190788,1,1778520.7,1
C1226050355,1,1778520.7,1
C1905990879,1,1777758.65,1
C1480456939,1,1777758.65,1
C354225366,1,1777674.32,1
C269162612,1,1777674.32,1
C50284383,1,1773151.32,1
C1995262823,1,1773151.32,1
C436837170,1,1767886.02,1
C1046637839,1,1767886.02,1
C636779273,1,1767112.66,1
C121024766,1,1767112.66,1
C1438776235,1,1766811.07,1
C1057271588,1,1766811.07,1
C28074896,1,1764389.11,1
C2133001459,1,1764389.11,1
C195893407,1,1764326.19,1
C1505742207,1,1764326.19,1
C229248099,1,1762680.47,1
C1032628517,1,1762680.47,1
C770424771,1,1761021.33,1
C1222847172,1,1761021.33,1
C790128788,1,1760546.42,1
C290813030,1,1760546.42,1
C1368065448,1,1760061.57,1
C1345313578,1,1760061.57,1
C692082136,1,1755647.81,1
C22170584,1,1755647.81,1
C363508140,1,1754597.44,1
C1947776397,1,1754597.44,1
C722968916,1,1752606.15,1
C1325425132,1,1752606.15,1
C256353022,1,1749325.14,1
C1200877577,1,1749325.14,1
C670879809,1,1748611.28,1
C1742807255,1,1748611.28,1
C1307118574,1,1746415.27,1
C1190598592,1,1746415.27,1
C803116137,2,1744765.69,2
C674523745,1,1743864.1,1
C1841390458,1,1743864.1,1
C826844861,1,1742012.06,1
C140983265,1,1742012.06,1
C247785956,1,1736804.93,1
C1950313114,1,1736804.93,1
C169356853,1,1735647.47,1
C154560289,1,1735647.47,1
C1457459211,1,1735525.5,1
C1069174246,1,1735525.5,1
C2133088178,1,1735466.52,1
C180492809,1,1735466.52,1
C2019281736,1,1732090.28,1
C1865669810,1,1732090.28,1
C1674262851,1,1722892.9,1
C14014864,1,1722892.9,1
C888712424,1,1720600.92,1
C2120663616,1,1720600.92,1
C2054556206,1,1715635.41,1
C159373411,1,1715635.41,1
C577804571,1,1710180.37,1
C1970232075,1,1710180.37,1
C915489737,1,1709224.02,1
C1794027928,1,1709224.02,1
C388097316,1,1698263.69,1
C1047966944,1,1698263.69,1
C266383440,1,1697655.62,1
C1102195380,1,1697655.62,1
C935560343,1,1697093.54,1
C1591408637,1,1697093.54,1
C959205237,1,1693962.01,1
C234112724,1,1693962.01,1
C1800908612,1,1688761.08,1
C1452777690,1,1688761.08,1
C476797859,1,1685692.11,1
C1739928353,1,1685692.11,1
C227472046,1,1684039.12,1
C689231463,1,1679154.56,1
C318965454,1,1679154.56,1
C1864215289,1,1676936.79,1
C1762009463,1,1676936.79,1
C309573869,1,1675153.28,1
C1466367171,1,1675153.28,1
C690992451,1,1674146.06,1
C1898150915,1,1674146.06,1
C1332058815,1,1673066.07,1
C1099214627,1,1673066.07,1
C571802760,1,1672570.76,1
C531695406,1,1672570.76,1
C493172655,1,1669143.57,1
C1078128267,1,1669143.57,1
C703136937,1,1665334.68,1
C223228023,1,1665334.68,1
C542333894,1,1663895.14,1
C1908037718,1,1663895.14,1
C679697619,1,1654055.02,1
C1560476015,1,1654055.02,1
C725249814,1,1653144.1,1
C1340837967,1,1653144.1,1
C2027305052,1,1651948.79,1
C1398042532,1,1651948.79,1
C603288664,1,1650856.19,1
C1707593251,1,1650856.19,1
C246301673,1,1650168.9,1
C1489598243,1,1650168.9,1
C1401780750,1,1649818.97,1
C1347315975,1,1649818.97,1
C267782135,1,1649039.58,1
C1436350970,1,1649039.58,1
C919670437,1,1648547.69,1
C1447772866,1,1648547.69,1
C2059240998,1,1646181.09,1
C1359428492,1,1646181.09,1
C300922639,1,1644749.94,1
C1340521967,1,1644749.94,1
C289680070,1,1644253.61,1
C1478004882,1,1644253.61,1
C993905449,1,1641792.79,1
C600757779,1,1641792.79,1
C2093967426,1,1639676.27,1
C1652158314,1,1639676.27,1
C742357003,1,1638865.05,1
C1376992525,1,1638865.05,1
C682431891,1,1637875.33,1
C624254500,1,1637875.33,1
C2143635145,1,1636403.22,1
C1609424366,1,1636403.22,1
C544429933,1,1634229.02,1
C12936598,1,1634229.02,1
C737740255,1,1634184.04,1
C265392838,1,1634184.04,1
C337996170,1,1633227.0,1
C1690006071,1,1633227.0,1
C1781841279,1,1632500.22,1
C1000836187,1,1632500.22,1
C262978946,1,1631640.02,1
C1597258791,1,1631640.02,1
C1535844228,1,1627389.26,1
C1443003835,1,1627389.26,1
C735369165,1,1621056.88,1
C296774789,1,1621056.88,1
C660991644,1,1619331.51,1
C553920581,1,1619331.51,1
C944268161,1,1619313.55,1
C435845039,1,1619313.55,1
C855243703,1,1613281.82,1
C382134181,1,1613281.82,1
C583505603,1,1610110.66,1
C1866292696,1,1610110.66,1
C2146348843,1,1608571.02,1
C1507119938,1,1608571.02,1
C1363796559,1,1600721.32,1
C1224355851,1,1600721.32,1
C1835585013,1,1595587.46,1
C1060758741,1,1595587.46,1
C37939872,1,1593189.25,1
C1913721465,1,1593189.25,1
C1658727792,1,1592602.27,1
C1236893670,1,1592602.27,1
C381034638,1,1591263.43,1
C2126274036,1,1591263.43,1
C717398565,1,1589763.63,1
C2138615216,1,1589763.63,1
C404647251,1,1589614.75,1
C195200661,1,1589614.75,1
C911709087,1,1586479.66,1
C546843305,1,1586479.66,1
C1915924384,1,1581441.8,1
C1036969884,1,1581441.8,1
C1873712086,1,1576874.04,1
C1424577358,1,1576874.04,1
C1345448010,1,1576531.53,1
C1002538556,1,1576531.53,1
C651125124,1,1571565.56,1
C141149199,1,1571565.56,1
C1682101725,1,1567591.24,1
C1601875596,1,1567591.24,1
C996012482,1,1567549.99,1
C38219456,1,1567549.99,1
C737489499,1,1566057.28,1
C701554593,1,1566057.28,1
C372825955,1,1565621.39,1
C1291474697,1,1565621.39,1
C2102471265,1,1564952.45,1
C1455441371,1,1564952.45,1
C654151270,1,1562871.32,1
C1672277432,1,1562871.32,1
C1255502452,1,1561891.66,1
C1224081716,1,1561891.66,1
C915520756,1,1559540.62,1
C1786870760,1,1559540.62,1
C999708230,1,1555182.41,1
C1751345870,1,1555182.41,1
C388319905,1,1552664.33,1
C1230205848,1,1552664.33,1
C826187044,1,1548376.44,1
C2079585143,1,1548376.44,1
C1804433464,1,1547877.98,1
C1300753775,1,1547877.98,1
C2139688742,1,1543975.74,1
C1728741843,1,1543975.74,1
C882172287,1,1540624.7,1
C2037994906,1,1540624.7,1
C1572482192,1,1539687.27,1
C1129375709,1,1539687.27,1
C1800726477,1,1539474.57,1
C1646231147,1,1539474.57,1
C310163426,1,1536733.52,1
C175494293,1,1536733.52,1
C525486982,1,1536245.52,1
C1040401356,1,1536245.52,1
C1953014312,1,1534985.07,1
C1880907151,1,1534985.07,1
C361327171,1,1534926.96,1
C1149435896,1,1534926.96,1
C2064362362,1,1533798.48,1
C1610140948,1,1533798.48,1
C976257399,1,1532281.61,1
C829302750,1,1532281.61,1
C961098321,1,1532229.72,1
C522956447,1,1532229.72,1
C458386953,1,1530378.45,1
C1229558199,1,1530378.45,1
C865727492,1,1529614.71,1
C541691384,1,1529614.71,1
C974621415,1,1525742.02,1
C2132741249,1,1525742.02,1
C2126573735,1,1518718.03,1
C1981005862,1,1518718.03,1
C1907987459,1,1517771.48,1
C1700658534,1,1517771.48,1
C750076858,1,1516823.73,1
C657813915,1,1516823.73,1
C1192284712,1,1515291.19,1
C1023961494,1,1515291.19,1
C538717920,1,1506795.1,1
C2110704276,1,1506795.1,1
C47031596,1,1504870.33,1
C465144377,1,1504870.33,1
C820061836,1,1503297.45,1
C739347171,1,1503297.45,1
C984823123,1,1503034.86,1
C1523189277,1,1503034.86,1
C552512951,1,1501341.87,1
C1224774762,1,1501341.87,1
C768896772,1,1501297.88,1
C1582355721,1,1501297.88,1
C818905702,1,1500582.08,1
C1722207907,1,1500582.08,1
C345891541,1,1499869.54,1
C1163176037,1,1499869.54,1
C890750407,1,1498296.47,1
C228214204,1,1498296.47,1
C95880754,1,1495203.8,1
C1556905270,1,1495203.8,1
C258215915,1,1494831.65,1
C1758704619,1,1494831.65,1
C653403017,1,1494432.21,1
C165716979,1,1494432.21,1
C808534536,1,1494146.93,1
C1043010515,1,1494146.93,1
C967218202,1,1489970.0,1
C1016060070,1,1489970.0,1
C684555437,1,1489916.19,1
C2067948985,1,1489916.19,1
C344711118,1,1487505.07,1
C1674131234,1,1487505.07,1
C199707137,1,1486955.35,1
C1616444076,1,1486955.35,1
C867957105,1,1486052.97,1
C1711881431,1,1486052.97,1
C895432716,1,1476248.65,1
C534254918,1,1476248.65,1
C1135260060,1,1468304.35,1
C1082598322,1,1468304.35,1
C1474379579,1,1467987.57,1
C1336055115,1,1467987.57,1
C293921513,1,1467968.73,1
C1384352082,1,1467968.73,1
C2039650387,1,1467324.96,1
C1960732564,1,1467324.96,1
C609529822,1,1465173.76,1
C2086301492,1,1465173.76,1
C475837987,1,1464614.79,1
C1873232780,1,1464614.79,1
C1801696531,1,1464160.5,1
C1653697681,1,1464160.5,1
C2007796943,1,1464008.18,1
C1271941656,1,1464008.18,1
C89609219,1,1463764.35,1
C1173885211,1,1463764.35,1
C399994587,1,1462355.44,1
C373339841,1,1462355.44,1
C1743578484,1,1461930.03,1
C1636281428,1,1461930.03,1
C1736623686,1,1459180.14,1
C1165490053,1,1459180.14,1
C704248437,1,1457343.37,1
C1742997341,1,1457343.37,1
C1196762236,1,1457085.28,1
C1031027989,1,1457085.28,1
C576388440,1,1455839.54,1
C1197582921,1,1455839.54,1
C2047987740,1,1455382.05,1
C1248513597,1,1455382.05,1
C382918282,1,1454888.86,1
C2072999446,1,1454888.86,1
C819390198,1,1454592.61,1
C191950817,1,1454592.61,1
C921928556,1,1454356.81,1
C2104870243,1,1454356.81,1
C1653981424,1,1451083.08,1
C1279293168,1,1451083.08,1
C679483948,1,1448630.38,1
C1317594509,1,1448630.38,1
C950258202,1,1445166.74,1
C688244166,1,1445166.74,1
C266594026,1,1442075.9,1
C1842704131,1,1442075.9,1
C1429653947,1,1440705.58,1
C1061971573,1,1440705.58,1
C17820769,1,1438737.78,1
C1328999824,1,1438737.78,1
C1430125468,1,1437291.89,1
C1217960953,1,1437291.89,1
C715201096,1,1434440.31,1
C1581407467,1,1434440.31,1
C991335856,1,1433038.32,1
C725098002,1,1433038.32,1
C581503957,1,1431634.93,1
C1280077682,1,1431634.93,1
C490830466,1,1430050.84,1
C1640923473,1,1430050.84,1
C904300960,2,1427683.17,2
C2010547624,1,1425802.24,1
C1200745570,1,1425802.24,1
C54004768,1,1425062.97,1
C1474364019,1,1425062.97,1
C413417554,1,1424002.7,1
C2094181723,1,1424002.7,1
C341414106,1,1423627.83,1
C320130063,1,1423627.83,1
C95194783,1,1422963.14,1
C45991423,1,1422963.14,1
C483706610,1,1421665.98,1
C1583441435,1,1421665.98,1
C797703296,1,1418198.25,1
C1768881872,1,1418198.25,1
C343288009,1,1418168.85,1
C164163741,1,1418168.85,1
C967226405,2,1416085.46,2
C1677911450,1,1416055.74,1
C1565972600,1,1416055.74,1
C445084724,1,1411271.23,1
C285961012,1,1411271.23,1
C2036490087,1,1409248.64,1
C1935607545,1,1409248.64,1
C553804968,1,1400472.01,1
C516391420,1,1400472.01,1
C424524612,1,1399724.98,1
C1464428552,1,1399724.98,1
C777880922,1,1399637.19,1
C1804261014,1,1399637.19,1
C237977902,1,1398946.33,1
C1393670189,1,1398946.33,1
C154053358,1,1398633.34,1
C1235306495,1,1398633.34,1
C558846128,1,1398166.84,1
C1587152098,1,1398166.84,1
C298592695,1,1397689.48,1
C1693761421,1,1397689.48,1
C572895729,1,1397162.15,1
C724673427,1,1396824.94,1
C1549495686,1,1396824.94,1
C385133759,2,1396377.23,2
C1429415136,1,1395850.55,1
C762678995,1,1392337.38,1
C1347484785,1,1392337.38,1
C1914529575,1,1390332.39,1
C1288810506,1,1390332.39,1
C1780389653,1,1390048.67,1
C1479628852,1,1390048.67,1
C598780092,1,1388951.5,1
C2069118895,1,1388951.5,1
C634051834,1,1388774.78,1
C221253798,1,1388774.78,1
C2090609585,1,1387048.31,1
C1232695275,1,1387048.31,1
C526780230,1,1385945.61,1
C1749800529,1,1385945.61,1
C586813963,1,1383818.98,1
C1182308451,1,1383818.98,1
C922180689,1,1381513.27,1
C1464476266,1,1381513.27,1
C2132628284,1,1380940.73,1
C1803466498,1,1380940.73,1
C662399585,1,1379501.18,1
C1499411026,1,1379501.18,1
C2060264943,1,1372301.24,1
C1809017437,1,1372301.24,1
C601312976,1,1371322.0,1
C1980684210,1,1371322.0,1
C1534512884,1,1369544.19,1
C1267828367,1,1369544.19,1
C219699784,1,1368391.5,1
C845870432,1,1367340.03,1
C1875884022,1,1367340.03,1
C1527314462,1,1367070.94,1
C1305620964,1,1367070.94,1
C31164156,1,1363674.48,1
C1002151702,1,1363674.48,1
C2033398218,1,1351104.53,1
C1437688339,1,1351104.53,1
C907833742,1,1350574.58,1
C623650025,1,1350574.58,1
C1617123235,1,1348095.12,1
C1077760469,1,1348095.12,1
C462103796,1,1346264.61,1
C11026279,1,1346264.61,1
C1147517658,1,1343002.08,1
C1596756534,1,1340263.67,1
C1161141257,1,1340263.67,1
C528477947,1,1338487.47,1
C423402109,1,1338487.47,1
C221111810,1,1336901.11,1
C1491478238,1,1336901.11,1
C2090168733,1,1335959.76,1
C1595218853,1,1335959.76,1
C527460234,1,1334919.42,1
C121307567,1,1334919.42,1
C678151847,1,1330802.24,1
C1092309864,1,1330802.24,1
C1545375198,1,1323909.85,1
C1312657483,1,1323909.85,1
C782761393,1,1322277.84,1
C1855735331,1,1322277.84,1
C402356824,1,1321984.45,1
C1455896575,1,1321984.45,1
C1609262789,1,1321091.25,1
C1040572676,1,1321091.25,1
C961243143,1,1319703.76,1
C2071973719,1,1319703.76,1
C914441096,1,1318024.48,1
C2100824966,1,1318024.48,1
C1970513105,1,1314897.11,1
C1556017214,1,1314897.11,1
C898200380,1,1314660.84,1
C464467238,1,1314660.84,1
C180207582,1,1312947.27,1
C1345805735,1,1312947.27,1
C492082350,1,1312694.5,1
C1920187579,1,1312694.5,1
C1584873843,1,1312406.14,1
C1421025429,1,1312406.14,1
C839360691,1,1311150.9,1
C721605153,1,1311150.9,1
C921559397,1,1309940.05,1
C1496286083,1,1309940.05,1
C992060684,1,1309602.55,1
C11257751,1,1309602.55,1
C1716850817,1,1307156.17,1
C1640699182,1,1307156.17,1
C861191162,1,1306690.61,1
C1382644592,1,1306690.61,1
C1715910544,1,1305754.09,1
C1527197718,1,1305754.09,1
C786060499,1,1303543.6,1
C1545532568,1,1303543.6,1
C1976403391,1,1303029.52,1
C1309625211,1,1303029.52,1
C1813636275,1,1301410.68,1
C1385992736,1,1301410.68,1
C808323881,1,1301090.39,1
C672563653,1,1301090.39,1
C279309247,1,1299860.86,1
C215244777,1,1299860.86,1
C17300850,1,1298920.78,1
C1653962033,1,1298920.78,1
C1673264312,1,1298609.73,1
C1213183928,1,1298609.73,1
C1503189539,1,1293595.52,1
C1470544838,1,1293595.52,1
C66079679,1,1290619.25,1
C472356199,1,1290619.25,1
C254269192,1,1290224.84,1
C1404739013,1,1290224.84,1
C24324787,1,1290193.08,1
C1053414206,1,1290193.08,1
C935439037,1,1289142.33,1
C1132120597,1,1289142.33,1
C160976870,1,1284959.39,1
C1196198165,1,1284959.39,1
C1714931087,1,1282971.57,1
C1365960800,1,1282971.57,1
C925896842,1,1282731.68,1
C1185532212,1,1282731.68,1
C2118381511,1,1281113.84,1
C1049862186,1,1281113.84,1
C716083600,1,1277212.77,1
C431687661,1,1277212.77,1
C391051128,1,1276300.86,1
C1094429579,1,1276300.86,1
C584314061,1,1275236.3,1
C329005682,1,1275236.3,1
C59790487,1,1273674.05,1
C315419844,1,1273674.05,1
C1954069781,1,1272493.9,1
C1882250121,1,1272493.9,1
C529741331,1,1270565.77,1
C1024005530,1,1270565.77,1
C802302527,1,1270564.34,1
C1167029703,1,1270564.34,1
C737006498,1,1268931.21,1
C1485135599,1,1268931.21,1
C831536312,1,1266752.6,1
C1934229125,1,1266752.6,1
C1783458447,1,1265656.44,1
C154881805,1,1265656.44,1
C804016361,1,1265379.37,1
C1744617229,1,1265379.37,1
C469694911,1,1265033.25,1
C1270749460,1,1265033.25,1
C1780665537,1,1264551.38,1
C1464410535,1,1264551.38,1
C526059376,1,1263340.66,1
C1840377384,1,1263340.66,1
C391244346,1,1262207.3,1
C2145717335,1,1262207.3,1
C2065571407,1,1259972.05,1
C1107140692,1,1259972.05,1
C833477645,1,1258956.71,1
C314012937,1,1258956.71,1
C1470998563,1,1258818.82,1
C1240760502,1,1258818.82,1
C56779001,1,1258706.84,1
C567530691,1,1258706.84,1
C826954839,1,1254775.16,1
C1801693441,1,1254775.16,1
C663883872,1,1254092.1,1
C1989484801,1,1254092.1,1
C834380248,1,1253358.42,1
C1340510647,1,1253358.42,1
C62441091,1,1249721.72,1
C1839188526,1,1249721.72,1
C603927604,1,1248344.84,1
C1931212575,1,1248344.84,1
C970108067,1,1246169.57,1
C814716597,1,1246169.57,1
C1545423847,1,1244224.16,1
C1125303193,1,1244224.16,1
C303070069,1,1244037.74,1
C1015051610,1,1244037.74,1
C2030405592,1,1243269.91,1
C2026102647,1,1243269.91,1
C749611151,1,1242226.78,1
C522493540,1,1242226.78,1
C491626410,1,1241118.86,1
C375267568,1,1241118.86,1
C989949797,1,1240717.75,1
C853827129,1,1240717.75,1
C239895183,1,1235544.92,1
C1558094676,1,1235544.92,1
C786585564,1,1232697.94,1
C449117351,1,1232697.94,1
C2078443613,1,1232239.39,1
C2042858776,1,1232239.39,1
C1907745534,1,1232013.7,1
C1135653502,1,1232013.7,1
C287066549,1,1231309.64,1
C168611895,1,1231309.64,1
C2032479397,1,1226390.31,1
C1063512541,1,1226390.31,1
C836948657,1,1221900.21,1
C691637954,1,1221900.21,1
C967785353,1,1219062.64,1
C1229695480,1,1219062.64,1
C849028719,1,1218165.88,1
C550179566,1,1218165.88,1
C1908319524,1,1215297.01,1
C1653022223,1,1215297.01,1
C570490831,1,1214511.61,1
C1291615113,1,1214511.61,1
C1259079602,2,1214480.35,2
C758612821,1,1205760.86,1
C131871009,1,1205760.86,1
C1258193111,1,1202443.49,1
C1237289789,1,1202443.49,1
C411880300,1,1201681.76,1
C1995455020,1,1201681.76,1
C899185516,1,1200702.71,1
C554572940,1,1200702.71,1
C644163395,2,1196176.06,2
C245564009,1,1195842.37,1
C1552849727,1,1195842.37,1
C923916676,1,1191669.35,1
C2014043913,1,1191669.35,1
C550830618,1,1191399.72,1
C213105039,1,1191399.72,1
C1887453436,1,1191183.65,1
C1802674568,1,1191183.65,1
C322342819,1,1189986.88,1
C1868266376,1,1189986.88,1
C273240830,1,1186725.39,1
C1970958530,1,1186725.39,1
C726467776,1,1185157.78,1
C478572372,1,1185157.78,1
C707993034,1,1182557.97,1
C4347362,1,1182557.97,1
C253088101,1,1179716.49,1
C1006926522,1,1179716.49,1
C1670584857,1,1179162.08,1
C1668428176,1,1179162.08,1
C811273575,1,1177100.83,1
C2038304513,1,1177100.83,1
C657638073,1,1172700.63,1
C339280589,1,1172700.63,1
C1862839091,1,1171751.17,1
C1501386709,1,1171751.17,1
C538567441,1,1170282.92,1
C1318550066,1,1170282.92,1
C1563520398,1,1170213.18,1
C1143989341,1,1170213.18,1
C794646915,1,1168274.14,1
C1732055737,1,1168274.14,1
C39436311,1,1167816.02,1
C242203557,1,1167816.02,1
C784775373,1,1165187.89,1
C519508909,1,1165187.89,1
C184686299,1,1165187.89,1
C1693214292,1,1165187.89,1
C956043310,1,1165171.47,1
C372062896,1,1165171.47,1
C2040690699,1,1164448.96,1
C144473930,1,1164448.96,1
C184163720,1,1162672.01,1
C1730549845,1,1162672.01,1
C576020247,1,1162155.11,1
C153438259,1,1162155.11,1
C537531657,1,1161495.82,1
C1966002811,1,1161495.82,1
C706563298,1,1160652.82,1
C1479799057,1,1160652.82,1
C753294247,1,1159831.33,1
C1533859543,1,1159831.33,1
C679367763,1,1159010.44,1
C1229046559,1,1159010.44,1
C2121955514,1,1158396.74,1
C1873402307,1,1158396.74,1
C593287282,1,1158373.23,1
C152963065,1,1158373.23,1
C1317682776,1,1158358.08,1
C1179545940,1,1158358.08,1
C607981921,1,1158070.88,1
C1115591594,1,1158070.88,1
C791288135,1,1157971.07,1
C355172230,1,1157971.07,1
C846511826,1,1155819.58,1
C2045107453,1,1155819.58,1
C1317404545,1,1155128.91,1
C1162744412,1,1155128.91,1
C150406565,1,1154353.99,1
C1195589213,1,1154353.99,1
C503187558,1,1153200.73,1
C237111341,1,1153200.73,1
C2113625922,1,1153156.0,1
C1041543827,1,1153156.0,1
C1922711956,1,1152538.9,1
C1101565058,1,1152538.9,1
C179427738,1,1150717.15,1
C1280843273,1,1150717.15,1
C1871742999,1,1150561.97,1
C1094225384,1,1150561.97,1
C72945971,1,1150413.99,1
C1746289877,1,1150413.99,1
C514013862,1,1146381.44,1
C1774696541,1,1146381.44,1
C183389809,1,1144089.37,1
C1107369132,1,1144089.37,1
C351378150,1,1143937.73,1
C1495554758,1,1143937.73,1
C1827800010,2,1140481.06,2
C923969189,1,1139983.15,1
C506708945,1,1139983.15,1
C2065608692,1,1139165.57,1
C1417680063,1,1139165.57,1
C220508389,1,1138384.29,1
C135531312,1,1138384.29,1
C632641086,1,1137603.28,1
C1280720462,1,1137603.28,1
C9599628,1,1136374.62,1
C348031801,1,1136374.62,1
C464009928,1,1132311.86,1
C2060716124,1,1132311.86,1
C1612235515,1,1131750.38,1
C1002454874,1,1131750.38,1
C2126609733,1,1129884.18,1
C1975305951,1,1129884.18,1
C715458318,1,1128579.71,1
C1467611421,1,1128579.71,1
C1847574055,1,1128131.99,1
C114022304,1,1128131.99,1
C185805228,2,1124385.07,2
C1745434943,1,1123639.01,1
C1183190290,1,1123639.01,1
C587188586,1,1123561.68,1
C538661860,1,1123561.68,1
C870195127,1,1122827.94,1
C228352671,1,1122827.94,1
C960827392,1,1122508.34,1
C2005952436,1,1122508.34,1
C500640535,1,1116508.49,1
C18004144,1,1116508.49,1
C1409527805,1,1112204.51,1
C1134558606,1,1112204.51,1
C173424746,1,1108140.19,1
C1046726968,1,1108140.19,1
C872339657,1,1106295.77,1
C243729608,1,1106295.77,1
C948778919,1,1102951.39,1
C228891434,1,1102951.39,1
C528690672,1,1102791.66,1
C1042117243,1,1102791.66,1
C1880832297,1,1102133.9,1
C1610372134,1,1102133.9,1
C834643638,1,1101871.13,1
C1024816924,1,1101871.13,1
C2134101004,1,1097309.24,1
C2024942087,1,1097309.24,1
C644345897,1,1096187.24,1
C2063275841,1,1096187.24,1
C31581400,1,1094419.89,1
C1910771897,1,1094419.89,1
C203085340,1,1093155.19,1
C1747066716,1,1093155.19,1
C158741308,1,1091589.88,1
C1363621822,1,1091589.88,1
C2096346343,1,1090527.71,1
C1813486985,1,1090527.71,1
C1906681343,1,1086227.44,1
C1745741148,1,1086227.44,1
C1581687599,1,1085637.56,1
C1064567159,1,1085637.56,1
C717644112,1,1084144.37,1
C1377230144,1,1084144.37,1
C1669827303,1,1083860.21,1
C1389958255,1,1083860.21,1
C916906045,1,1082718.08,1
C2094758732,1,1082718.08,1
C634269340,1,1082308.05,1
C105774839,1,1082308.05,1
C997567120,1,1082200.06,1
C1386066751,1,1082200.06,1
C277510102,1,1078013.76,1
C220661112,1,1077146.94,1
C1802173286,1,1077146.94,1
C1739925176,1,1076739.91,1
C1057721506,1,1076739.91,1
C851327636,1,1076518.28,1
C697444332,1,1076518.28,1
C867904898,1,1072345.79,1
C1178875500,1,1072345.79,1
C217951439,1,1070857.97,1
C1686203571,1,1070857.97,1
C909074083,1,1070031.6,1
C2144732006,1,1070031.6,1
C284364603,1,1069508.42,1
C1813915360,1,1069508.42,1
C755630552,1,1068952.42,1
C1016759454,1,1068952.42,1
C411670460,1,1068398.61,1
C1921029903,1,1068398.61,1
C1489226533,1,1065787.82,1
C69741433,1,1064995.85,1
C174516315,1,1064995.85,1
C656468700,1,1064425.7,1
C1401301607,1,1064425.7,1
C662070365,1,1061482.24,1
C339002050,1,1061482.24,1
C679318933,1,1061353.33,1
C1094321538,1,1061353.33,1
C231455368,1,1059682.92,1
C122818160,1,1059682.92,1
C1999367128,1,1059347.56,1
C1705027319,1,1059347.56,1
C1653587362,2,1059053.98,2
C532433222,1,1058602.68,1
C1842449646,1,1058602.68,1
C1881816007,1,1057053.6,1
C1377648519,1,1057053.6,1
C359107555,1,1054244.29,1
C2096107271,1,1054244.29,1
C95497676,1,1052668.73,1
C493424930,1,1052668.73,1
C1628780736,1,1051018.15,1
C1221134387,1,1051018.15,1
C52022125,1,1050635.77,1
C189961618,1,1050135.78,1
C1726408560,1,1050135.78,1
C1813474981,1,1049586.54,1
C1080081723,1,1049586.54,1
C691520434,1,1049424.26,1
C154141586,1,1049424.26,1
C451731094,1,1049232.11,1
C280959828,1,1049232.11,1
C1848657199,1,1048388.34,1
C1200267069,1,1048388.34,1
C1870887119,1,1048100.0,1
C1868986147,1,1048100.0,1
C1354584978,1,1043934.97,1
C1234389458,1,1043934.97,1
C937194908,1,1041647.06,1
C1673501963,1,1041647.06,1
C84195630,1,1040303.44,1
C774151171,1,1040303.44,1
C672400159,1,1036789.41,1
C1594778194,1,1036789.41,1
C353554883,1,1035401.2,1
C1644420879,1,1035401.2,1
C22852055,1,1033878.67,1
C1469065727,1,1033878.67,1
C1085840721,1,1032168.79,1
C1072956803,1,1032168.79,1
C357956588,1,1031608.37,1
C1639950711,1,1031608.37,1
C1683886957,1,1030417.74,1
C1254399120,1,1028515.56,1
C116028327,1,1028515.56,1
C1839908342,1,1028486.59,1
C1352876312,1,1028486.59,1
C641615589,1,1028326.5,1
C1316357800,1,1028326.5,1
C165602524,1,1028284.82,1
C161770106,1,1028284.82,1
C446782589,1,1027963.96,1
C1867593514,1,1027963.96,1
C562220345,1,1027260.28,1
C1485064978,1,1027260.28,1
C409414944,1,1027152.36,1
C1087566727,1,1027152.36,1
C638473168,1,1026684.46,1
C617492387,1,1026684.46,1
C1560262585,1,1026208.84,1
C106857650,1,1026208.84,1
C451693209,1,1025082.07,1
C108260141,1,1025082.07,1
C433479110,1,1023356.77,1
C1044001290,1,1023356.77,1
C833710849,1,1023189.9,1
C385233047,1,1023189.9,1
C197568140,1,1021194.38,1
C1028145204,1,1021194.38,1
C372035143,1,1021129.67,1
C2126217921,1,1021129.67,1
C948406463,1,1018800.91,1
C1264094330,1,1018800.91,1
C72963168,1,1018645.2,1
C1341894721,1,1018645.2,1
C497024092,1,1017016.67,1
C143653184,1,1017016.67,1
C2146216948,1,1016540.35,1
C1613524189,1,1016540.35,1
C345391268,1,1016302.6,1
C1458829900,1,1016302.6,1
C1976692197,1,1016081.0,1
C1305219704,1,1016081.0,1
C1664584911,1,1015051.7,1
C1194230727,1,1015051.7,1
C2092796486,1,1014816.16,1
C1007032757,1,1014816.16,1
C2130748212,1,1013208.77,1
C1927425831,1,1013208.77,1
C1382261132,1,1011606.26,1
C1247187194,1,1011606.26,1
C640332215,1,1011249.64,1
C2043222623,1,1011249.64,1
C74013301,1,1010857.38,1
C1664913171,1,1010857.38,1
C541074037,1,1005365.24,1
C14584832,1,1005365.24,1
C28830193,1,1005346.72,1
C1150675695,1,1005346.72,1
C597212846,1,1001446.44,1
C1017072686,1,1001446.44,1
C851937225,1,1001167.03,1
C625524494,1,1001167.03,1
C1877856948,1,998110.47,1
C183582904,1,998110.47,1
C2074418507,1,998086.61,1
C1507172682,1,998086.61,1
C1955464150,1,995710.58,1
C1692585098,1,995710.58,1
C91538557,1,994676.91,1
C2046097949,1,994676.91,1
C254839817,1,994453.2,1
C1386808946,1,993088.06,1
C1137450827,1,993088.06,1
C2129197098,2,991012.48,2
C330996980,1,990857.53,1
C1410772005,1,990857.53,1
C1551990809,1,990630.25,1
C125986945,1,990630.25,1
C775439776,1,989966.55,1
C1485453615,1,989966.55,1
C615181247,1,989954.57,1
C184438165,1,989954.57,1
C2145664965,1,989311.12,1
C1609979141,1,989311.12,1
C886672232,1,987591.59,1
C1363477592,1,987591.59,1
C182489820,1,987470.17,1
C1647906907,1,987470.17,1
C83459379,1,986876.27,1
C309078889,1,986876.27,1
C648043949,1,986623.96,1
C2102767053,1,986623.96,1
C665763176,1,985127.95,1
C1723976669,1,985127.95,1
C1506963745,1,983417.49,1
C1126082523,1,983417.49,1
C2003416160,1,982414.06,1
C1702975,1,982414.06,1
C1599619333,1,980310.0,1
C1467512212,1,980310.0,1
C702718253,1,978362.97,1
C1406548876,1,978362.97,1
C478742844,1,978261.98,1
C1776769189,1,978261.98,1
C481798847,1,978103.4,1
C1419555033,1,978103.4,1
C711079235,1,977805.62,1
C1381797613,1,977805.62,1
C1907001338,1,976830.22,1
C171474212,1,976830.22,1
C951633995,1,975389.94,1
C1736112221,1,975389.94,1
C1761064421,1,974452.84,1
C1435437474,1,974452.84,1
C354003512,1,973805.75,1
C141042490,1,973805.75,1
C1842012952,1,972920.87,1
C1033887610,1,972920.87,1
C222800798,1,972723.96,1
C1807976680,1,972723.96,1
C1009036787,1,972713.05,1
C1000855680,1,972713.05,1
C948349145,1,972142.03,1
C698155401,1,972142.03,1
C85938481,1,972009.75,1
C1692249598,1,972009.75,1
C1167936377,1,971133.63,1
C1032131378,1,971133.63,1
C379384197,1,969259.07,1
C1088026094,1,969259.07,1
C1585189604,1,968651.23,1
C137145524,1,968651.23,1
C908864570,1,967954.01,1
C1367255869,1,967954.01,1
C917661354,1,967153.5,1
C1137540009,1,967153.5,1
C870252964,1,966389.93,1
C232228089,1,966389.93,1
C1770878693,1,966222.5,1
C1048196142,1,966222.5,1
C69373122,1,964876.58,1
C1782972951,1,964876.58,1
C629649964,1,964544.37,1
C1813204212,1,964544.37,1
C215273988,1,964388.1,1
C2061604304,1,964388.1,1
C5335612,1,963966.56,1
C1907611858,1,963966.56,1
C991505714,1,963532.14,1
C268086000,1,963532.14,1
C89588966,1,960306.85,1
C1035103148,1,960306.85,1
C650152764,1,960196.16,1
C37274992,1,960196.16,1
C2115087067,1,959018.79,1
C1361631138,1,959018.79,1
C941458024,1,957432.32,1
C1578069849,1,957432.32,1
C1969513501,1,955505.54,1
C1388436257,1,955505.54,1
C64488744,1,953615.38,1
C1434350285,1,953615.38,1
C782712589,1,953529.64,1
C771063877,1,953529.64,1
C357620620,1,952234.12,1
C2009843941,1,952234.12,1
C667076483,1,951451.17,1
C1967338222,1,951451.17,1
C1837027614,2,951189.9,2
C1824042945,1,950791.37,1
C137391139,1,950791.37,1
C837820627,1,950766.15,1
C1375613207,1,950766.15,1
C1655127778,1,949979.11,1
C1652005697,1,949979.11,1
C434428379,1,948288.3,1
C162417333,1,948288.3,1
C466527004,1,946705.53,1
C357888969,1,946705.53,1
C797897879,1,945131.85,1
C264512063,1,945131.85,1
C1546732203,1,945131.71,1
C1275965910,1,945131.71,1
C2099892089,1,940957.88,1
C1527942932,1,940957.88,1
C325441489,1,939518.05,1
C1637949405,1,939518.05,1
C1021865689,1,938288.58,1
C1006464744,1,938288.58,1
C243023678,1,936976.86,1
C1804412677,1,936976.86,1
C39269592,1,935790.41,1
C1708248220,1,935790.41,1
C628228012,1,934590.45,1
C1656492728,1,934590.45,1
C174559228,1,934314.89,1
C134109335,1,934314.89,1
C229575855,1,932922.6,1
C1507701948,1,932922.6,1
C257667736,1,932691.0,1
C1283620500,1,932691.0,1
C683421609,1,932304.24,1
C556594745,1,932304.24,1
C1918631578,1,931684.75,1
C1834538811,1,931684.75,1
C1461294954,1,930970.44,1
C1168246841,1,930970.44,1
C385537527,1,929787.24,1
C1768571590,1,929787.24,1
C57612044,1,929106.32,1
C1894579246,1,929106.32,1
C587273362,1,927729.13,1
C1908107274,1,927729.13,1
C762597253,1,927620.44,1
C1313128046,1,927620.44,1
C492573664,1,925579.57,1
C1728982613,1,925579.57,1
C559962002,1,924912.26,1
C453749910,1,924912.26,1
C427393645,1,921894.19,1
C1691436572,1,921894.19,1
C863042157,1,921668.95,1
C1484049545,1,921668.95,1
C867271501,1,921393.95,1
C765829328,1,921393.95,1
C1995515228,1,918087.96,1
C1559008731,1,918087.96,1
C1847588004,1,917014.64,1
C1414606558,1,917014.64,1
C1976314551,1,916886.3,1
C1212401014,1,916886.3,1
C2054229425,1,916644.03,1
C1989263119,1,916644.03,1
C742104229,1,915672.67,1
C1547228019,1,915672.67,1
C844650878,1,915266.65,1
C535285535,1,915266.65,1
C1804810309,1,913684.05,1
C1568271281,1,913684.05,1
C736357191,1,912950.54,1
C1728373339,1,912950.54,1
C539747264,1,912117.82,1
C254901264,1,912117.82,1
C437448683,1,911895.71,1
C1399213893,1,911895.71,1
C383086012,1,908858.12,1
C1766823822,1,908858.12,1
C345845243,1,908228.29,1
C180802048,1,908228.29,1
C1827219533,2,907503.17,2
C1770382625,1,907361.75,1
C1232800795,1,907361.75,1
C82363248,1,906270.63,1
C1315942882,1,906270.63,1
C450820106,1,905919.58,1
C232109757,1,905919.58,1
C591928998,1,904338.88,1
C1822887102,1,904338.88,1
C1725680409,1,904124.58,1
C1669065740,1,904124.58,1
C2142717530,1,902483.91,1
C150262836,1,902483.91,1
C261355078,1,900362.48,1
C119810144,1,900362.48,1
C28614156,1,899782.7,1
C156111080,1,899782.7,1
C402300594,1,897875.35,1
C1078117334,1,897875.35,1
C2016806245,1,897427.17,1
C1015137341,1,897427.17,1
C187205970,1,897131.97,1
C1138443516,1,897131.97,1
C556777856,1,895565.06,1
C1338000505,1,895565.06,1
C861479607,1,892376.71,1
C118884572,1,892376.71,1
C591861774,1,892213.56,1
C1034010238,1,892213.56,1
C21652868,1,891944.51,1
C1334770230,1,891944.51,1
C42915246,1,890964.06,1
C2053643947,1,890964.06,1
C471935282,1,888905.27,1
C1877166581,1,888905.27,1
C1695441224,1,887941.44,1
C1444631311,1,887941.44,1
C201404620,1,886592.76,1
C1755092826,1,886592.76,1
C1731783280,1,886588.02,1
C1603792241,1,886588.02,1
C1762365059,1,884821.37,1
C1452792493,1,884821.37,1
C504582825,1,883366.69,1
C1107573885,1,883366.69,1
C170544554,1,882637.83,1
C1202883151,1,882637.83,1
C1851353200,1,882011.04,1
C120939330,1,882011.04,1
C882992570,1,881811.11,1
C1105243161,1,881811.11,1
C372435481,1,881187.51,1
C291644544,1,881187.51,1
C665978376,1,880975.83,1
C1163515588,1,880975.83,1
C959410257,1,880661.14,1
C2020716565,1,880661.14,1
C1971770785,1,879810.51,1
C1451224315,1,879810.51,1
C703386437,1,879321.88,1
C2011342961,1,879321.88,1
C248420364,1,879136.17,1
C1475814137,1,879136.17,1
C905665675,1,878034.02,1
C1460468335,1,878034.02,1
C1940362937,1,876753.11,1
C1403814902,1,876753.11,1
C759025632,1,873356.47,1
C625389009,1,873356.47,1
C850044970,1,873322.61,1
C1352808930,1,873322.61,1
C1573144849,1,872199.82,1
C1065349988,1,872199.82,1
C505864940,1,871893.15,1
C2000039513,1,871893.15,1
C844559371,1,871745.76,1
C1626688758,1,871745.76,1
C183532439,1,868004.62,1
C1695916272,1,868004.62,1
C564977674,1,866712.19,1
C1234810608,1,866712.19,1
C197117096,1,865948.49,1
C1466511502,1,865948.49,1
C1523524779,1,864994.24,1
C1412133328,1,864994.24,1
C944216727,1,861406.83,1
C1872196255,1,861406.83,1
C1940750830,1,861189.54,1
C1172208987,1,861189.54,1
C2116199681,1,856386.66,1
C128909445,1,856386.66,1
C880907246,1,854550.85,1
C240791931,1,854550.85,1
C431850862,1,854065.31,1
C1508064575,1,854065.31,1
C936698630,1,850530.59,1
C2112578501,1,850530.59,1
C873221189,1,850002.52,1
C2080388513,1,850002.52,1
C1242120613,1,848134.57,1
C1230670919,1,848134.57,1
C1806358592,1,847383.45,1
C169598416,1,847383.45,1
C1898428967,1,846589.73,1
C1354035571,1,846589.73,1
C2098599173,1,844348.52,1
C1181413990,1,844348.52,1
C541525278,1,844213.81,1
C391747525,1,844213.81,1
C594998336,1,843174.04,1
C1037718749,1,843174.04,1
C676778137,1,842554.02,1
C356600887,1,842554.02,1
C611839321,1,841052.98,1
C1757751807,1,841052.98,1
C758775934,1,839077.79,1
C556669926,1,839077.79,1
C510808127,1,839008.91,1
C1321957985,1,839008.91,1
C690345380,1,837192.23,1
C525514833,1,837192.23,1
C1615749242,1,835770.84,1
C1608195896,1,835770.84,1
C1583598303,1,834592.4,1
C1330816547,1,834592.4,1
C685427542,1,834495.09,1
C1453130071,1,834495.09,1
C1237314192,1,834203.65,1
C1072132804,1,834203.65,1
C372865996,1,832811.84,1
C1131260473,1,832811.84,1
C377236919,1,831725.76,1
C1613034326,1,831725.76,1
C1757788418,1,830991.53,1
C1498742715,1,830991.53,1
C743070440,1,830803.43,1
C531342661,1,830803.43,1
C1312171922,1,830495.23,1
C1261092455,1,830495.23,1
C22428002,1,829885.13,1
C2021579766,1,829885.13,1
C846177864,1,829645.3,1
C618118021,1,829645.3,1
C801090621,1,829286.58,1
C2091222833,1,829286.58,1
C793816402,1,829012.31,1
C1422327407,1,829012.31,1
C366986030,1,828720.89,1
C957732076,1,827921.27,1
C1835346647,1,827921.27,1
C167433721,1,824841.09,1
C143683095,1,824841.09,1
C1857006828,1,822361.52,1
C1551302836,1,822361.52,1
C2008137353,1,821138.21,1
C1968363460,1,821138.21,1
C1469248112,1,819503.92,1
C669563371,1,819048.34,1
C1460010933,1,819048.34,1
C2311049,1,818639.22,1
C1402186956,1,818639.22,1
C253339392,1,816452.19,1
C1173805843,1,816452.19,1
C1883460887,1,815384.83,1
C1054116323,1,815384.83,1
C742632200,1,815297.9,1
C1910425961,1,815297.9,1
C253690179,1,814689.88,1
C1023330867,1,814689.88,1
C830306578,1,813992.49,1
C1506986844,1,813992.49,1
C808528635,1,813775.73,1
C1520619561,1,813775.73,1
C884699340,1,813133.35,1
C1200993280,1,813133.35,1
C2084986511,1,811459.21,1
C1529329683,1,811459.21,1
C638622205,1,810599.16,1
C1385705037,1,810599.16,1
C461145537,1,810039.19,1
C1095120189,1,810039.19,1
C997289329,1,807466.16,1
C1383531200,1,807466.16,1
C847232763,1,807278.78,1
C1084758402,1,807278.78,1
C1678656814,1,806863.3,1
C1519845212,1,806863.3,1
C97275892,1,806850.06,1
C1645115422,1,806850.06,1
C627099029,1,805319.81,1
C1975329762,1,805319.81,1
C2023785660,1,803794.53,1
C190485576,1,803794.53,1
C8323511,1,803441.31,1
C1135595077,1,803441.31,1
C749805705,1,803038.11,1
C1017913693,1,803038.11,1
C1344272821,1,802483.88,1
C1293054984,1,802483.88,1
C463164064,1,802421.39,1
C1846753958,1,802421.39,1
C172797825,1,802417.45,1
C1440068099,1,802417.45,1
C1570699013,1,802382.45,1
C1045004287,1,802382.45,1
C566073834,1,801763.51,1
C1336603610,1,801763.51,1
C1726841955,1,800115.05,1
C1306515045,1,800115.05,1
C704140771,1,800024.12,1
C414783966,1,800024.12,1
C2076141378,1,799797.88,1
C130302378,1,799797.88,1
C466144148,1,799517.33,1
C1770271268,1,799517.33,1
C1835954982,1,799123.57,1
C1038753033,1,799123.57,1
C202442750,1,798007.45,1
C1222965413,1,798007.45,1
C721674315,1,797710.8,1
C667043624,1,797710.8,1
C1895426954,1,797235.09,1
C1619575537,1,797235.09,1
C611099542,1,794421.26,1
C1781279814,1,794421.26,1
C317811789,1,793886.87,1
C1959131299,1,793886.87,1
C730262166,1,790332.43,1
C600765612,1,790332.43,1
C1300339615,1,788855.1,1
C1225375125,1,788855.1,1
C567741813,1,786573.0,1
C21231509,1,786573.0,1
C790067619,1,786480.78,1
C433336667,1,786480.78,1
C491276227,1,786278.72,1
C457437086,1,786278.72,1
C801984124,1,785323.0,1
C637091706,1,785323.0,1
C2040799056,1,781988.85,1
C1426895610,1,781988.85,1
C1927695058,1,781953.11,1
C1566512642,1,781953.11,1
C978336894,1,781183.07,1
C388526228,1,781183.07,1
C757331107,1,780687.45,1
C221378791,1,780687.45,1
C2086119,1,780066.22,1
C1417943880,1,780066.22,1
C262188325,1,777448.03,1
C1798782759,1,777448.03,1
C97544246,1,776303.43,1
C1422542191,1,776303.43,1
C1964948476,1,774868.1,1
C1812639726,1,774868.1,1
C843619874,1,774761.84,1
C1495991301,1,774761.84,1
C239130588,1,773926.81,1
C136745771,1,773926.81,1
C2122364089,1,773696.12,1
C204911747,1,773696.12,1
C656119442,1,772379.36,1
C1635587214,1,772379.36,1
C905835807,1,771024.82,1
C1392260750,1,771024.82,1
C770921525,1,769619.59,1
C1390885602,1,769619.59,1
C471258515,1,768520.15,1
C1982144545,1,768520.15,1
C340908219,1,767879.02,1
C289912687,1,767879.02,1
C513722658,1,767755.17,1
C2068840304,1,767755.17,1
C1906745138,1,766631.82,1
C1473416514,1,766631.82,1
C533828275,1,766257.55,1
C1046618860,1,766257.55,1
C550372434,1,766151.45,1
C432435900,1,766151.45,1
C423074299,1,765104.94,1
C2112033670,1,765104.94,1
C830994571,1,764646.4,1
C1696840371,1,764646.4,1
C508327884,1,763913.96,1
C1097845207,1,763913.96,1
C864236269,1,763170.76,1
C249184120,1,763170.76,1
C1949432790,1,762782.66,1
C1784796594,1,762782.66,1
C364400523,1,762135.72,1
C1951439287,1,760984.58,1
C1612257977,1,760984.58,1
C1796277088,1,760625.76,1
C1749746216,1,760625.76,1
C1623972064,1,759701.03,1
C1390800148,1,759701.03,1
C681255976,1,759257.55,1
C1470118163,1,759257.55,1
C844469689,1,758848.47,1
C25163995,1,758848.47,1
C995250059,1,757422.83,1
C1512688061,1,757422.83,1
C2046532666,1,757401.17,1
C1703328404,1,757401.17,1
C2118158219,1,756426.12,1
C1693181403,1,756426.12,1
C974221574,1,755813.12,1
C450761826,1,755813.12,1
C899674207,1,754874.26,1
C1817850202,1,754874.26,1
C1993661917,1,753723.54,1
C1927560310,1,753723.54,1
C810413951,1,752639.78,1
C13171795,1,752639.78,1
C450487671,1,751854.42,1
C1547774337,1,751854.42,1
C979680839,1,749316.7,1
C636887341,1,749316.7,1
C522001237,1,748726.81,1
C2062724919,1,748726.81,1
C1768725891,1,748139.48,1
C1620658775,1,748139.48,1
C849010584,1,747282.4,1
C2025644484,1,747282.4,1
C713376763,1,746518.21,1
C467067146,1,746518.21,1
C1601194258,1,745156.83,1
C1009906459,1,745156.83,1
C1497532505,2,744832.46,2
C723209092,1,743311.65,1
C260576763,1,743311.65,1
C897961171,1,742973.53,1
C1530694083,1,742973.53,1
C730500505,1,741277.85,1
C16659988,1,741277.85,1
C71447859,1,740124.95,1
C1794713001,1,740124.95,1
C695036887,1,739856.92,1
C1356176375,1,739856.92,1
C452552725,1,739584.33,1
C1232537312,1,739584.33,1
C484298628,1,737285.03,1
C235145980,1,737285.03,1
C1904435627,1,736677.36,1
C166405434,1,736677.36,1
C906453078,1,736521.51,1
C618622080,1,736521.51,1
C737745926,1,736370.54,1
C1063608678,1,736370.54,1
C375961798,1,735329.1,1
C1358165818,1,735329.1,1
C41986446,1,733119.42,1
C2013008658,1,733119.42,1
C38559733,1,732198.35,1
C10585515,1,732198.35,1
C437800178,1,731113.99,1
C1918590482,1,731113.99,1
C475338087,2,730733.52,2
C522357806,1,730677.5,1
C1056205727,1,730677.5,1
C2033875224,1,730574.39,1
C1291527211,1,730574.39,1
C1531239198,1,729078.34,1
C1097922403,1,729078.34,1
C925691503,1,728256.03,1
C1195588352,1,728256.03,1
C1773055339,1,727792.98,1
C1428966428,1,727792.98,1
C741569434,1,724414.43,1
C1642306592,1,724414.43,1
C737913546,1,724264.21,1
C657085942,1,724264.21,1
C66230253,1,723915.85,1
C1608490810,1,723915.85,1
C130285450,1,723782.37,1
C1010068445,1,723782.37,1
C674306325,1,722832.95,1
C100431989,1,722832.95,1
C1419788780,1,722380.88,1
C1401928307,1,722380.88,1
C234115776,1,718350.64,1
C2111981728,1,718350.64,1
C1780714769,2,717835.16,2
C1922098798,1,717046.74,1
C1402438091,1,717046.74,1
C1744308202,1,716273.17,1
C1590888168,1,716273.17,1
C1680177404,1,715662.13,1
C1181841918,1,715662.13,1
C482986731,1,714218.48,1
C1881116283,1,714218.48,1
C854835248,1,713404.6,1
C1132642715,1,713404.6,1
C143244543,1,712488.25,1
C141365964,1,712488.25,1
C608537873,1,711932.67,1
C1555994470,1,711932.67,1
C470068344,1,710385.55,1
C453650328,1,710385.55,1
C723136317,1,709950.57,1
C1688563256,1,709950.57,1
C1933220701,1,707870.44,1
C1733162010,1,707870.44,1
C523103800,1,705647.68,1
C1852963634,1,705647.68,1
C526627730,1,705529.08,1
C1084850642,1,705529.08,1
C359887652,1,704328.29,1
C1446253105,1,704328.29,1
C575658952,1,703882.14,1
C1631425585,1,703882.14,1
C782817814,1,703833.48,1
C1584778754,1,703833.48,1
C1710133326,1,703135.43,1
C1483704749,1,703135.43,1
C322369737,1,701707.89,1
C1367862566,1,701707.89,1
C30912856,1,701697.49,1
C1620887642,1,701697.49,1
C548676992,1,701168.78,1
C1652576276,1,701168.78,1
C1469541574,1,700523.69,1
C1372402495,1,700523.69,1
C1742143760,1,699183.61,1
C1408037662,1,699183.61,1
C317265884,1,697652.19,1
C234169662,1,697652.19,1
C1915139029,1,697226.2,1
C1656726101,1,696763.08,1
C1524019269,1,696763.08,1
C29466655,1,696575.46,1
C188876260,1,696575.46,1
C373573022,1,692984.55,1
C1865178469,1,692984.55,1
C1443148834,1,692895.24,1
C1337488224,1,692895.24,1
C1989613920,1,692743.57,1
C1400173995,1,692743.57,1
C1552080163,1,692654.27,1
C1275559183,1,692654.27,1
C1577097476,1,690510.31,1
C1346914355,1,690510.31,1
C83742367,1,688473.32,1
C43802286,1,688473.32,1
C362018196,1,688034.32,1
C1381364691,1,688034.32,1
C964592362,1,684796.16,1
C315115812,1,684266.09,1
C1122391470,1,684266.09,1
C870958103,1,684174.46,1
C1167066573,1,684174.46,1
C475334317,1,682309.83,1
C393947373,1,682309.83,1
C1783331478,1,682063.33,1
C1299909889,1,682063.33,1
C909892782,1,681525.62,1
C851594091,1,681525.62,1
C1894579301,1,681007.64,1
C1850161112,1,681007.64,1
C215387112,1,680224.41,1
C617022852,1,678058.75,1
C43114733,1,678058.75,1
C492841836,1,677563.22,1
C390478316,1,677563.22,1
C1677398142,1,677503.25,1
C1130686402,1,677503.25,1
C624338694,1,676913.69,1
C2049734595,1,676913.69,1
C1636966593,1,676882.33,1
C1618535858,1,676882.33,1
C674401902,1,674541.55,1
C1678643281,1,674541.55,1
C620731531,1,673722.73,1
C1015835310,1,673722.73,1
C1817291086,1,672812.53,1
C1009791419,1,672812.53,1
C1683016763,1,671516.68,1
C1017891074,1,671516.68,1
C1583299805,1,671406.79,1
C109645047,1,671406.79,1
C725115961,1,669627.43,1
C1491918880,1,669627.43,1
C45579719,1,669536.75,1
C407092830,1,669536.75,1
C57292104,1,668595.91,1
C1859562706,1,668595.91,1
C637708018,1,668473.23,1
C425934297,1,668473.23,1
C907656239,1,668273.94,1
C1319991270,1,668273.94,1
C471381554,1,667733.81,1
C1975743671,1,667733.81,1
C771768546,1,667257.72,1
C1530198582,1,667257.72,1
C29028630,1,667043.9,1
C1263000252,1,667043.9,1
C1606093829,1,665676.43,1
C1328394120,1,665676.43,1
C201700405,1,665489.33,1
C1320083995,1,665489.33,1
C332249974,1,664992.86,1
C1110499013,1,664992.86,1
C772286572,1,662276.78,1
C2141524320,1,662276.78,1
C1857340685,1,662104.87,1
C1772715697,1,662104.87,1
C1700734681,1,661558.27,1
C129318396,1,661558.27,1
C777809380,1,660746.19,1
C437134310,1,660746.19,1
C1639651535,1,658855.33,1
C1123290650,1,658855.33,1
C975876326,1,658637.38,1
C70514826,1,658637.38,1
C742045843,1,657417.64,1
C1745091361,1,657417.64,1
C268277254,1,656118.37,1
C1137673642,1,656118.37,1
C2110200242,1,655676.97,1
C1518840126,1,655676.97,1
C443990229,1,655294.3,1
C1630335689,1,655294.3,1
C349558333,1,654250.76,1
C1075308511,1,654250.76,1
C1731869105,1,653983.93,1
C1535144828,1,653983.93,1
C2069990042,1,653949.74,1
C1466275601,1,653151.55,1
C1355105404,1,653151.55,1
C362803701,1,652993.91,1
C1166857907,1,652993.91,1
C400200038,1,652782.54,1
C2109638287,1,652782.54,1
C1737159019,1,651477.38,1
C145427921,1,651477.38,1
C892400741,1,649968.87,1
C864356085,1,649968.87,1
C850364228,1,646676.42,1
C791586843,1,646676.42,1
C59005653,1,645135.6,1
C371291592,1,645135.6,1
C351734754,1,645104.5,1
C175407589,1,645104.5,1
C911995008,1,644781.76,1
C902583523,1,644781.76,1
C387448117,1,644314.67,1
C1506042377,1,644314.67,1
C598267252,1,643052.88,1
C1312240019,1,643052.88,1
C348795905,1,642364.74,1
C1755920310,1,642364.74,1
C1839236136,1,640648.06,1
C1282254449,1,640648.06,1
C359361897,1,639991.03,1
C2000520198,1,639991.03,1
C1011349802,1,639680.32,1
C799703422,1,639468.22,1
C348036671,1,639468.22,1
C557403398,1,638693.49,1
C1948809039,1,638693.49,1
C393990898,1,638487.85,1
C1551811070,1,638487.85,1
C916193312,1,636942.02,1
C310235538,1,636942.02,1
C2044514813,1,635409.32,1
C1551587601,1,635409.32,1
C1680241779,1,634911.47,1
C1352527302,1,634911.47,1
C198443055,1,634385.97,1
C1152394024,1,634385.97,1
C922817338,1,634046.89,1
C1276739496,1,634046.89,1
C533492345,1,633610.66,1
C1625958226,1,633610.66,1
C557127820,1,633459.44,1
C1413803153,1,633459.44,1
C299996818,1,633384.46,1
C1252960751,1,633384.46,1
C675358222,1,629958.0,1
C289330473,1,629958.0,1
C686334805,2,629142.78,2
C855476478,1,628697.26,1
C1072985725,1,628697.26,1
C1733340039,1,628033.58,1
C1565397957,1,628033.58,1
C1742570828,1,627903.12,1
C1726450502,1,627903.12,1
C833344626,1,627586.04,1
C1928207921,1,627586.04,1
C835286210,1,627088.33,1
C1984867155,1,627088.33,1
C617136418,1,626673.66,1
C1823914038,1,626673.66,1
C41563134,1,626195.24,1
C147889892,1,626195.24,1
C1786081115,1,624686.04,1
C1526048317,1,624686.04,1
C64387721,1,624015.52,1
C2081301197,1,624015.52,1
C565177857,1,623152.72,1
C1705815867,1,623152.72,1
C755984599,1,622235.32,1
C1036746993,1,622235.32,1
C652970534,1,621569.61,1
C177739457,1,621569.61,1
C622056239,1,621387.64,1
C1300584821,1,621387.64,1
C21881841,1,621080.67,1
C1989548157,1,621080.67,1
C1457220029,1,621034.85,1
C1061343039,1,621034.85,1
C910082449,1,620791.47,1
C2048724307,1,620791.47,1
C826590621,1,620512.76,1
C399005937,1,620512.76,1
C727304314,1,619836.33,1
C1466605034,1,619836.33,1
C537664657,1,619824.64,1
C2077204488,1,619824.64,1
C1929563622,1,619502.08,1
C1770033069,1,619502.08,1
C2146664506,1,618381.01,1
C1433454555,1,618381.01,1
C79653418,1,618270.9,1
C211836732,1,618270.9,1
C575981096,1,617882.66,1
C371320047,1,617882.66,1
C1787080738,1,617668.37,1
C1313381818,1,617668.37,1
C690014487,1,615954.92,1
C236726278,1,615954.92,1
C532704190,1,615398.61,1
C1470971810,1,615398.61,1
C413537349,1,614145.31,1
C1029613730,1,614145.31,1
C915095399,1,613386.47,1
C387748036,1,613386.47,1
C189270859,1,613020.85,1
C1412203774,1,613020.85,1
C1813501651,1,612743.87,1
C162068560,1,612743.87,1
C81849981,1,612241.76,1
C1639525130,1,612241.76,1
C278468625,1,612229.86,1
C1428539340,1,612229.86,1
C901559615,1,609416.21,1
C312230940,1,609416.21,1
C688618982,1,609400.88,1
C1061559557,1,609400.88,1
C1705000386,1,609239.75,1
C129769872,1,609239.75,1
C1832609455,1,608290.12,1
C133170874,1,608290.12,1
C1810856999,1,607684.02,1
C100427864,1,607684.02,1
C2120671448,1,606920.11,1
C1842247299,1,606920.11,1
C2044007748,1,606501.57,1
C1641192093,1,606501.57,1
C2025320594,1,605108.36,1
C1204527929,1,605108.36,1
C93781431,1,605029.34,1
C506455454,1,605029.34,1
C1536446312,1,604933.67,1
C1138178950,1,604933.67,1
C2014202347,1,602807.17,1
C1465512134,1,602807.17,1
C14537324,1,601657.23,1
C1251618677,1,601494.61,1
C1251576610,1,601494.61,1
C1536033650,1,601222.02,1
C1334915379,1,601222.02,1
C2095500377,1,600722.15,1
C180982183,1,600722.15,1
C430642994,1,598426.68,1
C408852113,1,598426.68,1
C339883956,1,597806.2,1
C1575584182,1,597806.2,1
C338573575,1,597411.76,1
C1114235292,1,597411.76,1
C1864318595,1,596127.11,1
C153716790,1,596127.11,1
C533475221,1,595854.2,1
C385080311,1,595854.2,1
C979963361,1,595558.89,1
C1403855588,1,595558.89,1
C699011744,1,594577.22,1
C623395017,1,594471.04,1
C1120946694,1,594471.04,1
C340862934,1,594229.77,1
C1961052660,1,594229.77,1
C725738949,1,592737.43,1
C206270107,1,592737.43,1
C1766850055,1,592615.53,1
C1433310823,1,592615.53,1
C497126314,1,592443.66,1
C1845646246,1,592443.66,1
C236114875,1,591766.42,1
C1180486169,1,591766.42,1
C931026278,1,591159.5,1
C1547240563,1,591159.5,1
C1377219388,1,591032.52,1
C1176693072,1,591032.52,1
C862273791,1,590229.26,1
C333643988,1,590229.26,1
C702315593,1,588173.24,1
C575853652,1,588173.24,1
C534658891,1,587031.2,1
C2047987632,1,587031.2,1
C529372268,1,586801.3,1
C2063022949,1,586801.3,1
C1921197760,1,586718.88,1
C1067341557,1,586718.88,1
C344287323,1,585511.14,1
C1270499710,1,585511.14,1
C62774884,1,585396.14,1
C1550431717,1,585396.14,1
C218558993,1,585010.21,1
C2122554602,1,585010.21,1
C795947524,1,582725.12,1
C1024515079,1,582725.12,1
C895361185,1,582571.87,1
C1687580441,1,582571.87,1
C715094437,1,581889.94,1
C596058183,1,581889.94,1
C340833561,1,581421.85,1
C2062695733,1,581421.85,1
C266966144,1,580673.57,1
C142420286,1,580673.57,1
C836633488,1,580387.06,1
C1287650869,1,580387.06,1
C229248681,1,580010.03,1
C1963008787,1,580010.03,1
C2020337583,2,579140.87,2
C541373010,1,577418.98,1
C1545652297,1,577301.73,1
C1173891780,1,577301.73,1
C585236390,1,575082.97,1
C1513349035,1,575082.97,1
C664508349,1,574709.63,1
C101909578,1,574709.63,1
C2079015862,1,574588.22,1
C1232692327,1,574588.22,1
C958694427,1,574072.72,1
C2101174402,1,574072.72,1
C203516640,1,573266.42,1
C1843521479,1,573266.42,1
C902858452,1,571163.03,1
C1652699189,1,571163.03,1
C582209368,1,570649.33,1
C1840997848,1,570649.33,1
C1463347457,1,570135.07,1
C1005190137,1,570135.07,1
C651397987,1,568918.32,1
C516990655,1,568918.32,1
C264230226,1,568292.72,1
C21214474,1,568292.72,1
C2057229481,1,567932.31,1
C1576761892,1,567932.31,1
C661987351,1,567729.52,1
C1088161711,1,567729.52,1
C499232658,1,566156.42,1
C1639518321,1,566156.42,1
C585432949,1,566142.89,1
C2079441909,1,566142.89,1
C1932342438,1,565346.12,1
C1366479177,1,565346.12,1
C2033959349,1,564699.59,1
C1474387671,1,564699.59,1
C717934404,1,564263.94,1
C1487339522,1,564263.94,1
C76747824,1,563388.67,1
C1646816538,1,563388.67,1
C755322456,1,563149.41,1
C1882398293,1,563149.41,1
C248271098,1,561948.38,1
C1278181974,1,561948.38,1
C889161181,1,561446.32,1
C519065458,1,561446.32,1
C952759841,1,561374.78,1
C723898004,1,561374.78,1
C89425517,1,561149.9,1
C1714094966,1,561149.9,1
C2046543402,1,561027.94,1
C1620712399,1,561027.94,1
C1267169674,1,559565.82,1
C1179364463,1,559565.82,1
C1909453139,1,558136.45,1
C1052521330,1,558136.45,1
C2055772170,1,558050.49,1
C1567764028,1,558050.49,1
C872133707,1,557950.06,1
C2064216341,1,557950.06,1
C1224252499,1,556720.82,1
C1169865879,1,556720.82,1
C217441120,1,556218.01,1
C1992550266,1,556218.01,1
C412996348,1,555731.98,1
C1910853781,1,555731.98,1
C1496518496,1,555574.92,1
C1421855505,1,555328.55,1
C141414644,1,555328.55,1
C585602438,1,554522.67,1
C330996942,1,554522.67,1
C799681184,1,554501.15,1
C574402846,1,554501.15,1
C221622307,1,553399.25,1
C1971557254,1,553399.25,1
C471673536,1,553328.24,1
C2050267427,1,553328.24,1
C858651729,1,553124.56,1
C1718348332,1,553124.56,1
C1517406910,1,550231.35,1
C121844862,1,550231.35,1
C525961940,1,549159.68,1
C1937972935,1,549159.68,1
C428179224,1,548677.33,1
C1205336218,1,548677.33,1
C1134214570,1,548335.12,1
C1048805642,1,548335.12,1
C979594589,1,548269.98,1
C106756368,1,548269.98,1
C966258334,1,548161.93,1
C1464577173,1,548161.93,1
C1342571272,1,547672.2,1
C1014616442,1,547672.2,1
C1298522904,1,545780.7,1
C1197863823,1,545780.7,1
C617614244,1,544352.53,1
C302377152,1,544352.53,1
C935310781,2,544064.51,2
C899985464,1,542393.87,1
C308665195,1,542393.87,1
C899620238,1,542222.77,1
C571026687,1,542222.77,1
C7396544,1,541486.74,1
C1690450684,1,541486.74,1
C1644592239,1,541115.02,1
C1498366839,1,541115.02,1
C332143191,1,540914.12,1
C1711489125,1,540914.12,1
C362968415,1,540530.08,1
C1510946002,1,540530.08,1
C1485040019,1,540154.62,1
C2010123268,1,539658.73,1
C1862889538,1,539658.73,1
C931676634,1,539087.79,1
C1452774204,1,539087.79,1
C482115105,1,538428.86,1
C247089725,1,538428.86,1
C1898517729,1,538312.05,1
C1106299275,1,538312.05,1
C638930766,1,537641.8,1
C115727901,1,537641.8,1
C743232088,1,537539.97,1
C1914366882,1,537539.97,1
C282412954,1,537539.57,1
C1581411164,1,537539.57,1
C38221870,1,537025.01,1
C1192227259,1,537025.01,1
C1100697970,1,536624.41,1
C1591480301,1,536433.5,1
C1460398355,1,536433.5,1
C1514312963,1,535654.59,1
C1349687631,1,535654.59,1
C999955448,1,534518.98,1
C937763226,1,534518.98,1
C870411715,1,534470.98,1
C1558734299,1,534470.98,1
C991247178,1,534255.94,1
C726333596,1,534158.52,1
C1687427333,1,534158.52,1
C565561200,1,533269.77,1
C295852822,1,533269.77,1
C641771382,1,533092.45,1
C252157043,1,533092.45,1
C1815006934,1,531551.0,1
C1609500749,1,531551.0,1
C1428831661,1,530733.43,1
C1049193275,1,530733.43,1
C726473569,1,530377.28,1
C182731485,1,530377.28,1
C1171953426,1,530354.58,1
C1011865698,1,530354.58,1
C1985038646,1,530124.99,1
C1338343315,1,530124.99,1
C1058336842,1,529659.95,1
C1045155067,1,529659.95,1
C581480789,1,528149.74,1
C1430895624,1,528149.74,1
C756639057,1,526787.54,1
C1500247255,1,526787.54,1
C277547037,1,526119.49,1
C2001415186,1,526119.49,1
C270502342,1,526071.46,1
C1419848942,1,526071.46,1
C586669216,1,525155.79,1
C1217435263,1,525155.79,1
C1656842502,2,524000.74,2
C64133603,1,522465.43,1
C539442999,1,522465.43,1
C201338913,1,522343.83,1
C1415536651,1,522343.83,1
C256100884,1,521986.29,1
C1335226757,1,521986.29,1
C687978944,1,520500.14,1
C382068653,1,520500.14,1
C435023373,1,517183.38,1
C46072537,1,516355.22,1
C213193804,1,516355.22,1
C509021077,1,515645.16,1
C1873143762,1,515645.16,1
C105660024,2,514468.67,2
C497880242,1,513693.13,1
C359107574,1,513693.13,1
C995315551,1,513610.51,1
C469157358,1,513610.51,1
C1426875642,1,513082.74,1
C1140210219,1,513082.74,1
C255214104,1,512922.65,1
C1745340789,1,512922.65,1
C529880237,1,511389.5,1
C1411383152,1,511389.5,1
C946777990,1,511379.9,1
C313140840,1,511259.05,1
C1948838736,1,511259.05,1
C2013070624,1,509985.31,1
C1408872887,1,509985.31,1
C1367621087,1,508929.61,1
C1301226150,1,508929.61,1
C2090737806,1,508782.2,1
C883314013,1,507521.42,1
C1704088171,1,507521.42,1
C297875809,1,506923.53,1
C1360951164,1,506923.53,1
C759668657,1,506867.52,1
C1795348373,1,506867.52,1
C486742057,1,505580.22,1
C1628363112,1,505580.22,1
C516816901,1,505571.43,1
C1011987568,1,505571.43,1
C1594325681,1,504532.72,1
C1016874582,1,504532.72,1
C19567872,1,504362.34,1
C1876362324,1,504362.34,1
C37138390,1,504344.93,1
C1459458578,1,504344.93,1
C540990710,1,503961.93,1
C1704260937,1,503961.93,1
C930580526,1,503793.25,1
C1169138113,1,503793.25,1
C593181726,1,503620.99,1
C432121402,1,503620.99,1
C2111339406,1,503420.67,1
C1280120239,1,503420.67,1
C2010733400,1,503405.88,1
C643646528,1,501496.31,1
C2046472223,1,501496.31,1
C2071832199,1,501425.84,1
C1546219364,1,501425.84,1
C1663472922,1,501101.41,1
C1576836568,1,501101.41,1
C822141064,1,500905.62,1
C677468296,1,500905.62,1
C956555426,1,500003.56,1
C87161857,1,500003.56,1
C1148781766,2,499556.75,2
C705797275,1,498747.55,1
C1524935695,1,498747.55,1
C857500368,1,498183.25,1
C1054580696,1,498183.25,1
C860186566,1,497928.97,1
C1750630273,1,497928.97,1
C2025446764,1,497526.17,1
C1799178468,1,497526.17,1
C1792600425,1,496420.67,1
C1041919109,1,496420.67,1
C741210093,1,496128.26,1
C136618845,1,496128.26,1
C913892512,1,495991.64,1
C634632814,1,495991.64,1
C705045817,1,495977.84,1
C65111466,1,495977.84,1
C917413885,1,495773.64,1
C326670193,1,495773.64,1
C2058049748,1,494453.52,1
C1624790907,1,494453.52,1
C2013684634,1,494446.94,1
C1496820416,1,494446.94,1
C1924171481,1,494244.61,1
C1751768780,1,494244.61,1
C2141157779,1,493538.8,1
C1323987064,1,493538.8,1
C773898763,1,492896.75,1
C1170151190,1,492896.75,1
C2063078053,1,492003.04,1
C167129695,1,492003.04,1
C610496257,1,491847.47,1
C571550397,1,491847.47,1
C523126423,1,491517.77,1
C1534111155,1,491517.77,1
C896700136,1,489944.93,1
C1786318719,1,489944.93,1
C926230389,1,489767.32,1
C720599914,1,489767.32,1
C414219779,1,489714.94,1
C1864667577,1,489714.94,1
C910056711,1,489514.32,1
C27593268,1,489514.32,1
C347075851,1,489111.71,1
C229005424,1,489111.71,1
C1378742285,1,489033.93,1
C1098002661,1,489033.93,1
C897542866,1,488243.65,1
C1238599279,1,488243.65,1
C201103304,1,488030.08,1
C1576007778,1,488030.08,1
C2118952625,1,487572.45,1
C1538319522,1,487572.45,1
C647242478,1,487276.8,1
C1413151160,1,487276.8,1
C926547978,1,486175.4,1
C1596545373,1,486175.4,1
C34034576,1,486060.16,1
C1244940749,1,486060.16,1
C1975747042,1,484772.73,1
C1952713155,1,484772.73,1
C545871472,1,484493.06,1
C1201215957,1,484493.06,1
C1986090456,1,483713.23,1
C119686502,1,483713.23,1
C842293503,1,482679.6,1
C1393101702,1,482679.6,1
C1853051693,1,480404.03,1
C1751510346,1,480404.03,1
C1382782385,1,479926.98,1
C1253833239,1,479926.98,1
C672637887,1,479892.04,1
C346346824,1,479892.04,1
C274347857,1,478078.24,1
C1365760959,1,478078.24,1
C463702368,1,476890.47,1
C357527679,1,476890.47,1
C152339852,1,476321.8,1
C1283170862,1,476321.8,1
C1603157769,1,475854.04,1
C1335953654,1,475854.04,1
C798547691,1,475693.24,1
C1425128293,1,475693.24,1
C320276503,1,475368.94,1
C1738798142,1,475368.94,1
C812512392,1,475315.61,1
C228772455,1,475315.61,1
C2134508873,1,474467.2,1
C1076657596,1,474467.2,1
C984902838,1,474195.1,1
C1949534570,1,474195.1,1
C372032326,1,474052.54,1
C1835811018,1,474052.54,1
C766242305,1,473387.81,1
C53265363,1,473387.81,1
C2071195320,1,473086.28,1
C1286966923,1,473086.28,1
C695203021,1,472808.24,1
C1625163928,1,472808.24,1
C1718370785,1,472692.51,1
C943161690,1,471906.6,1
C1931513332,1,471906.6,1
C1834120741,1,470956.59,1
C1701481925,1,470956.59,1
C527524225,1,470922.15,1
C1610762623,1,470922.15,1
C403817977,1,470325.08,1
C1102790873,1,470325.08,1
C969680632,1,468638.03,1
C1543232665,1,468638.03,1
C1914393339,1,468599.79,1
C1834951696,1,468599.79,1
C1620993935,1,468446.77,1
C1583808597,1,468446.77,1
C838394568,1,466580.69,1
C1835027188,1,466580.69,1
C2076493196,1,466359.63,1
C1810440109,1,466359.63,1
C1437715288,1,466218.08,1
C1292726952,1,466218.08,1
C1820811459,1,465498.74,1
C1364144454,1,465498.74,1
C882063580,1,463891.31,1
C385716875,1,463891.31,1
C577926946,1,462452.87,1
C1787957566,1,462452.87,1
C654276349,1,462441.03,1
C1304018729,1,462441.03,1
C802885021,1,461509.86,1
C788887602,1,461509.86,1
C713783990,1,461442.52,1
C1745977074,1,461442.52,1
C1671232989,1,461369.99,1
C588226024,1,461255.26,1
C559992116,1,461255.26,1
C664580487,1,460689.45,1
C1509813077,1,460689.45,1
C94475674,1,460635.82,1
C262427288,1,460635.82,1
C83154619,1,460436.43,1
C283083073,1,460436.43,1
C1868484572,1,460434.46,1
C1256545087,1,460434.46,1
C715170172,1,459378.91,1
C1301956941,1,459378.91,1
C549201409,1,458845.55,1
C452022612,1,458845.55,1
C791884678,1,458603.07,1
C1621235594,1,458603.07,1
C2018291358,1,458361.83,1
C1675768938,1,458361.83,1
C975127788,1,457789.14,1
C1272218785,1,457789.14,1
C88386120,1,457359.64,1
C269394270,1,457359.64,1
C1737929512,1,456930.88,1
C1562779762,1,456930.88,1
C1924324818,1,456745.18,1
C1138806458,1,456745.18,1
C605132681,1,456360.87,1
C1084745471,1,456360.87,1
C48932770,1,455788.55,1
C2045354629,1,455788.55,1
C69123397,1,455709.8,1
C2067401577,1,455709.8,1
C566136377,1,455386.57,1
C1987660225,1,455386.57,1
C840928350,1,455372.54,1
C1536498682,1,455372.54,1
C479353061,1,455074.13,1
C2129735982,1,455014.69,1
C1178309251,1,455014.69,1
C2146670328,1,454859.39,1
C580058151,1,454511.73,1
C1751888979,1,454511.73,1
C1850194854,1,454483.23,1
C1172004131,1,454483.23,1
C1529830954,1,453699.35,1
C1252624970,1,453699.35,1
C218347710,1,452804.42,1
C2037489278,1,452804.42,1
C1992560151,1,452294.74,1
C1326387895,1,452294.74,1
C1443885284,1,452261.67,1
C1030417644,1,452261.67,1
C744982603,1,451663.55,1
C668503841,1,451663.55,1
C679039485,1,451399.66,1
C544317728,1,451399.66,1
C1717483604,1,450489.27,1
C1398681592,1,450489.27,1
C226736635,1,450458.78,1
C1895261064,1,450458.78,1
C562356670,1,450060.37,1
C1213851559,1,450060.37,1
C70209751,1,449199.47,1
C628613220,1,449199.47,1
C782363918,1,449032.97,1
C2077005975,1,448266.86,1
C1081325178,1,448266.86,1
C51754444,1,448265.08,1
C1934689735,1,448265.08,1
C4020115,1,448025.06,1
C1432596631,1,448025.06,1
C534171533,1,448004.86,1
C1152369407,1,448004.86,1
C675686656,1,447589.21,1
C1514839015,1,447589.21,1
C995717060,1,447474.67,1
C515022418,1,447474.67,1
C312822815,1,447009.83,1
C1229115940,1,447009.83,1
C514505298,1,446032.95,1
C506992553,1,446032.95,1
C960848277,1,445705.76,1
C2048044675,1,445705.76,1
C1637506717,1,445257.43,1
C1215602275,1,445257.43,1
C709373324,1,444898.97,1
C1466075783,1,444898.97,1
C922576062,1,444766.43,1
C710501124,1,444766.43,1
C475066287,1,443893.69,1
C1777824686,1,443893.69,1
C861921612,1,443682.96,1
C817261687,1,443682.96,1
C216559212,1,442722.01,1
C643125420,1,442460.31,1
C1833040956,1,442460.31,1
C2040999493,1,442290.23,1
C1888923091,1,442290.23,1
C605036987,1,441892.92,1
C1069601920,1,441892.92,1
C690812923,1,441873.49,1
C143177495,1,441873.49,1
C847761155,1,441445.58,1
C2072030256,1,441445.58,1
C2038026076,1,441423.44,1
C200111106,1,441423.44,1
C719419922,1,440962.56,1
C1184164392,1,440962.56,1
C2145440257,1,440581.15,1
C1962820602,1,440581.15,1
C998514614,1,438983.45,1
C254366528,1,438983.45,1
C1877779310,1,438859.1,1
C1495765075,1,438859.1,1
C458044692,1,438394.67,1
C126693066,1,438394.67,1
C652285552,1,438224.6,1
C296924123,1,438224.6,1
C610652311,1,438139.79,1
C1710300918,1,438139.79,1
C687989506,1,436906.22,1
C524442031,1,436906.22,1
C257986236,1,436757.76,1
C2138692554,1,436757.76,1
C641861955,1,436317.49,1
C542075780,1,436317.49,1
C44076641,1,436035.29,1
C2100877994,1,436035.29,1
C363013236,1,435867.16,1
C1816333758,1,435867.16,1
C1118636317,1,435166.65,1
C1036804658,1,435166.65,1
C918049082,1,434401.5,1
C1774504207,1,434401.5,1
C534184245,1,434006.52,1
C794779116,1,433348.97,1
C767625461,1,433348.97,1
C1783092125,1,432958.83,1
C1494581610,1,432958.83,1
C855445362,1,432544.68,1
C1756376418,1,432544.68,1
C577652704,1,432254.84,1
C524492169,1,432254.84,1
C349350443,1,431356.55,1
C1602753129,1,431356.55,1
C207357507,1,430722.59,1
C1494693059,1,430722.59,1
C1475442278,1,430207.22,1
C1470257177,1,430207.22,1
C741413300,1,429359.76,1
C1092024343,1,429359.76,1
C908525161,1,429257.45,1
C254695066,1,429257.45,1
C227709254,1,429257.45,1
C1687751044,1,429257.45,1
C674486348,1,428239.03,1
C511164301,1,428239.03,1
C1759643830,1,428174.7,1
C1507357028,1,428174.7,1
C956901713,1,427405.08,1
C583506611,1,427405.08,1
C347796427,1,427373.65,1
C2110832776,1,427373.65,1
C1917348003,1,426532.4,1
C1092771337,1,426532.4,1
C684702982,1,426323.38,1
C1957980970,1,426323.38,1
C1382020476,1,426173.04,1
C114462097,1,426173.04,1
C1874408253,1,425861.93,1
C1879363674,1,425221.11,1
C1337988556,1,425221.11,1
C1157386392,1,424962.9,1
C1100349536,1,424962.9,1
C1881121071,1,424700.99,1
C1796978414,1,424700.99,1
C311261676,1,423660.73,1
C1220479555,1,423660.73,1
C861197285,1,422648.87,1
C1947044006,1,422648.87,1
C1759587587,1,422261.63,1
C1172379830,1,422261.63,1
C1690604100,1,420330.71,1
C1435443699,1,420330.71,1
C1810367119,1,420270.22,1
C1180137565,1,420270.22,1
C559632898,1,418971.0,1
C1174958725,1,418971.0,1
C648225636,1,418871.89,1
C1271314586,1,418871.89,1
C697599749,1,418691.02,1
C177484937,1,418691.02,1
C2045180381,1,417620.07,1
C197249105,1,417620.07,1
C671189136,1,417217.89,1
C1765086127,1,417217.89,1
C1308507305,1,417129.11,1
C1197787455,1,417129.11,1
C1377830519,1,417103.68,1
C1155915285,1,417103.68,1
C640393193,1,416832.9,1
C304864645,1,416832.9,1
C1695795020,1,416284.7,1
C1640751970,1,416284.7,1
C667346055,1,416001.33,1
C1984912341,1,415785.89,1
C1804765408,1,415785.89,1
C42065364,1,415437.27,1
C21991437,1,415437.27,1
C2028972302,1,414973.48,1
C1641312686,1,414973.48,1
C33901229,1,414794.23,1
C1516833359,1,414794.23,1
C97161291,1,414394.38,1
C1967010241,1,414394.38,1
C845050993,1,414153.16,1
C1124752775,1,414153.16,1
C434667197,1,414095.91,1
C1062681354,1,414095.91,1
C296079246,1,412668.39,1
C1576697216,1,412668.39,1
C832072738,1,412511.32,1
C33412994,1,412511.32,1
C2034688327,1,411566.7,1
C1647415714,1,411566.7,1
C1672803928,1,410299.86,1
C1549220926,1,410299.86,1
C577153262,1,408864.84,1
C2045273924,1,408864.84,1
C1224906494,1,408724.54,1
C1039886956,1,408724.54,1
C650699445,2,408028.65,2
C355646026,1,407907.34,1
C1520555708,1,407907.34,1
C645113065,1,407833.62,1
C1818870755,1,407833.62,1
C80156835,1,407347.84,1
C2019715796,1,407347.84,1
C903832238,1,407320.01,1
C812692879,1,407320.01,1
C32445032,1,407275.43,1
C1297422929,1,407275.43,1
C1059308371,1,407005.78,1
C1973933837,1,406864.17,1
C1842119027,1,406864.17,1
C770221962,1,405400.26,1
C1027510242,1,405400.26,1
C89201535,1,405062.33,1
C690195469,1,405062.33,1
C149688378,1,404394.04,1
C137185158,1,404394.04,1
C434003582,1,404185.57,1
C351712967,1,404185.57,1
C206316722,1,404165.06,1
C1749677978,1,404165.06,1
C29687546,1,403975.39,1
C1785871119,1,403975.39,1
C266215740,1,403274.41,1
C13335239,1,403274.41,1
C1619036760,1,401575.19,1
C1017580631,1,401575.19,1
C1845869240,1,401529.35,1
C1825454306,1,401529.35,1
C835842447,1,400758.85,1
C418637698,1,400758.85,1
C565737744,1,400517.07,1
C1123547777,1,400517.07,1
C69800552,1,400276.72,1
C1406926749,1,400276.72,1
C1490141777,1,400157.86,1
C1005460442,1,400157.86,1
C1909486199,1,399045.08,1
C956479425,1,398724.6,1
C1871216635,1,398724.6,1
C1448973297,1,398711.68,1
C1080337447,1,398711.68,1
C19996570,1,398219.08,1
C1995930923,1,398219.08,1
C1819185781,1,398157.05,1
C1073661703,1,398157.05,1
C596041250,1,398045.73,1
C452478400,1,398045.73,1
C31094949,1,398041.98,1
C2075775339,1,398041.98,1
C1193568854,2,397486.01,2
C205844537,1,397069.12,1
C1024853956,1,397069.12,1
C1861392747,1,396757.22,1
C1040286971,1,396757.22,1
C657474312,1,395531.72,1
C1272345661,1,395531.72,1
C398205372,1,394886.13,1
C1252635926,1,394886.13,1
C1932528872,1,394605.69,1
C1909363754,1,394605.69,1
C940087282,1,394388.09,1
C707965723,1,394388.09,1
C521066417,1,393699.17,1
C1378380080,1,393699.17,1
C886096623,1,392767.71,1
C1962731404,1,392767.71,1
C520753561,1,391855.44,1
C2055287072,1,391855.44,1
C592943127,1,390763.24,1
C1622291038,1,390763.24,1
C997146902,1,389275.23,1
C421137084,1,389275.23,1
C1775827036,1,389250.9,1
C1609670189,1,389250.9,1
C476199705,1,389214.05,1
C2129924670,1,389214.05,1
C1532344738,1,388171.95,1
C1384608658,1,388171.95,1
C401911630,1,387952.42,1
C1213274351,1,387952.42,1
C780914963,1,387773.97,1
C36414271,1,387773.97,1
C785994676,1,387408.11,1
C2083128008,1,387408.11,1
C798055687,1,386996.34,1
C295403005,1,386996.34,1
C939732491,1,385567.18,1
C817408306,1,385567.18,1
C947026739,1,385556.82,1
C27494611,1,385556.82,1
C820606859,1,385207.12,1
C865907227,1,385050.58,1
C1259203714,1,385050.58,1
C2069429837,1,383661.1,1
C1688658215,1,383661.1,1
C715462107,1,382960.64,1
C5616107,1,382960.64,1
C806070403,1,381977.83,1
C1301812889,1,381977.83,1
C686935058,1,381247.3,1
C1231868978,1,381247.3,1
C357527156,1,380214.33,1
C2051751405,1,380214.33,1
C475345362,1,379878.0,1
C404961694,1,379878.0,1
C605861761,1,379057.93,1
C2113218952,1,379057.93,1
C388808912,1,378688.65,1
C1573752300,1,378688.65,1
C62581304,1,378623.9,1
C140649109,1,378623.9,1
C134543538,1,378527.71,1
C1253659543,1,378527.71,1
C929929591,1,378204.02,1
C1009459055,1,378204.02,1
C806590394,1,377919.58,1
C1404789740,1,377919.58,1
C970254798,1,377096.39,1
C1050084378,1,377096.39,1
C474654746,1,377038.53,1
C1018085685,1,377038.53,1
C588423293,1,376639.05,1
C1843653011,1,376639.05,1
C644153669,1,376367.26,1
C563840868,1,376367.26,1
C1457638866,1,376059.27,1
C1388979353,1,376059.27,1
C997789760,1,375419.35,1
C1581571123,1,375419.35,1
C1969431607,1,375141.86,1
C1632095414,1,375141.86,1
C44247024,1,374178.28,1
C249139572,1,374178.28,1
C895220334,1,373531.87,1
C29820940,1,373531.87,1
C1935951108,1,373322.87,1
C101978061,1,373322.87,1
C2097301606,1,372703.48,1
C1886829961,1,372703.48,1
C950019767,1,372344.58,1
C1376830476,1,372344.58,1
C305070019,1,371771.44,1
C23426726,1,371771.44,1
C1836007959,1,371669.59,1
C173311273,1,371669.59,1
C336176580,1,371449.7,1
C278676454,1,371449.7,1
C1857425198,1,370382.39,1
C137763659,1,370382.39,1
C565887974,1,369505.41,1
C1704120261,1,369505.41,1
C1596175198,1,369448.2,1
C1863134170,1,369306.87,1
C100691765,1,369306.87,1
C900709443,1,369186.87,1
C418751321,1,369186.87,1
C248129256,1,368973.39,1
C22993151,1,368973.39,1
C626396465,1,368951.94,1
C1093117113,1,368951.94,1
C1449793778,1,367980.99,1
C1416004532,1,367980.99,1
C618305910,1,367631.15,1
C455153716,1,367631.15,1
C335051358,1,367364.8,1
C1573230375,1,367364.8,1
C252771333,1,367263.47,1
C1804523786,1,367263.47,1
C388733782,1,367207.98,1
C381883886,1,367207.98,1
C2141598336,1,366896.03,1
C2051326295,1,366896.03,1
C303076849,1,366014.33,1
C1901902760,1,366014.33,1
C948907509,1,365332.78,1
C181224560,1,365332.78,1
C1912599968,1,365114.84,1
C1860612852,1,365114.84,1
C2019200762,1,365099.76,1
C1416319101,1,365099.76,1
C142819942,1,365069.45,1
C1144989996,1,365069.45,1
C921819400,1,364715.24,1
C1189627156,1,364715.24,1
C66207511,1,364375.51,1
C2037810492,1,364375.51,1
C99354775,1,364333.03,1
C677512181,1,364333.03,1
C855256022,1,363378.75,1
C2124923090,1,363378.75,1
C1957802478,1,362988.52,1
C1053252672,1,362988.52,1
C834545584,1,362837.15,1
C509990885,1,362837.15,1
C1808434552,1,362672.57,1
C1036408252,1,362672.57,1
C75355732,1,362631.05,1
C1114102107,1,362631.05,1
C552429589,1,362335.05,1
C1562137576,1,362335.05,1
C321399553,1,362152.77,1
C1911678087,1,362152.77,1
C621645313,1,361877.28,1
C392213931,1,361877.28,1
C352239275,1,361559.69,1
C1769042905,1,361559.69,1
C748208035,1,361460.79,1
C178151720,1,361460.79,1
C615238056,1,360749.76,1
C1391856645,1,360749.76,1
C432663857,1,360688.3,1
C1187610031,1,360688.3,1
C43121788,1,358529.2,1
C1442540355,1,358529.2,1
C1914468844,1,358440.67,1
C1530549308,1,358440.67,1
C450452025,1,358159.13,1
C2007086276,1,358159.13,1
C1152228208,1,357882.83,1
C1095351700,1,357882.83,1
C824285986,1,357836.57,1
C1679122685,1,357836.57,1
C687230384,1,357824.01,1
C1601738020,1,357824.01,1
C784361813,1,357226.8,1
C1707005177,1,357226.8,1
C414953640,1,356224.26,1
C1886597663,1,356224.26,1
C765607741,1,355969.72,1
C279162125,1,355969.72,1
C318788140,1,355909.21,1
C1340648788,1,355909.21,1
C1765590670,1,355832.18,1
C1450080654,1,355832.18,1
C591114183,1,355151.57,1
C406885847,1,355151.57,1
C1718989078,1,354441.19,1
C157107660,1,354441.19,1
C1770418982,1,353874.22,1
C471561337,1,353785.26,1
C1041223833,1,353785.26,1
C857281092,1,353313.55,1
C782534893,1,353313.55,1
C468074010,1,353094.9,1
C2027521141,1,353094.9,1
C985064489,1,353090.95,1
C1470734212,1,353090.95,1
C615914680,1,353045.35,1
C1068974192,1,353045.35,1
C2000898325,1,352179.76,1
C1852367071,1,352179.76,1
C920627879,1,351912.04,1
C1544738688,1,351912.04,1
C1608997043,1,351843.08,1
C1271826581,1,351843.08,1
C1305245838,1,351332.16,1
C1399533146,1,351268.75,1
C1199437917,1,351268.75,1
C1325541393,2,350800.27,2
C1127367345,1,350800.27,1
C724251968,1,350789.59,1
C1364728606,1,350789.59,1
C582901057,1,350705.74,1
C399194578,1,350705.74,1
C434577794,1,350233.08,1
C1438967690,1,350233.08,1
C777372784,1,350017.08,1
C357229033,1,350017.08,1
C1455585247,1,349627.64,1
C1055938470,1,349627.64,1
C345169466,1,349619.91,1
C1509156757,1,349619.91,1
C235524557,1,348983.86,1
C1170744604,1,348983.86,1
C634016277,1,348952.97,1
C231206741,1,348952.97,1
C2136928394,1,348915.96,1
C1624188690,1,348915.96,1
C613081962,1,348751.45,1
C56482072,1,348751.45,1
C965261353,1,348055.47,1
C1922828230,1,348055.47,1
C538795916,1,347893.16,1
C1904688635,1,347893.16,1
C815065594,1,346795.44,1
C1899371131,1,346795.44,1
C943084296,1,346704.55,1
C2027621451,1,346704.55,1
C675229754,1,346374.54,1
C1249377837,1,346374.54,1
C299290002,1,346293.24,1
C1738520779,1,346293.24,1
C966741210,1,346183.99,1
C1068882086,1,346183.99,1
C2040491589,1,346103.09,1
C1483476946,1,346103.09,1
C747932688,1,345802.34,1
C119399934,1,345802.34,1
C219662261,1,345533.89,1
C148096714,1,345533.89,1
C1955514169,1,345526.4,1
C648222182,1,345425.57,1
C2119085039,1,345425.57,1
C1515434916,1,345116.0,1
C1268840633,1,345116.0,1
C320679459,1,344886.44,1
C1448175879,1,344886.44,1
C1571788325,1,344673.46,1
C1541306928,1,344673.46,1
C385675312,1,343999.8,1
C1983458809,1,343999.8,1
C902415658,1,343972.5,1
C1956659443,1,343972.5,1
C890343735,1,343429.34,1
C1083108858,1,343429.34,1
C776089262,1,343177.04,1
C1065751095,1,343177.04,1
C534450882,1,342988.79,1
C509783164,1,342988.79,1
C1500413954,1,342970.95,1
C1241262856,1,342970.95,1
C753313241,1,342675.47,1
C144558690,1,342675.47,1
C1740503020,1,342309.91,1
C1097536726,1,342309.91,1
C1962241451,1,342120.59,1
C1052706087,1,342120.59,1
C814150801,1,341956.42,1
C1895897048,1,341956.42,1
C1336378574,1,341441.17,1
C1123063194,1,341441.17,1
C1385531545,1,340936.99,1
C119224307,1,340936.99,1
C747315948,1,340665.18,1
C2055659976,1,340665.18,1
C772681684,1,340198.41,1
C1627551181,1,340198.41,1
C2125667405,1,340119.98,1
C1911284764,1,340119.98,1
C776919290,1,339682.13,1
C1850423904,1,339682.13,1
C2116826462,1,339275.64,1
C1002469873,1,339275.64,1
C144148136,1,339152.24,1
C1343819307,1,339152.24,1
C476657096,1,338364.14,1
C1527134062,1,338364.14,1
C229298168,1,338293.14,1
C1361370826,1,338293.14,1
C248286792,1,338229.88,1
C1011899331,1,338229.88,1
C1200107950,1,338083.76,1
C1147445635,1,338083.76,1
C227222097,1,338062.05,1
C1374054155,1,338062.05,1
C3107126,1,337994.64,1
C1375508405,1,337994.64,1
C1780194403,1,337974.21,1
C1505545472,1,337974.21,1
C1521769124,1,337810.17,1
C1081484003,1,337810.17,1
C497482843,1,337287.72,1
C426683536,1,337287.72,1
C815315430,1,336917.97,1
C1526518047,1,336917.97,1
C2116650207,1,335859.86,1
C2017325306,1,335859.86,1
C1987320319,1,335219.49,1
C1228650470,1,335219.49,1
C975263460,1,335094.53,1
C410556619,1,335094.53,1
C1834867853,1,335071.5,1
C1365176393,1,335071.5,1
C603393840,1,334890.91,1
C1676868220,1,334890.91,1
C850515807,1,334790.89,1
C1068035657,1,334790.89,1
C443044241,1,334276.08,1
C1475265472,1,334276.08,1
C268696158,1,333390.18,1
C1934242294,1,333390.18,1
C858197889,1,333082.71,1
C2028261196,1,333082.71,1
C1797918851,1,332729.54,1
C758537342,1,332151.67,1
C1416577798,1,332151.67,1
C362089456,1,332138.32,1
C246124153,1,332138.32,1
C255246845,1,331829.94,1
C1908627867,1,331829.94,1
C537407577,1,331729.06,1
C1962276701,1,331729.06,1
C2048695496,1,330756.72,1
C2020707965,1,330756.72,1
C88359761,1,330665.02,1
C1542396636,1,330665.02,1
C597468231,1,330218.85,1
C18175178,1,330218.85,1
C2064246111,1,329937.88,1
C1783581377,1,329937.88,1
C827087701,1,329728.11,1
C381648011,1,329728.11,1
C1938611735,1,329424.14,1
C1631519993,1,329424.14,1
C477578794,1,329156.43,1
C1324874027,1,329156.43,1
C538971825,1,329055.47,1
C355168842,1,329055.47,1
C716184837,1,328427.77,1
C1306965361,1,328427.77,1
C982969459,1,328110.3,1
C448140191,1,328110.3,1
C1575522252,1,327791.14,1
C1163640582,1,327791.14,1
C667256614,1,327773.15,1
C1078506798,1,327773.15,1
C918968605,1,327282.92,1
C1637615155,1,327282.92,1
C275053310,1,326884.31,1
C1684081981,1,326884.31,1
C36684141,1,326394.8,1
C1834699516,1,326394.8,1
C379003317,1,326250.51,1
C214988457,1,326250.51,1
C499332323,1,326052.83,1
C1996615895,1,326052.83,1
C68854831,1,325732.34,1
C2112676621,1,325732.34,1
C431204318,1,325668.67,1
C1351249861,1,325668.67,1
C437423112,1,325470.07,1
C1230677699,1,325470.07,1
C1676432811,1,325242.69,1
C1532660344,1,325242.69,1
C993635374,1,323726.61,1
C1310143791,1,323726.61,1
C317556709,1,322991.82,1
C1232811511,1,322991.82,1
C1626419291,1,322585.04,1
C1445084705,1,322585.04,1
C842496101,1,322329.78,1
C1609215593,1,322329.78,1
C371379583,1,322113.91,1
C1018969803,1,322113.91,1
C1578451350,1,321883.89,1
C1399433313,1,321883.89,1
C351250404,1,321465.0,1
C1088272882,1,321465.0,1
C2067322767,1,321307.31,1
C136074678,1,321307.31,1
C1921706460,1,321241.84,1
C1319265495,1,321241.84,1
C94618150,1,320977.49,1
C462703095,1,320977.49,1
C1897617923,1,319974.69,1
C1717143269,1,319974.69,1
C523904186,1,319887.08,1
C1194956455,1,319887.08,1
C2046261868,1,319883.28,1
C2035017998,1,319883.28,1
C650349902,1,319208.14,1
C1209378395,1,319208.14,1
C284348292,1,317787.12,1
C1560860493,1,317787.12,1
C962253473,1,316882.94,1
C1708390598,1,316882.94,1
C2019920995,1,316877.85,1
C1384673123,1,316877.85,1
C156651534,1,315712.36,1
C1324604423,1,315712.36,1
C1643523023,1,315654.19,1
C1516512243,1,315654.19,1
C314158626,1,314976.75,1
C1844764080,1,314976.75,1
C90486891,1,314251.58,1
C244995848,1,313936.67,1
C1317216992,1,313936.67,1
C2103366345,1,313697.44,1
C2012667225,1,313697.44,1
C888769567,1,313418.28,1
C157591472,1,313418.28,1
C427757438,1,312971.23,1
C1714944517,1,312971.23,1
C764015169,1,312955.14,1
C2083154872,1,312955.14,1
C480066834,1,312151.06,1
C1669165813,1,312151.06,1
C833307608,1,311832.17,1
C1665325568,1,311832.17,1
C73957643,1,311487.14,1
C1489729408,1,311487.14,1
C942070496,1,311234.46,1
C1484612212,1,311234.46,1
C842642744,1,310873.76,1
C1570042752,1,310873.76,1
C1284811056,1,310726.29,1
C1129556923,1,310726.29,1
C642298837,1,310712.71,1
C1814696637,1,310712.71,1
C1225002524,1,309958.79,1
C104306099,1,309958.79,1
C782792546,1,309488.9,1
C658980177,1,309488.9,1
C986375360,1,309254.05,1
C1018466821,1,309254.05,1
C952194929,1,309061.5,1
C2133834018,1,309061.5,1
C962802793,1,308778.37,1
C1283529992,1,308778.37,1
C702410034,1,307739.18,1
C1264205758,1,307739.18,1
C132241183,1,307455.42,1
C1314885852,1,307455.42,1
C659116830,1,306833.41,1
C495237092,1,306833.41,1
C467221336,1,306691.05,1
C1623138506,1,306691.05,1
C3029667,1,306675.37,1
C1797206393,1,306675.37,1
C1682837387,1,306505.03,1
C125162058,1,306505.03,1
C2131363055,1,306419.73,1
C1577735864,1,306419.73,1
C2141057389,1,306213.63,1
C1809216911,1,306213.63,1
C248194392,1,305846.12,1
C1194562767,1,305846.12,1
C76175380,1,305817.12,1
C1022926752,1,305817.12,1
C757160228,1,305710.24,1
C423923937,1,305710.24,1
C385061535,1,305627.0,1
C1971951800,1,305627.0,1
C1263395993,1,305183.84,1
C1143524875,1,305183.84,1
C1642986177,1,304472.46,1
C1100493730,1,304472.46,1
C1637975724,1,304085.48,1
C1265131322,1,304085.48,1
C846260566,1,303846.74,1
C114421319,1,303846.74,1
C389495831,1,303432.45,1
C267641579,1,303432.45,1
C51409599,1,302227.56,1
C1204258741,1,302227.56,1
C260097311,1,301579.42,1
C1121500032,1,301579.42,1
C448102180,1,301193.32,1
C1669420376,1,301193.32,1
C683162403,1,299298.5,1
C1686770786,1,299298.5,1
C495349286,1,299172.82,1
C348424579,1,299172.82,1
C1983606729,1,299016.86,1
C1674907245,1,299016.86,1
C1961561601,1,298754.96,1
C1812719573,1,298754.96,1
C851575801,1,298384.21,1
C2097786726,1,298384.21,1
C18819667,1,298365.86,1
C1396514823,1,298365.86,1
C175252004,1,297846.16,1
C1422239092,1,297846.16,1
C2074097393,1,297465.74,1
C1409823757,1,297465.74,1
C81585635,1,296977.69,1
C1711814991,1,296977.69,1
C689814483,1,296940.32,1
C349781301,1,296940.32,1
C1519890432,1,296699.39,1
C1032143722,1,296699.39,1
C852926396,1,296349.8,1
C315643365,1,296349.8,1
C257884050,1,296333.54,1
C1650053869,1,296333.54,1
C796842245,1,296212.67,1
C1932157350,1,296212.67,1
C1858951589,1,296186.51,1
C1606793865,1,296186.51,1
C177042308,1,296156.97,1
C1382749859,1,296156.97,1
C1540448785,1,295664.18,1
C930467576,1,295205.08,1
C1570004468,1,295205.08,1
C728515752,1,295054.68,1
C1535946302,1,295054.68,1
C360215463,1,294989.71,1
C298906210,1,294989.71,1
C410437994,1,293470.64,1
C1445144451,1,293470.64,1
C902467451,1,292815.44,1
C1720512155,1,292815.44,1
C276080220,1,291527.75,1
C1048740617,1,291527.75,1
C1138105020,1,291519.84,1
C1607901570,1,291305.98,1
C1560190757,1,291305.98,1
C876551475,1,291264.2,1
C350043001,1,291264.2,1
C875460350,1,290491.12,1
C1333107954,1,290491.12,1
C58143708,1,290211.26,1
C2119322419,1,290211.26,1
C1799856639,1,290198.92,1
C1709832944,1,290198.92,1
C651955391,1,290090.57,1
C621851577,1,289177.34,1
C1686059852,1,289177.34,1
C1626435934,1,288263.38,1
C1298141757,1,288263.38,1
C920916112,1,288148.22,1
C1029607217,1,288148.22,1
C89259074,1,288032.02,1
C1630931168,1,287720.41,1
C1551847216,1,287720.41,1
C991624495,1,287040.14,1
C676682698,1,287040.14,1
C653164829,1,286835.21,1
C10969694,1,286835.21,1
C376115864,1,286769.07,1
C1562027253,1,286769.07,1
C1830145397,1,286670.9,1
C1129467798,1,286670.9,1
C58091991,1,286306.33,1
C1478839564,1,286306.33,1
C6772429,1,285382.07,1
C1098688796,1,285382.07,1
C171730324,1,285376.6,1
C1547058587,1,285376.6,1
C1539330075,1,285294.11,1
C1532572341,1,285294.11,1
C27924334,1,284000.25,1
C1354269038,1,284000.25,1
C487915581,1,283976.3,1
C1405363067,1,283976.3,1
C465712526,1,283429.1,1
C1897350199,1,283429.1,1
C1331429328,1,283415.1,1
C1030933184,1,283415.1,1
C2118682140,1,283400.42,1
C1772301094,1,283400.42,1
C474804465,1,283121.68,1
C1736479998,1,283121.68,1
C48363551,1,282500.69,1
C1495197432,1,282500.69,1
C441116746,1,282332.91,1
C1658291646,1,282332.91,1
C1107412386,1,282272.93,1
C1037384301,1,282272.93,1
C80713537,1,282018.0,1
C1696524301,1,282018.0,1
C645628840,1,281743.12,1
C1787061281,1,281743.12,1
C434363461,1,281439.26,1
C1857424764,1,281439.26,1
C943844631,1,281087.01,1
C2110645655,1,281087.01,1
C1892705319,1,281023.82,1
C1290764514,1,281023.82,1
C861498730,1,280258.44,1
C1955533905,1,280258.44,1
C583085719,1,279826.54,1
C1660783549,1,279826.54,1
C809970708,1,279776.54,1
C225616697,1,279776.54,1
C2093453750,1,279728.8,1
C2091501904,1,279728.8,1
C302294633,1,278619.91,1
C1738568883,1,278619.91,1
C939725119,1,278577.6,1
C311232614,1,278577.6,1
C571514738,1,277970.88,1
C677754789,1,277611.08,1
C230736806,1,277611.08,1
C731882373,1,277582.53,1
C570246252,1,277582.53,1
C435666818,1,277485.25,1
C275418011,1,277485.25,1
C1904194298,1,277048.48,1
C1602457625,1,277048.48,1
C71460104,1,276298.49,1
C2127664545,1,276298.49,1
C291010044,1,276253.24,1
C1828289501,1,276253.24,1
C864512280,1,276042.59,1
C2121024241,1,276042.59,1
C580353147,1,275082.0,1
C167926085,1,275082.0,1
C957617194,1,274799.58,1
C1406817938,1,274799.58,1
C67323389,1,274125.77,1
C2042839452,1,274125.77,1
C815544341,1,273821.76,1
C1049250816,1,273821.76,1
C1685224113,1,273746.13,1
C1227606415,1,273746.13,1
C227208955,1,273408.94,1
C1874866148,1,273408.94,1
C649293371,1,272997.35,1
C1738718306,1,272997.35,1
C1524911570,1,272791.44,1
C1370530926,1,272791.44,1
C468476477,1,272776.59,1
C1289473924,1,272776.59,1
C664179089,1,272716.64,1
C546068796,1,272716.64,1
C765286683,1,272637.22,1
C1424624531,1,272637.22,1
C1831005460,1,272187.2,1
C1460474682,1,272187.2,1
C863062485,1,271908.4,1
C1732817669,1,271908.4,1
C1750307657,1,271731.05,1
C1444079719,1,271731.05,1
C313871490,1,271229.8,1
C1608941213,1,271229.8,1
C1918913776,1,271150.29,1
C1276777256,1,271150.29,1
C1845662039,1,269722.42,1
C1478799121,1,269722.42,1
C895796754,1,269692.53,1
C1444170043,1,269692.53,1
C1771620140,1,269545.63,1
C156002993,1,269545.63,1
C1739573191,1,269476.09,1
C1458219596,1,269476.09,1
C638336367,1,269187.87,1
C1583425323,1,269187.87,1
C911599712,1,268762.37,1
C1802416227,1,268762.37,1
C2121303056,1,268641.82,1
C1068543577,1,268641.82,1
C2132178163,1,268366.47,1
C1564045599,1,268366.47,1
C400913352,1,268230.43,1
C2101762472,1,268230.43,1
C934789306,1,267564.83,1
C1397005077,1,267564.83,1
C2105369432,1,266836.35,1
C1938098816,1,266836.35,1
C98079296,1,266766.78,1
C167070759,1,266766.78,1
C1995045376,1,266746.42,1
C1414013313,1,266746.42,1
C351398995,1,266546.68,1
C1695279760,1,266546.68,1
C681894805,1,266351.6,1
C1133952211,1,266351.6,1
C493873264,1,265961.0,1
C1543581230,1,265961.0,1
C791486868,1,265836.1,1
C1759607478,1,265836.1,1
C211740170,1,265747.73,1
C1929273714,1,265747.73,1
C7350276,1,265680.73,1
C260243905,1,265680.73,1
C455997820,1,264949.69,1
C2115938599,1,264949.69,1
C886414281,1,264286.19,1
C395269260,1,264286.19,1
C987555684,1,264058.41,1
C2042705874,1,264058.41,1
C1469754483,1,263401.81,1
C1203132980,1,263401.81,1
C743933845,1,262960.23,1
C1547908337,1,262960.23,1
C1747817225,1,262678.53,1
C1721123505,1,262678.53,1
C612008977,1,262434.54,1
C380242442,1,262434.54,1
C542723764,1,261874.86,1
C1518978853,1,261874.86,1
C97431469,1,261742.96,1
C627102981,1,261742.96,1
C510704093,1,261331.82,1
C1922723403,1,261331.82,1
C566620514,1,260408.9,1
C1185249174,1,260408.9,1
C1903020590,1,259820.39,1
C1231260699,1,259820.39,1
C717552851,1,259186.43,1
C388401160,1,259186.43,1
C949934281,1,259103.16,1
C828264154,1,259103.16,1
C205442516,1,258570.41,1
C1586846066,1,258570.41,1
C797688696,1,258355.42,1
C1744173808,1,258355.42,1
C1350667222,1,258103.59,1
C1299552545,1,258103.59,1
C364328277,1,257988.47,1
C263880637,1,257988.47,1
C2004617547,1,257811.92,1
C1436545483,1,257811.92,1
C48659119,1,257643.59,1
C2081259491,1,257643.59,1
C344604572,1,256705.68,1
C1443276157,1,256705.68,1
C999470580,1,256556.98,1
C756475678,1,256556.98,1
C316531144,1,256417.06,1
C1500556384,1,256417.06,1
C2142316006,1,255557.12,1
C1891359614,1,255557.12,1
C445308859,1,255286.59,1
C361594462,1,255286.59,1
C180655933,1,255028.93,1
C1410026148,1,255028.93,1
C538038319,1,254947.37,1
C1632237950,1,254947.37,1
C370140887,1,254773.22,1
C1692377188,1,254773.22,1
C192491518,1,254719.63,1
C1458046968,1,254719.63,1
C502635125,1,254564.81,1
C1315489161,1,254564.81,1
C519703316,1,254528.76,1
C307774634,1,254528.76,1
C472522184,1,254440.83,1
C2120724538,1,254440.83,1
C1455547757,1,254167.15,1
C1340029873,1,254167.15,1
C740111360,1,253793.28,1
C1983479612,1,253793.28,1
C413656586,1,253672.83,1
C1668585491,1,253672.83,1
C1958275811,1,253648.68,1
C1608668742,1,253648.68,1
C2006029122,1,253498.36,1
C1102443690,1,253498.36,1
C989314619,1,253261.96,1
C1051090586,1,253261.96,1
C1902597722,1,253261.36,1
C1382936824,1,253261.36,1
C84626312,1,252667.75,1
C1246651614,1,252667.75,1
C793059779,1,252417.45,1
C1660826618,1,252417.45,1
C705527703,1,252189.32,1
C1515281371,1,252189.32,1
C483110811,1,251832.96,1
C303305963,1,251832.96,1
C1819822165,1,251683.05,1
C1713552362,1,251683.05,1
C89396076,1,251621.18,1
C558976656,1,251621.18,1
C1683790241,1,251199.91,1
C1596268050,1,251199.91,1
C8248650,1,251140.96,1
C2011208491,1,251140.96,1
C1714851618,1,251118.04,1
C119259664,1,251118.04,1
C900560128,1,250223.24,1
C1128836138,1,250223.24,1
C67003023,1,249984.75,1
C1452851320,1,249984.75,1
C1973032153,1,249791.3,1
C1562137241,1,249791.3,1
C1843224503,1,249749.05,1
C1837079929,1,249749.05,1
C977922578,1,249365.63,1
C1342636720,1,249365.63,1
C750661006,1,249159.26,1
C1488413166,1,249159.26,1
C650703118,1,249017.98,1
C406482973,1,249017.98,1
C9067919,1,248962.83,1
C2053743705,1,248962.83,1
C1409000148,1,248799.49,1
C1189969071,1,248799.49,1
C1589898085,1,248409.56,1
C1162648274,1,248409.56,1
C670432443,1,248242.32,1
C1060066770,1,248242.32,1
C634586560,1,248123.95,1
C2126149850,1,248123.95,1
C2133429010,1,248071.56,1
C1044014885,1,248071.56,1
C1689170857,1,248056.41,1
C1009564356,1,248056.41,1
C525875414,1,248043.99,1
C1815131206,1,248043.99,1
C673712025,1,247877.03,1
C579001815,1,247877.03,1
C672244107,1,247455.25,1
C1932237865,1,247455.25,1
C1822682019,1,246938.77,1
C1667993735,1,246938.77,1
C874576381,1,246402.71,1
C1112515195,1,246402.71,1
C2025541637,1,246280.14,1
C1848818372,1,246280.14,1
C1212610718,1,246250.77,1
C1147976411,1,246250.77,1
C552488033,1,245991.5,1
C1362497299,1,245991.5,1
C1779281480,1,245970.86,1
C1178104169,1,245970.86,1
C600157960,1,245694.84,1
C459404146,1,245694.84,1
C499608473,1,245155.25,1
C1838718052,1,245155.25,1
C867659609,1,245106.78,1
C1934932538,1,245106.78,1
C1941798570,1,244814.12,1
C1608735206,1,244814.12,1
C532681837,1,244519.75,1
C1637870907,1,244519.75,1
C542321512,1,244312.69,1
C1441292929,1,244312.69,1
C1777553960,1,244153.94,1
C1699421282,1,244153.94,1
C706331499,1,244068.01,1
C1855553543,1,244068.01,1
C1896575242,1,243747.83,1
C1220821347,1,243747.83,1
C387251817,1,243459.96,1
C1660559503,1,243459.96,1
C897010793,1,243348.28,1
C2011864062,1,243348.28,1
C942737312,1,243118.94,1
C1908664816,1,243118.94,1
C410529823,1,243028.65,1
C1658994093,1,243028.65,1
C149546103,1,242896.12,1
C1477702767,1,242896.12,1
C31250082,1,242678.33,1
C1141476786,1,242678.33,1
C1442778560,1,242296.17,1
C144113427,1,242296.17,1
C542787796,1,242179.39,1
C372683290,1,242179.39,1
C671135114,1,241337.83,1
C532302073,1,241337.83,1
C228666315,1,240899.12,1
C1990446259,1,240899.12,1
C868639312,1,240746.27,1
C1064040919,1,240746.27,1
C738144053,1,240580.4,1
C265543802,1,240580.4,1
C235660797,1,240427.17,1
C1490951962,1,240427.17,1
C1104558647,1,239646.72,1
C1053513851,1,239646.72,1
C1568773487,1,239556.06,1
C1554818720,1,239556.06,1
C891884680,1,239473.85,1
C1610940627,1,239473.85,1
C1447642335,1,239095.53,1
C138592034,1,239095.53,1
C74971191,1,238717.5,1
C222052738,1,238717.5,1
C339061789,1,237943.62,1
C1006104964,1,237943.62,1
C198915551,1,237776.02,1
C1388784349,1,237776.02,1
C855526143,1,237642.64,1
C714852776,1,237642.64,1
C1831118200,1,237567.35,1
C114245978,1,237567.35,1
C1636242484,1,236947.25,1
C116505755,1,236947.25,1
C745946273,1,236914.77,1
C423223953,1,236914.77,1
C82050695,1,236388.4,1
C2030940431,1,236388.4,1
C555566850,1,235763.38,1
C2083984370,1,235763.38,1
C605351789,1,235750.53,1
C1789153045,1,235750.53,1
C160106315,1,235512.2,1
C1481851679,1,235512.2,1
C448754795,1,235458.67,1
C1402958323,1,235458.67,1
C2100440237,1,235238.66,1
C116289363,1,235238.66,1
C1979812684,1,235075.62,1
C1423370545,1,235075.62,1
C531994851,1,234853.95,1
C2019813234,1,234853.95,1
C971747448,1,234787.38,1
C801426364,1,234787.38,1
C975019107,1,234723.4,1
C1884751175,1,234723.4,1
C669925274,1,234673.76,1
C1552333494,1,234673.76,1
C877378703,1,234377.29,1
C531586904,1,233699.25,1
C499085248,1,233699.25,1
C64627863,1,232565.37,1
C1381280025,1,232565.37,1
C1933153294,1,232315.43,1
C1903470107,1,232315.43,1
C363703027,1,232185.56,1
C1196187420,1,232185.56,1
C988859148,1,231978.48,1
C412977644,1,231978.48,1
C563164631,1,231161.48,1
C103115426,1,231161.48,1
C1590958349,1,230806.85,1
C13373079,1,230806.85,1
C1682998072,1,230652.43,1
C1559145787,1,230652.43,1
C1968237012,1,230204.96,1
C1358922022,1,230204.96,1
C1620159110,1,229909.57,1
C1849389849,1,228803.98,1
C1645689234,1,228803.98,1
C137422698,1,228751.77,1
C1065611861,1,228751.77,1
C579423409,1,228706.19,1
C1575445861,1,228706.19,1
C208687386,1,228416.57,1
C140205588,1,228416.57,1
C231892160,1,227994.78,1
C142613727,1,227994.78,1
C217315121,1,227955.85,1
C1980945664,1,227955.85,1
C971866524,1,227668.22,1
C528730854,1,227668.22,1
C1885290668,1,227624.3,1
C1761158321,1,227624.3,1
C1829345728,1,227349.18,1
C1520782025,1,227349.18,1
C819459156,1,227304.91,1
C127797193,1,227304.91,1
C396423191,1,227231.78,1
C1926682191,1,227231.78,1
C689972990,1,226804.13,1
C2087942542,1,226804.13,1
C673284647,1,226689.16,1
C229328572,1,226689.16,1
C385619809,1,226402.77,1
C1625988105,1,226402.77,1
C491430071,1,225923.37,1
C119989441,1,225923.37,1
C310772625,1,225850.53,1
C2097224214,1,225850.53,1
C1185292292,2,225576.15,2
C513601589,1,225361.44,1
C1657758486,1,225361.44,1
C1691016675,1,225324.05,1
C120557331,1,225324.05,1
C822023370,1,225301.45,1
C74903852,1,225301.45,1
C409358964,1,224913.14,1
C1275981046,1,224913.14,1
C158610955,1,224661.54,1
C1371510633,1,224661.54,1
C2067556284,1,224570.45,1
C1893337612,1,224378.1,1
C791615814,1,224230.16,1
C645291473,1,224230.16,1
C685901539,1,223730.4,1
C1763626980,1,223730.4,1
C856386556,1,223228.11,1
C1120953259,1,223228.11,1
C1424892116,1,222735.34,1
C1197434553,1,222735.34,1
C1914647954,1,222694.08,1
C1495297398,1,222694.08,1
C1843295387,1,222517.07,1
C1282495156,1,222517.07,1
C1793547874,1,222213.27,1
C1280260787,1,222213.27,1
C744862329,1,222097.11,1
C21867933,1,222097.11,1
C1700442291,1,222048.71,1
C1439182488,1,221936.6,1
C1029951793,1,221936.6,1
C200475488,1,221511.12,1
C110165718,1,221511.12,1
C711384774,1,221167.84,1
C1963510795,1,221167.84,1
C1071160283,1,221107.56,1
C1005726924,1,221107.56,1
C926634161,1,221077.97,1
C1325018812,1,221077.97,1
C997585991,1,219934.26,1
C852180070,1,219934.26,1
C584837450,1,219489.62,1
C1349213118,1,219489.62,1
C675616204,1,219407.52,1
C1603892651,1,219407.52,1
C1763889280,1,219300.76,1
C1482453836,1,219300.76,1
C2097103123,1,219278.81,1
C1615965100,1,219278.81,1
C1828774978,1,219275.19,1
C1184845365,1,219275.19,1
C682169691,1,219178.49,1
C1762108679,1,219178.49,1
C352364019,1,219110.27,1
C1362284778,1,219110.27,1
C65252492,1,218350.42,1
C632271407,1,218350.42,1
C584575879,1,218074.57,1
C1493086567,1,218074.57,1
C60471121,1,217666.25,1
C2073514796,1,217666.25,1
C991884461,1,217506.28,1
C1046276504,1,217506.28,1
C525809743,1,217357.58,1
C1467736806,1,217357.58,1
C948441746,1,217255.97,1
C1786011910,1,217255.97,1
C658289217,1,217231.0,1
C1181708889,1,217231.0,1
C938949509,1,216534.86,1
C580582167,1,216534.86,1
C7881234,1,216422.0,1
C1315078366,1,216422.0,1
C1976983084,1,216351.05,1
C1631716263,1,216351.05,1
C1784137006,1,216179.15,1
C1011918912,1,216179.15,1
C1896227461,1,216000.95,1
C1044750708,1,216000.95,1
C1735529317,1,215299.28,1
C1827355513,1,215013.3,1
C1227830084,1,215013.3,1
C677541710,1,214975.9,1
C155793474,1,214975.9,1
C781959592,1,214793.32,1
C423543548,1,214793.32,1
C2048290400,1,214760.72,1
C1845454349,1,214760.72,1
C265601701,1,213983.59,1
C151804423,1,213983.59,1
C744918576,1,213463.32,1
C29887493,1,213463.32,1
C796298418,1,212975.59,1
C1181920109,1,212975.59,1
C536599412,1,212613.29,1
C1294873831,1,212613.29,1
C81133890,1,212130.67,1
C1350854883,1,212130.67,1
C597280894,1,212089.74,1
C1881567873,1,212089.74,1
C350073748,1,212028.15,1
C1841831832,1,212028.15,1
C943512909,1,211721.9,1
C260205493,1,211721.9,1
C408442101,1,211628.75,1
C2037736375,1,211628.75,1
C2142384602,1,211186.03,1
C1635501277,1,211186.03,1
C493995477,1,210952.24,1
C468200037,1,210952.24,1
C2142575639,1,210691.92,1
C2092558737,1,210691.92,1
C1307679452,1,210525.95,1
C1070499276,1,210525.95,1
C982569135,1,209829.57,1
C1528787754,1,209829.57,1
C486241837,1,209340.53,1
C1658435419,1,209340.53,1
C576448483,1,208868.36,1
C1691226425,1,208868.36,1
C1560676019,1,208630.6,1
C1127756392,1,208630.6,1
C1514143343,1,208253.11,1
C1391038998,1,208253.11,1
C747395830,1,207801.38,1
C1092203712,1,207801.38,1
C720291074,1,207517.2,1
C2089777468,1,207517.2,1
C1898820013,1,207261.07,1
C1389517539,1,207261.07,1
C2015328275,1,207241.52,1
C1011806570,1,207241.52,1
C1770009220,1,207021.45,1
C1019270751,1,207021.45,1
C6898692,1,206985.26,1
C319370908,1,206985.26,1
C1610878503,1,205170.29,1
C1408847191,1,205170.29,1
C2058716445,1,205163.3,1
C1138882522,1,205163.3,1
C635085468,1,205129.12,1
C1531477011,1,205129.12,1
C846072778,1,204951.37,1
C1878476397,1,204951.37,1
C1687616355,1,204778.86,1
C1541299335,1,204778.86,1
C517910337,1,204721.27,1
C1450973124,1,204721.27,1
C717487050,1,204675.48,1
C1430251334,1,204675.48,1
C79931133,1,204030.2,1
C1562672245,1,204030.2,1
C819353215,1,203881.96,1
C1002233012,1,203881.96,1
C1426041212,1,203874.62,1
C1127806629,1,203874.62,1
C785941679,1,203848.61,1
C213809105,1,203848.61,1
C272145854,1,203280.85,1
C998349190,1,203119.08,1
C1542262415,1,203119.08,1
C966173999,1,202978.65,1
C22286417,1,202968.27,1
C1137974608,1,202968.27,1
C1822733472,1,202952.03,1
C1042309658,1,202952.03,1
C26411328,1,202887.77,1
C1368205157,1,202887.77,1
C632437973,1,202263.03,1
C1198778182,1,202263.03,1
C795184692,1,201988.55,1
C136499939,1,201988.55,1
C1582493595,1,201511.93,1
C1283027953,1,201511.93,1
C1577387180,1,201281.36,1
C1017401472,1,201281.36,1
C1949844658,1,201247.25,1
C1910018633,1,201247.25,1
C1996959376,1,200482.72,1
C1482507744,1,200482.72,1
C2069255486,1,200419.12,1
C1227889272,1,200419.12,1
C26656347,1,200418.1,1
C1172683481,1,200418.1,1
C461054573,1,200008.33,1
C1382326459,1,200008.33,1
C591114803,1,199940.02,1
C1528513380,1,199940.02,1
C1877061834,1,199878.85,1
C1111932941,1,199878.85,1
C279131656,1,199870.29,1
C1449860779,1,199870.29,1
C359165677,1,199414.45,1
C1445649140,1,199414.45,1
C543602105,1,198888.16,1
C1660535185,1,198888.16,1
C1073905576,1,198383.8,1
C1016011422,1,198383.8,1
C753192820,1,198043.93,1
C1178877830,1,198043.93,1
C742185953,1,197943.1,1
C1102600880,1,197943.1,1
C693288034,1,197226.65,1
C1896614473,1,197226.65,1
C333956896,1,196561.69,1
C1897803882,1,196561.69,1
C665462756,1,196385.55,1
C1620122433,1,196385.55,1
C677415412,1,196254.03,1
C1502933385,1,196254.03,1
C722271938,1,196149.04,1
C1815880438,1,196149.04,1
C1715093680,1,195708.55,1
C1248449720,1,195708.55,1
C1537336209,1,195562.98,1
C1065862739,1,195562.98,1
C639808302,1,195351.76,1
C504693752,1,195351.76,1
C1709387951,1,194876.96,1
C1257290689,1,194876.96,1
C987019949,1,194521.28,1
C411128068,1,194521.28,1
C2123949636,1,194180.11,1
C1857213290,1,194180.11,1
C2142754962,1,193706.98,1
C183491570,1,193706.98,1
C242591003,1,193663.9,1
C1048930255,1,193663.9,1
C401158445,1,193545.61,1
C273255421,1,193545.61,1
C623153893,1,192815.77,1
C353651788,1,192815.77,1
C764672612,1,192765.49,1
C243306413,1,192765.49,1
C662256008,1,191834.14,1
C1674773109,1,191834.14,1
C1879166409,1,191427.4,1
C131129476,1,191427.4,1
C1179424644,1,190815.79,1
C1000367306,1,190815.79,1
C697452731,1,190737.49,1
C1405052929,1,190737.49,1
C1637089162,1,190662.7,1
C114310836,1,190662.7,1
C842294440,1,190590.65,1
C1961352434,1,190590.65,1
C1927390532,1,190215.18,1
C1836069154,1,190215.18,1
C493481866,1,190100.29,1
C1048847167,1,190100.29,1
C972572502,1,188854.39,1
C453493362,1,188854.39,1
C519905782,1,188844.13,1
C1200309573,1,188844.13,1
C1365710126,1,188731.21,1
C1275666742,1,188731.21,1
C78389368,1,188658.45,1
C315033309,1,188658.45,1
C802139688,1,188473.09,1
C1609905558,1,188473.09,1
C182280764,1,188441.76,1
C1214261150,1,188441.76,1
C928566980,1,188249.17,1
C669965600,1,188249.17,1
C868509779,1,188097.08,1
C382299931,1,188097.08,1
C469325256,1,187761.76,1
C349611692,1,187761.76,1
C562686021,1,187128.57,1
C2119788875,1,187128.57,1
C50809455,1,186567.41,1
C370902983,1,186567.41,1
C936929482,1,186375.38,1
C216536888,1,186375.38,1
C834535104,1,186227.75,1
C1709297334,1,186227.75,1
C878343259,1,185529.91,1
C753666064,1,185529.91,1
C1366553935,1,185510.21,1
C1105587569,1,185510.21,1
C1531209289,1,185488.23,1
C1050859310,1,185488.23,1
C854032336,1,185391.82,1
C1058395716,1,185391.82,1
C939313752,1,185238.61,1
C138001655,1,185238.61,1
C2073991799,1,184588.59,1
C1402386572,1,184588.59,1
C345234644,1,183385.35,1
C1798388182,1,183385.35,1
C2070997054,1,183306.21,1
C1079318732,1,183306.21,1
C42157901,1,182927.08,1
C1377929083,1,182927.08,1
C654896050,1,182739.36,1
C451391923,1,182739.36,1
C316118193,1,182666.85,1
C1592896845,1,182666.85,1
C789014007,1,181728.11,1
C444447676,1,181647.66,1
C1435233045,1,181647.66,1
C965571904,1,181588.3,1
C57838104,1,181588.3,1
C1135968742,1,181545.14,1
C1072558316,1,181545.14,1
C875621777,1,181543.89,1
C1125433623,1,181543.89,1
C2145025000,1,181224.98,1
C1123337350,1,181224.98,1
C491258942,1,181104.66,1
C297560462,1,181104.66,1
C165922010,1,180967.56,1
C1127207923,1,180967.56,1
C700536860,1,180110.22,1
C1709413116,1,180110.22,1
C2071037920,1,179997.78,1
C1954451827,1,179997.78,1
C829501774,1,179725.06,1
C2023155598,1,179725.06,1
C434694643,1,179700.14,1
C1991324873,1,179700.14,1
C451429333,1,179648.89,1
C1343714931,1,179648.89,1
C1655359478,2,179543.43,2
C955198432,1,179321.12,1
C848134520,1,179321.12,1
C622012367,1,178616.12,1
C1669286784,1,178616.12,1
C2027238520,1,178569.48,1
C1241208981,1,178569.48,1
C798319481,1,178503.45,1
C1751688750,1,178503.45,1
C461887553,1,178344.25,1
C1751785530,1,178344.25,1
C790415785,1,178180.03,1
C1502223655,1,178180.03,1
C265276524,1,177925.98,1
C2019441541,1,177925.98,1
C1246356701,1,177680.54,1
C1346465513,1,177429.18,1
C1138209414,1,177429.18,1
C1505728182,1,177344.53,1
C118143453,1,177344.53,1
C869819387,1,177217.55,1
C1979293202,1,177217.55,1
C1789883459,1,177137.79,1
C1785173435,1,177137.79,1
C844865785,1,177022.52,1
C670534331,1,177022.52,1
C2119586471,1,176776.55,1
C1385675142,1,176776.55,1
C604175667,1,176700.12,1
C1656789626,1,176700.12,1
C1412132938,1,176626.77,1
C1305022941,1,176626.77,1
C886844880,1,176549.59,1
C1612941843,1,176549.59,1
C856044772,1,176273.29,1
C1025742188,1,176273.29,1
C1151960519,1,176059.16,1
C172711572,1,176007.37,1
C1708357030,1,176007.37,1
C684459901,1,175972.28,1
C1118456791,1,175972.28,1
C1996124584,1,175597.64,1
C1670620852,1,175597.64,1
C386798101,1,175328.85,1
C1422711438,1,175328.85,1
C1326115881,1,175313.96,1
C1170590191,1,175313.96,1
C211349976,1,175290.91,1
C1678235218,1,175290.91,1
C1805134264,1,175267.61,1
C1018310032,1,175267.61,1
C572787442,1,175203.45,1
C1046160944,1,175203.45,1
C1497527382,1,174923.28,1
C1217320472,1,174923.28,1
C2091877200,1,174725.11,1
C137059515,1,174725.11,1
C1335051776,1,174683.34,1
C1291302412,1,174683.34,1
C985066734,1,174566.53,1
C639161653,1,174566.53,1
C372000070,1,174324.94,1
C1530402774,1,174324.94,1
C570182217,1,174296.71,1
C1523305736,1,174296.71,1
C505532836,2,174238.21,2
C1633521068,1,174107.36,1
C1164504489,1,174107.36,1
C1628486398,1,173782.59,1
C1448192965,1,173782.59,1
C672297359,1,173668.46,1
C1972142839,1,173668.46,1
C811338954,1,173309.11,1
C1602479999,1,173309.11,1
C708073508,1,173020.24,1
C568155079,1,173020.24,1
C922949520,1,172915.56,1
C45573890,1,172510.95,1
C430727809,1,172510.95,1
C402578336,1,172362.84,1
C277647279,1,172362.84,1
C765807005,1,172344.3,1
C1656002474,1,172344.3,1
C432129572,1,171935.25,1
C1553779926,1,171935.25,1
C1810191197,1,171880.67,1
C1283356428,1,171880.67,1
C802921475,1,171878.27,1
C1846017772,1,171878.27,1
C1529736160,1,171788.82,1
C1283539626,1,171788.82,1
C2136467775,1,171651.7,1
C1174681739,1,171651.7,1
C936547996,1,171623.1,1
C864888723,1,171623.1,1
C920320326,1,171572.06,1
C1904581587,1,171572.06,1
C574361249,1,171456.83,1
C1987416199,1,171456.83,1
C780047306,1,171337.99,1
C1649774015,1,171337.99,1
C2119310535,1,171200.54,1
C375702646,1,170486.7,1
C1785940596,1,170486.7,1
C982724683,1,170038.31,1
C1691754688,1,170038.31,1
C2127862399,1,169941.73,1
C1394526584,1,169941.73,1
C2146789865,1,168622.3,1
C1850704979,1,168622.3,1
C752698440,1,168455.76,1
C1766231137,1,168455.76,1
C440988194,1,168303.36,1
C1698955763,1,168303.36,1
C1796245916,1,168033.36,1
C1196822116,1,168033.36,1
C209868118,1,167963.64,1
C1096030644,1,167963.64,1
C455719432,1,167907.12,1
C1701498090,1,167907.12,1
C2049883242,1,167806.93,1
C1195194203,1,167806.93,1
C987393521,1,167743.93,1
C1170488365,1,167743.93,1
C69798076,1,167715.53,1
C349231889,1,167715.53,1
C944240643,1,167679.27,1
C599607213,1,167679.27,1
C2099952089,1,167606.49,1
C1386785907,1,167606.49,1
C2066003164,1,167067.78,1
C1052777709,1,167067.78,1
C2123365185,1,167060.63,1
C1519708858,1,167060.63,1
C771431962,1,166972.46,1
C1949981498,1,166972.46,1
C900883802,1,166891.51,1
C2138077738,1,166891.51,1
C1404927892,1,166880.54,1
C1352381069,1,166880.54,1
C2098382104,1,166456.54,1
C1482523414,1,166456.54,1
C1721762273,1,166323.01,1
C1253692223,1,166323.01,1
C472347889,1,166271.16,1
C1289924528,1,166271.16,1
C823304803,1,165925.37,1
C36794671,1,165925.37,1
C436543926,1,165547.54,1
C184933792,1,165547.54,1
C615658157,1,165368.59,1
C1606646228,1,165368.59,1
C364970868,1,164519.7,1
C122914320,1,164519.7,1
C951883743,1,164502.06,1
C1837471455,1,164502.06,1
C383804904,1,164500.81,1
C149696600,1,164500.81,1
C782666310,1,164382.72,1
C245389073,1,164382.72,1
C701761965,1,164296.85,1
C1463059091,1,164296.85,1
C439854722,1,164213.17,1
C1325722809,1,164213.17,1
C1954906518,1,163852.19,1
C1652775924,1,163852.19,1
C21818636,1,163490.28,1
C2120357897,1,163490.28,1
C1498741927,1,163353.64,1
C1137288275,1,163353.64,1
C1284780903,1,163294.35,1
C1280060028,1,163294.35,1
C782178061,1,162756.9,1
C1824270535,1,162756.9,1
C446134087,1,162326.52,1
C404511346,1,162326.52,1
C581054448,1,162192.78,1
C1665056886,1,162192.78,1
C94435408,1,161939.36,1
C1832323051,1,161939.36,1
C65648363,1,161859.16,1
C278197109,1,161859.16,1
C500475172,1,161804.68,1
C1381867054,1,161804.68,1
C857162108,1,161536.55,1
C418678558,1,161536.55,1
C546830525,1,161272.92,1
C1747344158,1,161272.92,1
C2112991793,1,161147.38,1
C187881338,1,161147.38,1
C735378190,1,161024.8,1
C1602054456,1,161024.8,1
C2103355598,1,161016.65,1
C1655653682,1,161016.65,1
C770300650,1,160351.22,1
C1661119285,1,160351.22,1
C933704571,1,160296.55,1
C274241270,1,160296.55,1
C641152271,1,160186.79,1
C417515200,1,160186.79,1
C1106727089,1,160088.68,1
C993688560,1,159724.42,1
C576603787,1,159724.42,1
C98804816,1,159232.01,1
C1112225994,1,159232.01,1
C323730843,1,159106.12,1
C1471537489,1,159106.12,1
C286444496,1,159094.64,1
C2113597324,1,159094.64,1
C1985698288,1,158879.1,1
C1363273657,1,158879.1,1
C86858954,1,158788.32,1
C171435126,1,158788.32,1
C43669214,1,158489.29,1
C1969565765,1,158489.29,1
C631110333,1,158299.34,1
C1551346623,1,158299.34,1
C2038364008,1,158279.4,1
C1366404133,1,158279.4,1
C418687404,1,158245.65,1
C1048851683,1,158245.65,1
C879593477,1,158214.43,1
C1798298818,1,158214.43,1
C1586760736,1,158000.29,1
C1087985389,1,158000.29,1
C522259302,1,157705.36,1
C2081880408,1,157705.36,1
C492603644,1,157628.35,1
C257156867,1,157628.35,1
C912468991,1,157610.11,1
C1712237759,1,157610.11,1
C1786351253,1,157494.6,1
C1729475937,1,157494.6,1
C704220128,1,157353.39,1
C418719967,1,157353.39,1
C49314331,1,157277.0,1
C387977807,1,157277.0,1
C537034924,1,157272.13,1
C1938541482,1,157272.13,1
C792885931,1,157137.97,1
C390992716,1,157137.97,1
C738050575,1,156691.56,1
C1102996671,1,156691.56,1
C876852627,1,156396.46,1
C577061559,1,156396.46,1
C643171110,1,156220.74,1
C581356334,1,156220.74,1
C51866354,1,156039.36,1
C1844625482,1,156039.36,1
C2044342029,1,156011.24,1
C1588957214,1,156011.24,1
C654239643,1,155926.42,1
C314194629,1,155926.42,1
C769290642,1,155854.37,1
C1484687714,1,155854.37,1
C874278645,1,155799.82,1
C1666814997,1,155799.82,1
C927108992,1,155761.29,1
C2024978323,1,155761.29,1
C2068537951,1,155534.95,1
C1530802023,1,155534.95,1
C8466598,1,155121.58,1
C176494011,1,155121.58,1
C411004597,1,155028.83,1
C279725072,1,155028.83,1
C71357990,1,155002.83,1
C30026767,1,155002.83,1
C883310788,1,154196.49,1
C1068088118,1,154196.49,1
C338683828,1,154052.34,1
C2110724119,1,154052.34,1
C636633653,1,153870.09,1
C1994974381,1,153870.09,1
C547781326,1,153607.08,1
C1330100678,1,153607.08,1
C518686874,1,152961.49,1
C2003377069,1,152961.49,1
C455705565,1,152724.32,1
C1821499919,1,152724.32,1
C961261892,1,152372.18,1
C1150916602,1,152372.18,1
C1633587807,1,152331.26,1
C1006668962,1,152331.26,1
C1827976569,1,152314.49,1
C1142361265,1,152314.49,1
C45672156,1,152042.16,1
C1518422608,1,151994.59,1
C1158263027,1,151994.59,1
C997543700,1,151715.39,1
C1302224324,1,151715.39,1
C1242414689,1,151105.97,1
C10677720,1,151105.97,1
C484357624,1,150929.12,1
C2098308110,1,150929.12,1
C1502819168,1,150924.76,1
C1225971079,1,150924.76,1
C1959198865,1,150406.91,1
C1787507193,1,150406.91,1
C690687822,1,150405.2,1
C1414864266,1,150405.2,1
C528739527,1,150245.05,1
C1306048259,1,150245.05,1
C636863555,1,150205.64,1
C1745685493,1,150205.64,1
C188653077,1,150157.6,1
C1571596943,1,150157.6,1
C1899546171,1,149975.43,1
C1659926495,1,149975.43,1
C460735540,1,149668.66,1
C519434104,1,149656.36,1
C1401311936,1,149656.36,1
C1418590446,1,149535.0,1
C1092574222,1,149535.0,1
C396255249,1,149279.69,1
C1053517216,1,149279.69,1
C2034859520,1,148714.54,1
C1737815990,1,148714.54,1
C943795253,1,148680.12,1
C1499118681,1,148680.12,1
C819382970,1,148305.3,1
C1731551447,1,148305.3,1
C492308077,1,148188.84,1
C2001263601,1,148188.84,1
C1857166842,1,147957.23,1
C1718510079,1,147957.23,1
C755223579,1,147649.37,1
C1303263986,1,147649.37,1
C1479614331,1,147267.01,1
C1058127621,1,147267.01,1
C809515393,1,147230.63,1
C1378762120,1,147230.63,1
C1655602731,1,147186.94,1
C1599626479,1,147186.94,1
C1917732359,1,147171.3,1
C1248568402,1,147171.3,1
C862738497,1,147080.42,1
C627570303,1,147080.42,1
C1426723471,1,146908.38,1
C109980101,1,146908.38,1
C1831159717,1,146743.13,1
C1585124596,1,146743.13,1
C676856624,1,146729.67,1
C249687884,1,146729.67,1
C84868382,1,146681.74,1
C1772296269,1,146681.74,1
C225469649,1,146127.1,1
C1824914593,1,146127.1,1
C1598093158,1,146095.73,1
C1204122756,1,146095.73,1
C91534435,1,146061.11,1
C201681253,1,146061.11,1
C517557051,1,145982.36,1
C1455294114,1,145982.36,1
C835899289,1,145944.8,1
C248211897,1,145944.8,1
C325487676,1,145482.09,1
C1168895160,1,145482.09,1
C819262396,1,145458.94,1
C1996220019,1,145458.94,1
C677701060,1,145379.14,1
C1079863947,1,145379.14,1
C286939302,1,145067.24,1
C1347498132,1,145067.24,1
C73654740,1,145035.4,1
C2092567505,1,145035.4,1
C716019997,1,144945.34,1
C1251365829,1,144945.34,1
C2113246492,1,144876.4,1
C1584023529,1,144876.4,1
C389065516,1,144731.73,1
C1766457372,1,144731.73,1
C1937398960,1,144452.14,1
C1209725124,1,144452.14,1
C63457750,1,144283.42,1
C1266929646,1,144283.42,1
C359739038,1,144254.93,1
C1271215958,1,144254.93,1
C1419423459,1,144065.75,1
C1114367477,1,144065.75,1
C1678225992,1,144044.35,1
C1641586450,1,144044.35,1
C742977582,1,143660.11,1
C447183071,1,143660.11,1
C782234436,1,143592.89,1
C1008131550,1,143592.89,1
C1462968969,1,143501.7,1
C1054326856,1,143501.7,1
C1386404249,1,143500.62,1
C1109288229,1,143500.62,1
C91478894,1,143340.15,1
C110673427,1,143340.15,1
C163992807,1,143332.0,1
C1025108799,1,143332.0,1
C1494621207,1,143275.81,1
C1784460632,1,143175.23,1
C801162238,1,143032.0,1
C487776685,1,143032.0,1
C843542552,1,142791.28,1
C1444718945,1,142791.28,1
C1496408935,1,142715.07,1
C1202616415,1,142715.07,1
C2072772190,1,142336.65,1
C1941960795,1,142336.65,1
C1391104856,1,141837.8,1
C1119520541,1,141837.8,1
C607738036,1,141730.2,1
C1943218565,1,141730.2,1
C2003987697,1,141586.27,1
C135650185,1,141586.27,1
C595727199,1,141508.56,1
C2049392320,1,141508.56,1
C215554874,1,141410.98,1
C1291704939,1,141410.98,1
C287487374,1,140807.76,1
C1657343316,1,140807.76,1
C160013718,1,140523.4,1
C1418628619,1,140523.4,1
C503175927,1,140333.35,1
C1558494610,1,140333.35,1
C1960441382,1,139210.23,1
C1075980653,1,139210.23,1
C348431786,1,138993.63,1
C2027691361,1,138993.63,1
C946275837,1,138373.64,1
C1848640378,1,138373.64,1
C1533281477,1,138048.52,1
C134087262,1,138048.52,1
C191934228,1,137605.04,1
C1218914376,1,137605.04,1
C1700121209,1,137508.01,1
C1254777952,1,137508.01,1
C253711141,1,136983.26,1
C133256042,1,136983.26,1
C273852737,1,136903.9,1
C1148390150,1,136903.9,1
C2005239245,1,136562.78,1
C1707583711,1,136562.78,1
C2070347886,1,136331.05,1
C1819996738,1,136331.05,1
C1483261155,1,136245.39,1
C1232672480,1,136245.39,1
C1103234396,1,135977.23,1
C1057245798,1,135977.23,1
C2031100289,1,135845.3,1
C1924984729,1,135845.3,1
C276803409,1,135428.39,1
C1363250093,1,135428.39,1
C1559231794,1,135289.71,1
C1450998839,1,135289.71,1
C269782536,1,135200.37,1
C1975333584,1,135200.37,1
C1842013922,1,135100.36,1
C1271530552,1,135100.36,1
C2074890219,1,134861.82,1
C1715366511,1,134861.82,1
C465493916,1,134725.66,1
C1604176054,1,134725.66,1
C159277723,1,134623.95,1
C1000039615,1,134623.95,1
C271149484,1,134515.36,1
C257288692,1,134515.36,1
C354295932,1,134497.41,1
C1667005815,1,134497.41,1
C1483980714,1,134383.84,1
C1466098281,1,134383.84,1
C855760183,1,134313.22,1
C273071988,1,134313.22,1
C771844472,1,134297.68,1
C1052561148,1,134297.68,1
C633958769,1,134293.12,1
C2005939725,1,134293.12,1
C1980653895,2,134287.29,2
C1989640257,1,134227.05,1
C1135493559,1,134227.05,1
C1951372697,1,134194.59,1
C1335637774,1,134194.59,1
C410033330,2,133781.84,2
C260277833,1,133632.24,1
C1963533045,1,133632.24,1
C847781012,1,133057.11,1
C284636751,1,133057.11,1
C463737708,1,132973.41,1
C1388012152,1,132973.41,1
C1531800097,1,132943.98,1
C1108748738,1,132943.98,1
C297927961,1,132842.64,1
C520559752,1,132438.82,1
C212208463,1,132438.82,1
C194390242,1,132294.93,1
C178892179,1,132294.93,1
C1742037913,1,131842.85,1
C1566175487,1,131842.85,1
C437393063,1,131597.73,1
C1706673485,1,131597.73,1
C896468474,1,131594.12,1
C570708188,1,131594.12,1
C265146137,1,131261.23,1
C1452204063,1,131261.23,1
C1860792414,1,131050.76,1
C1518001557,1,131050.76,1
C591761784,1,130987.75,1
C2040166984,1,130987.75,1
C99611102,1,130777.09,1
C1447531864,1,130777.09,1
C1992581465,1,130668.56,1
C1470984619,1,130668.56,1
C312459798,1,130653.37,1
C238467459,1,130653.37,1
C1884505964,1,130479.52,1
C1838587779,1,130479.52,1
C2144739676,1,130278.99,1
C1015309209,1,130278.99,1
C880160644,1,128936.95,1
C1158181997,1,128936.95,1
C888357097,1,128893.5,1
C810812783,1,128893.5,1
C952933933,1,128718.59,1
C1386809119,1,128718.59,1
C202489390,1,128572.96,1
C1192180200,1,128572.96,1
C786510892,1,128473.62,1
C540657255,1,128473.62,1
C631598380,1,128440.4,1
C1681867891,1,128440.4,1
C840755462,1,128426.58,1
C11731793,1,128426.58,1
C1736477135,1,128417.96,1
C1469656123,1,128417.96,1
C786580223,1,128133.0,1
C129500962,1,128133.0,1
C98246115,1,127916.67,1
C473607124,1,127916.67,1
C548284315,1,127905.82,1
C2008752241,1,127905.82,1
C312345,1,127564.33,1
C1866365124,1,127564.33,1
C548974212,1,127528.92,1
C1175951060,1,127528.92,1
C991907314,1,127447.68,1
C2119771429,1,127447.68,1
C517963020,1,127342.3,1
C1420397387,1,127342.3,1
C680745289,1,127156.49,1
C627190872,1,127156.49,1
C681167784,1,127120.88,1
C574551822,1,127120.88,1
C1993931495,1,127091.33,1
C1668573302,1,127091.33,1
C1457828270,1,127018.14,1
C136299479,1,127018.14,1
C959311231,1,126848.63,1
C845513235,1,126848.63,1
C650234869,1,126715.84,1
C1309332634,1,126715.84,1
C892311426,1,126690.14,1
C1015650621,1,126690.14,1
C143103274,1,126431.61,1
C1049744431,1,126431.61,1
C1418842986,1,126375.17,1
C1409221160,1,126375.17,1
C39677871,1,126192.63,1
C1301744071,1,126192.63,1
C1635495896,1,126061.45,1
C1089646901,1,126061.45,1
C631063987,1,125822.44,1
C1787543142,1,125822.44,1
C1795712220,1,125464.46,1
C1070752768,1,125464.46,1
C254097050,1,125464.42,1
C1332940364,1,125464.42,1
C898274141,1,125216.91,1
C1183977547,1,125216.91,1
C1223829389,1,125159.2,1
C1125025410,1,125159.2,1
C698942634,1,125153.57,1
C1226867237,1,125153.57,1
C490114096,1,125146.75,1
C1481637104,1,125146.75,1
C1820507846,1,125107.12,1
C1683701941,1,125107.12,1
C390493642,1,124696.98,1
C1897996177,1,124696.98,1
C1739564153,1,124582.58,1
C1161818914,1,124582.58,1
C1815024407,1,124465.49,1
C100500839,1,124465.49,1
C571016162,1,124311.57,1
C1482135742,1,124311.57,1
C1733479449,1,124202.04,1
C1547230458,1,124202.04,1
C742155073,1,124121.57,1
C411274724,1,124121.57,1
C203519578,1,124057.58,1
C1324615227,1,124057.58,1
C1924072555,1,123259.24,1
C1392776813,1,123259.24,1
C1755380031,1,123194.95,1
C918154390,1,123146.28,1
C64963279,1,123146.28,1
C1843501227,1,122816.67,1
C1681760048,1,122816.67,1
C464861885,1,122639.34,1
C1974637471,1,122639.34,1
C2100791242,1,122235.11,1
C1905066109,1,122235.11,1
C1200316948,1,122101.57,1
C1898572552,1,122090.79,1
C1882225131,1,122090.79,1
C1919617921,1,122032.62,1
C1628037417,1,122032.62,1
C1409959,1,121626.82,1
C101179743,1,121626.82,1
C979925906,1,121579.98,1
C1160105017,1,121579.98,1
C723423255,1,121543.83,1
C1571077374,1,121543.83,1
C1910414505,1,121142.75,1
C1007502617,1,121142.75,1
C832749526,1,120843.94,1
C1217175630,1,120843.94,1
C997122049,1,120598.96,1
C933941946,1,120598.96,1
C752144431,1,120582.86,1
C1026686567,1,120582.86,1
C80160566,1,120491.56,1
C1727044714,1,120491.56,1
C252489504,1,120411.9,1
C252146807,1,120411.9,1
C878440089,1,120406.39,1
C1177827371,1,120406.39,1
C31115617,1,120385.1,1
C1596015733,1,120385.1,1
C786116491,1,120232.13,1
C1387576762,1,120232.13,1
C488579069,1,120214.74,1
C193366588,1,120214.74,1
C162114152,1,120074.73,1
C525813177,1,119454.86,1
C1238137303,1,119454.86,1
C900573262,1,119443.3,1
C1892138777,1,119443.3,1
C1830685403,1,119306.06,1
C136557058,1,119306.06,1
C1263469506,1,119143.75,1
C1229370593,1,119143.75,1
C1803677930,1,119041.12,1
C156225699,1,119041.12,1
C74060450,1,118499.44,1
C1877373343,1,118499.44,1
C398791968,1,118462.93,1
C1521894181,1,118462.93,1
C838301055,1,118111.77,1
C5500994,1,118111.77,1
C610195484,1,118106.94,1
C1461492607,1,118106.94,1
C96260697,1,117683.42,1
C356995012,1,117683.42,1
C807316421,1,117345.35,1
C633592175,1,117345.35,1
C835865588,1,116977.16,1
C1666306933,1,116977.16,1
C2063324566,1,116974.87,1
C1626661706,1,116974.87,1
C1268912585,1,116940.32,1
C119628721,1,116940.32,1
C1592225219,1,116798.38,1
C1287632280,1,116798.38,1
C1908047930,1,116636.06,1
C1430191148,1,116636.06,1
C636323541,1,116530.2,1
C590191709,1,116530.2,1
C63537571,1,116489.77,1
C1731829821,1,116489.77,1
C2126645098,1,116419.58,1
C1212953381,1,116419.58,1
C814886797,1,115881.21,1
C1661320351,1,115881.21,1
C509574480,1,115782.68,1
C149911894,1,115782.68,1
C418577182,1,115599.26,1
C1937119864,1,115599.26,1
C895867127,1,115535.52,1
C209338104,1,115535.52,1
C238575749,1,115461.48,1
C1434520582,1,115461.48,1
C1970886312,1,115125.3,1
C1546609345,1,115125.3,1
C544794295,1,115085.31,1
C1919218526,1,115085.31,1
C804873072,1,114889.61,1
C546104112,1,114889.61,1
C758149808,1,114864.37,1
C2041696205,1,114864.37,1
C377777926,1,114827.36,1
C1362630916,1,114827.36,1
C532073987,1,114743.39,1
C1691662362,1,114743.39,1
C548495641,1,114627.08,1
C1387515555,1,114627.08,1
C1196711051,1,114490.39,1
C1060799549,1,114490.39,1
C209796396,1,114483.78,1
C1235106640,1,114483.78,1
C1798936808,1,114339.1,1
C1385287774,1,114339.1,1
C1982709686,1,114308.2,1
C1419412213,1,114308.2,1
C1959262781,1,114253.58,1
C1066960436,1,114253.58,1
C894811944,1,114169.66,1
C685365077,1,114169.66,1
C1738374799,1,114149.44,1
C1367473638,1,114149.44,1
C68578357,1,114017.19,1
C1508275623,1,114017.19,1
C2051766253,1,113921.02,1
C197409324,1,113921.02,1
C631818291,1,113829.89,1
C50502894,1,113829.89,1
C751692069,1,113687.0,1
C1223894198,1,113687.0,1
C839259296,1,113614.57,1
C1742051679,1,113614.57,1
C1980457812,1,113447.92,1
C1675116144,1,113447.92,1
C752204591,1,113360.8,1
C410972619,1,113360.8,1
C895376277,1,113338.99,1
C1045024523,1,113338.99,1
C506139179,1,113336.41,1
C1519560642,1,113336.41,1
C601864422,1,113309.55,1
C471979620,1,113309.55,1
C700261838,1,113273.1,1
C1005714733,1,113273.1,1
C1897016446,1,112988.36,1
C1857609531,1,112988.36,1
C2018087281,1,112958.85,1
C1783916245,1,112958.85,1
C963685375,1,112835.43,1
C792542501,1,112835.43,1
C670042954,1,112668.54,1
C487582896,1,112668.54,1
C1804497744,1,112656.24,1
C1654926688,1,112656.24,1
C179706450,1,112486.46,1
C1902434335,1,112363.33,1
C1072775403,1,112363.33,1
C708118422,1,112280.88,1
C308195819,1,111764.7,1
C1645485854,1,111764.7,1
C948382009,1,111467.61,1
C1483387344,1,111467.61,1
C1541089599,1,111033.79,1
C1203444656,1,111033.79,1
C949239257,1,110528.53,1
C1002952732,1,110528.53,1
C846435560,1,110457.0,1
C1839671644,1,110457.0,1
C814296672,1,110344.11,1
C329210788,1,110344.11,1
C408634115,1,109525.67,1
C1035427073,1,109525.67,1
C337579043,1,109401.88,1
C1806203979,1,109401.88,1
C1679780828,1,109028.8,1
C1502942700,1,109028.8,1
C724702929,1,109008.53,1
C1615265325,1,109008.53,1
C254515783,1,108994.49,1
C1022058652,1,108994.49,1
C1779832819,1,108783.2,1
C1294736725,1,108783.2,1
C71110217,1,108779.53,1
C188272738,1,108779.53,1
C48282627,1,108755.28,1
C249062179,1,108755.28,1
C293709567,1,108560.06,1
C1904675191,1,108560.06,1
C2097692432,1,108240.74,1
C1533222283,1,108240.74,1
C831415203,1,108213.6,1
C810627720,1,108213.6,1
C816944286,1,107834.85,1
C63022697,1,107834.85,1
C968531145,1,107773.49,1
C270375529,1,107773.49,1
C237935260,1,107732.98,1
C1517484697,1,107732.98,1
C43570912,1,107363.54,1
C1072661124,1,107363.54,1
C2138212554,1,107351.33,1
C1822662997,1,107351.33,1
C937316720,1,107320.81,1
C1535674446,1,107320.81,1
C390359674,1,107246.03,1
C1050312634,1,107246.03,1
C1824138036,1,107188.41,1
C1021456304,1,107188.41,1
C355360625,1,107128.17,1
C1550443264,1,107128.17,1
C332712449,1,106850.22,1
C1278604437,1,106850.22,1
C1721123113,1,106681.18,1
C1298333161,1,106681.18,1
C431559844,1,106673.26,1
C2119441360,1,106673.26,1
C297867369,1,106654.67,1
C219723061,1,106654.67,1
C1932810385,1,106642.43,1
C1753584812,1,106642.43,1
C278215975,1,106601.15,1
C113727992,1,106601.15,1
C746130258,1,106596.14,1
C107263754,1,106596.14,1
C291162245,1,106584.32,1
C2000713595,1,106584.32,1
C597435768,1,106460.7,1
C1583623584,1,106460.7,1
C490606364,1,106434.23,1
C1867808615,1,106434.23,1
C775257177,1,106290.68,1
C742240687,1,106290.68,1
C350986885,1,105903.18,1
C1155351357,1,105903.18,1
C294852221,1,105861.07,1
C152930989,1,105861.07,1
C959776008,1,105859.41,1
C1506005745,1,105859.41,1
C650299335,1,105733.45,1
C1550187391,1,105733.45,1
C849805012,1,105491.11,1
C1068795979,1,105491.11,1
C19292778,1,105269.81,1
C1345723287,1,105269.81,1
C1432077169,1,105097.16,1
C119014048,1,105097.16,1
C70652634,1,105080.35,1
C671140271,1,105080.35,1
C621663353,1,104957.85,1
C2049190094,1,104957.85,1
C2101227966,1,104171.37,1
C203735779,1,104171.37,1
C837253504,1,103949.5,1
C1711150495,1,103949.5,1
C862778283,1,103909.1,1
C1134805695,1,103909.1,1
C1347548584,1,103368.58,1
C1173174828,1,103368.58,1
C911664273,1,103124.43,1
C1795673999,1,103124.43,1
C858355764,1,103078.52,1
C728668261,1,103078.52,1
C761769299,1,103056.0,1
C1389963224,1,103056.0,1
C759846487,1,103053.5,1
C2136380114,1,103053.5,1
C1663207814,1,102945.99,1
C1626596200,1,102945.99,1
C908283595,1,102750.55,1
C1084363667,1,102750.55,1
C1921981173,1,102660.35,1
C1661818844,1,102660.35,1
C95792829,1,102464.68,1
C1595540217,1,102464.68,1
C345453750,1,102371.12,1
C1944707088,1,102371.12,1
C993674032,1,102256.57,1
C521981840,1,102256.57,1
C949501581,1,102229.91,1
C1344630204,1,102229.91,1
C1571003117,1,102009.37,1
C1044221964,1,102009.37,1
C544677509,1,101903.69,1
C1977391812,1,101903.69,1
C581841724,1,101515.68,1
C113661013,1,101515.68,1
C898783752,1,101408.84,1
C1526938808,1,101408.84,1
C86900925,1,101392.92,1
C486861418,1,101392.92,1
C772067797,1,101081.12,1
C359505480,1,101081.12,1
C463938761,1,101013.32,1
C1874406892,1,101013.32,1
C503182041,1,100840.93,1
C1902905747,1,100840.93,1
C693486169,1,100762.66,1
C515991541,1,100762.66,1
C1628647605,1,100433.21,1
C1468294799,1,100433.21,1
C307821944,1,100109.03,1
C1082903633,1,100109.03,1
C587386073,1,99808.45,1
C467980258,1,99808.45,1
C608557779,1,99804.21,1
C1679076725,1,99804.21,1
C987180793,1,99793.9,1
C892594669,1,99793.9,1
C258696334,1,99656.93,1
C1339104095,1,99656.93,1
C843527352,1,99458.21,1
C1947200265,1,99458.21,1
C590920487,1,99316.36,1
C1178212988,1,99316.36,1
C1492417626,1,99168.97,1
C1422044374,1,99168.97,1
C603653180,1,99165.12,1
C329394492,1,99165.12,1
C253226648,1,99139.27,1
C1984865103,1,99139.27,1
C908334947,1,98918.12,1
C311901651,1,98918.12,1
C1535626226,1,98897.07,1
C1376329806,1,98897.07,1
C489315862,1,98736.52,1
C1874416454,1,98736.52,1
C280090898,1,98692.72,1
C1665025289,1,98692.72,1
C1491818323,1,98634.75,1
C12493912,1,98634.75,1
C62219962,1,98533.36,1
C1790666216,1,98533.36,1
C677305975,1,98099.07,1
C423322656,1,98099.07,1
C2076838677,1,98086.09,1
C1180721612,1,98086.09,1
C2037283628,1,98050.29,1
C1588665319,1,98050.29,1
C410264371,1,97091.24,1
C1248865150,1,97091.24,1
C817819913,1,96989.06,1
C1959379782,1,96989.06,1
C74177098,1,96640.12,1
C505855307,1,96640.12,1
C359717577,1,96474.91,1
C1435664818,1,96474.91,1
C397888412,1,96286.54,1
C1394632446,1,96286.54,1
C1720721903,1,95428.32,1
C657935112,1,95348.33,1
C1027684091,1,95348.33,1
C967833136,1,95267.81,1
C1274877827,1,95267.81,1
C924123297,1,95235.46,1
C2000632199,1,95235.46,1
C2133878060,1,95105.01,1
C1040142745,1,95105.01,1
C623604516,1,95064.86,1
C2147250733,1,95064.86,1
C282454606,1,94613.12,1
C2083130101,1,94613.12,1
C793233839,1,94431.98,1
C2076547947,1,94431.98,1
C421443093,1,94372.61,1
C1676513288,1,94261.84,1
C1496631599,1,94261.84,1
C298210338,1,93884.26,1
C217954795,1,93884.26,1
C2104652067,1,93810.76,1
C1262577882,1,93810.76,1
C247181868,1,93732.16,1
C1985339190,1,93732.16,1
C450794008,1,93708.08,1
C37447993,1,93708.08,1
C220373789,1,93581.19,1
C1013301931,1,93581.19,1
C678733325,1,93483.23,1
C2085820540,1,93483.23,1
C977089472,1,93459.89,1
C1076725693,1,93459.89,1
C871887337,1,93253.25,1
C1413631677,1,93253.25,1
C839403720,1,93083.27,1
C2067685892,1,93083.27,1
C570188819,1,92735.71,1
C413722554,1,92735.71,1
C1727290928,1,92641.52,1
C153727053,1,92641.52,1
C495812513,1,92545.17,1
C1147986175,1,92545.17,1
C1868659811,1,92145.4,1
C1630824313,1,92145.4,1
C202555982,1,92057.19,1
C1243210934,1,92057.19,1
C254188443,1,92043.22,1
C1769542876,1,92043.22,1
C856589139,1,92001.22,1
C332333924,1,92001.22,1
C696774092,1,91882.6,1
C1901879882,1,91882.6,1
C415375205,1,91691.75,1
C1966998418,1,91691.75,1
C1495941646,1,91655.26,1
C1156197482,1,91655.26,1
C1407010141,1,91637.51,1
C1191948500,1,91637.51,1
C467148053,1,90915.0,1
C1111485677,1,90915.0,1
C248812061,1,90346.05,1
C1902927985,1,90346.05,1
C1303889891,1,90204.54,1
C1254182177,1,90204.54,1
C514777944,1,90026.9,1
C1303144727,1,90026.9,1
C729066326,1,89846.18,1
C567213165,1,89846.18,1
C101606324,1,89845.29,1
C209740901,1,89657.36,1
C1638592349,1,89657.36,1
C2048578791,1,89631.24,1
C1748042844,1,89631.24,1
C987355544,1,89596.79,1
C1154746832,1,89596.79,1
C1460548505,1,89571.46,1
C91936186,1,89303.18,1
C1033435572,1,89303.18,1
C621322132,1,89014.32,1
C2076906949,1,89014.32,1
C997271871,1,88748.63,1
C655242288,1,88748.63,1
C1743229382,1,88649.1,1
C1425524479,1,88649.1,1
C697909635,1,88424.06,1
C1378618834,1,88424.06,1
C2046106901,1,88099.88,1
C1246176741,1,88099.88,1
C757947873,1,87999.25,1
C559467589,1,87698.36,1
C2115677481,1,87698.36,1
C923245844,1,87660.69,1
C885540169,1,87660.69,1
C1831197115,1,87622.5,1
C1148930688,1,87622.5,1
C601150509,1,87541.41,1
C452558889,1,87541.41,1
C419461239,1,87438.83,1
C373099363,1,87438.83,1
C698487016,1,87381.78,1
C369327897,1,87381.78,1
C452349512,1,87219.11,1
C1380927357,1,87219.11,1
C959315595,1,87167.88,1
C2032615769,1,87167.88,1
C605981144,1,86848.88,1
C2050121907,1,86848.88,1
C185244782,1,86258.11,1
C1764741760,1,86258.11,1
C764101152,1,86170.94,1
C192831287,1,86170.94,1
C1653796300,1,86111.65,1
C1122913595,1,86111.65,1
C560041895,1,86070.17,1
C1191544932,1,86070.17,1
C942119622,1,86002.09,1
C1320785064,1,86002.09,1
C766485430,1,85637.08,1
C1098977292,1,85637.08,1
C1851184528,1,85408.24,1
C1236162256,1,85408.24,1
C527482085,1,85354.69,1
C382431057,1,85354.69,1
C305321296,1,85303.24,1
C1330770993,1,85303.24,1
C2119235078,1,85113.85,1
C1814482000,1,85113.85,1
C1622163185,1,85017.99,1
C1506966861,1,85017.99,1
C1971161098,1,84771.55,1
C1305397370,1,84771.55,1
C587388242,1,84703.87,1
C239391971,1,84703.87,1
C540530453,1,84480.05,1
C241184394,1,84480.05,1
C250821807,1,84312.29,1
C1947737398,1,84312.29,1
C622968772,1,84196.79,1
C299259350,1,84196.79,1
C893760523,1,84174.31,1
C2119229294,1,84174.31,1
C224273997,1,84007.22,1
C1006401921,1,84007.22,1
C898953864,1,82971.91,1
C509018542,1,82971.91,1
C590051909,1,82869.09,1
C275663782,1,82869.09,1
C1737223057,1,82806.2,1
C1480756205,1,82806.2,1
C1405076025,1,82767.31,1
C133385139,1,82767.31,1
C1774300494,1,82764.07,1
C165280484,1,82764.07,1
C314896314,1,82750.0,1
C199658774,1,82750.0,1
C778090649,1,82665.47,1
C2119966588,1,82665.47,1
C478014939,1,82648.3,1
C1799501138,1,82648.3,1
C4388262,1,82535.57,1
C1827585745,1,82535.57,1
C1407664911,1,82527.13,1
C1208558259,1,82527.13,1
C911165143,1,82504.16,1
C519616178,1,82504.16,1
C815628563,1,82209.71,1
C2066467731,1,82209.71,1
C299512906,1,82112.74,1
C1324801555,1,82112.74,1
C9901046,1,81867.07,1
C2064372710,1,81867.07,1
C526174668,1,81814.51,1
C1241749238,1,81814.51,1
C538679361,1,81677.17,1
C1291785655,1,81677.17,1
C1611688554,1,81278.73,1
C940142148,1,81244.31,1
C767985950,1,81244.31,1
C364331020,1,81216.23,1
C1990779832,1,81216.23,1
C582821182,1,80885.48,1
C1529468994,1,80885.48,1
C2086699676,1,80800.21,1
C1150452226,1,80800.21,1
C909134894,1,80397.86,1
C1153377397,1,80397.86,1
C753706264,1,80336.26,1
C1614002378,1,80336.26,1
C1976548052,1,79938.47,1
C1266885726,1,79938.47,1
C1874670723,1,79717.14,1
C1824298603,1,79717.14,1
C701219396,1,79712.37,1
C290202639,1,79712.37,1
C93455814,1,79594.91,1
C1488768076,1,79594.91,1
C547672572,1,79581.24,1
C1490705350,1,79581.24,1
C1911772195,1,79446.06,1
C1491493728,1,79446.06,1
C795372753,1,79441.66,1
C36534041,1,79441.66,1
C973123570,1,79323.25,1
C2113418561,1,79323.25,1
C431840204,1,79076.14,1
C1368378517,1,79076.14,1
C1226285099,1,79039.81,1
C385289629,1,79031.41,1
C354861131,1,79031.41,1
C717942686,1,78810.3,1
C1780087922,1,78810.3,1
C2123466960,1,78741.64,1
C1402138462,1,78741.64,1
C1789053993,1,78357.77,1
C1220198198,1,78357.77,1
C200964845,1,78028.89,1
C1203351352,1,78028.89,1
C312865842,1,77773.14,1
C2060664104,1,77773.14,1
C341763133,1,77710.4,1
C1523557746,1,77710.4,1
C211860517,1,76960.91,1
C205627082,1,76960.91,1
C78561633,1,76732.89,1
C420728464,1,76732.89,1
C587506100,1,76646.05,1
C110048242,1,76646.05,1
C2036177747,1,76642.85,1
C1564124354,1,76642.85,1
C756075054,1,76640.82,1
C233158023,1,76640.82,1
C870778014,1,76582.23,1
C2131209365,1,76582.23,1
C881850638,1,76548.48,1
C2016906281,1,76548.48,1
C1787012776,1,76200.04,1
C1713255424,1,76200.04,1
C1784771871,1,76133.19,1
C1258331741,1,76133.19,1
C1561593224,1,75734.99,1
C757180860,1,75708.87,1
C1387152188,1,75708.87,1
C381855260,1,75659.33,1
C1577384296,1,75659.33,1
C1609209169,1,75480.15,1
C1538735,1,75480.15,1
C933913853,1,75113.49,1
C1798476342,1,75113.49,1
C887702391,1,74921.74,1
C2116852937,1,74921.74,1
C682036673,1,74854.93,1
C1073858020,1,74854.93,1
C313857348,1,74804.24,1
C1699565892,1,74804.24,1
C2104621109,1,74709.4,1
C1650736473,1,74709.4,1
C450042361,1,74581.07,1
C1628153778,1,74581.07,1
C99638718,1,74447.11,1
C1258404685,1,74447.11,1
C1164535816,1,74436.56,1
C1086411656,1,74436.56,1
C570435842,1,74177.92,1
C1027008059,1,74177.92,1
C755568300,1,74076.48,1
C1147163702,1,74076.48,1
C2035661541,1,73946.79,1
C1543571230,1,73946.79,1
C641860418,1,73929.99,1
C343919931,1,73929.99,1
C716157747,1,73599.57,1
C1604656634,1,73599.57,1
C1985866614,1,73561.74,1
C1058934760,1,73561.74,1
C80114105,1,73486.8,1
C301912677,1,73486.8,1
C710448547,1,73328.47,1
C1915328569,1,73328.47,1
C301882275,1,73110.82,1
C1237294806,1,73110.82,1
C1039637819,1,73064.41,1
C1014517365,1,73064.41,1
C1359285806,1,73053.41,1
C1254045006,1,73053.41,1
C2051261530,1,73051.02,1
C1444289566,1,73051.02,1
C262328593,1,72955.08,1
C1880386653,1,72955.08,1
C286946367,1,72901.03,1
C1818578637,1,72901.03,1
C1836993798,1,72878.02,1
C124815861,1,72878.02,1
C1607889620,1,72782.82,1
C141288086,1,72782.82,1
C253218862,1,72665.95,1
C1800302951,1,72665.95,1
C121215038,1,72547.29,1
C1046167270,1,72547.29,1
C2044300505,1,72389.42,1
C1892199981,1,72389.42,1
C1624457512,1,71921.7,1
C1091824995,1,71921.7,1
C847386551,1,71867.47,1
C1148585610,1,71867.47,1
C2082391847,1,71729.96,1
C1355260176,1,71729.96,1
C967051629,1,71693.42,1
C2145121206,1,71693.42,1
C267842927,1,71666.93,1
C1733725096,1,71666.93,1
C1560648238,1,71554.74,1
C1077131612,1,71554.74,1
C488128368,1,71511.19,1
C1553362573,1,71511.19,1
C1880748813,1,71439.81,1
C1141419100,1,71439.81,1
C2120774041,1,71372.0,1
C634479660,1,71329.73,1
C1773862727,1,71329.73,1
C915515895,1,71323.49,1
C1241045648,1,71323.49,1
C758876302,1,71277.45,1
C1313595384,1,71277.45,1
C859732085,1,71216.62,1
C1126685739,1,71216.62,1
C1273182282,1,70756.72,1
C1046063935,1,70756.72,1
C290062990,1,70753.9,1
C1662149928,1,70753.9,1
C1875866923,1,70696.74,1
C1485351052,1,70696.74,1
C778459251,1,70669.49,1
C770656459,1,70669.49,1
C87092424,1,70382.18,1
C1458984596,1,70382.18,1
C182956313,1,70239.81,1
C1424690592,1,70239.81,1
C453454325,1,70173.64,1
C1964653709,1,70173.64,1
C737412944,1,70125.14,1
C1409481087,1,70125.14,1
C1403933655,1,70072.66,1
C1097630164,1,70072.66,1
C766040403,1,69912.57,1
C1887464213,1,69912.57,1
C1178014735,1,69878.14,1
C105936896,1,69878.14,1
C670607251,1,69724.85,1
C1605514838,1,69724.85,1
C2132856872,1,69077.14,1
C1003619052,1,69077.14,1
C417851521,1,69039.64,1
C1975233272,1,69039.64,1
C328707077,1,68755.57,1
C1994735820,1,68755.57,1
C248138217,1,68536.24,1
C1165543736,1,68536.24,1
C903739271,1,68230.32,1
C433026096,1,68230.32,1
C521660749,1,67921.66,1
C1927485075,1,67921.66,1
C542398643,1,67692.41,1
C465350675,1,67692.41,1
C342413746,1,67653.75,1
C1073000277,1,67653.75,1
C1753733624,1,67299.57,1
C1545339694,1,67299.57,1
C871329563,1,67128.33,1
C813701633,1,67128.33,1
C625044678,1,67050.5,1
C133181668,1,67050.5,1
C930865273,1,66941.04,1
C1284075607,1,66941.04,1
C41452857,1,66643.99,1
C1540253595,1,66643.99,1
C335413710,1,66550.0,1
C1927793477,1,66550.0,1
C263674163,1,66516.2,1
C1729785616,1,66516.2,1
C130229315,1,66448.19,1
C1224889094,1,66448.19,1
C1828742646,1,66188.66,1
C1532114451,1,66188.66,1
C1685608858,1,66066.73,1
C1640218672,1,66066.73,1
C2066417026,1,65761.13,1
C1288737458,1,65761.13,1
C1723740840,1,65494.78,1
C1088639142,1,65494.78,1
C528705657,1,65488.05,1
C1526507740,1,65488.05,1
C1497149627,1,65365.11,1
C1216973714,1,65365.11,1
C1828878126,1,65091.34,1
C1667849082,1,65091.34,1
C92914584,1,64557.77,1
C906325227,1,64557.77,1
C719763224,1,64344.59,1
C572686074,1,64344.59,1
C915237822,1,64319.46,1
C2001058304,1,64319.46,1
C831722456,1,64202.85,1
C1837582167,1,64202.85,1
C801596045,1,64181.21,1
C1173885785,1,64181.21,1
C426812212,1,64083.54,1
C1346372466,1,64083.54,1
C912209557,1,63944.13,1
C816242963,1,63944.13,1
C1925188324,1,63624.08,1
C1089130504,1,63624.08,1
C906449417,1,63440.63,1
C1400720500,1,63440.63,1
C1812552860,1,63416.99,1
C1662241365,1,63416.99,1
C1457990651,1,63262.94,1
C1128985646,1,63262.94,1
C1265655539,1,63210.91,1
C118998348,1,63210.91,1
C268959010,1,63009.43,1
C2129142994,1,63009.43,1
C2103213802,1,62898.81,1
C1880051906,1,62898.81,1
C7749792,1,62372.43,1
C421781202,1,62372.43,1
C563718131,1,62318.91,1
C1810937959,1,62318.91,1
C734451013,1,62297.18,1
C435734396,1,62297.18,1
C708647273,1,62184.44,1
C279130483,1,62184.44,1
C1582805529,1,62134.33,1
C1087953881,1,62134.33,1
C1938348365,1,62091.44,1
C1366367431,1,62091.44,1
C515016195,1,61856.83,1
C1427546569,1,61856.83,1
C2139077916,1,61846.05,1
C2035598878,1,61846.05,1
C2101562170,1,61756.82,1
C1383721742,1,61756.82,1
C551669162,1,61505.06,1
C1045739215,1,61505.06,1
C512979582,1,61487.67,1
C1457751793,1,61487.67,1
C2024262984,1,61470.02,1
C1756737753,1,61470.02,1
C1897901588,1,61178.51,1
C1782100943,1,61178.51,1
C1981402055,1,60891.94,1
C1039809648,1,60891.94,1
C1807010830,1,60726.57,1
C1142308678,1,60646.82,1
C1132157369,1,60646.82,1
C295334131,1,60633.76,1
C2094676196,1,60633.76,1
C277862929,1,60519.74,1
C1378644910,1,60519.74,1
C776823334,1,60516.53,1
C271238521,1,60516.53,1
C214810405,1,60450.18,1
C2011327946,1,60450.18,1
C2133064223,1,60314.32,1
C1103826731,1,60314.32,1
C613117727,1,60274.87,1
C1045414794,1,60274.87,1
C20386359,1,60226.06,1
C1090918715,1,60226.06,1
C543599134,1,59996.12,1
C1743910268,1,59996.12,1
C1714270621,1,59893.41,1
C1435949580,1,59893.41,1
C1822077806,1,59841.44,1
C1799894308,1,59841.44,1
C2144015041,1,59835.0,1
C1262169546,1,59835.0,1
C242913782,1,59829.03,1
C1428596323,1,59829.03,1
C547328121,1,59813.61,1
C1245192492,1,59813.61,1
C1441368122,1,59749.28,1
C1195945883,1,59749.28,1
C934061897,1,59677.48,1
C615508627,1,59677.48,1
C1923665675,1,59649.33,1
C1071460933,1,59649.33,1
C2014793230,1,59628.24,1
C1992468113,1,59628.24,1
C721356209,1,59385.67,1
C1704707395,1,59385.67,1
C552296205,1,59263.88,1
C1620015007,1,59263.88,1
C433418204,1,59250.11,1
C1517088370,1,59250.11,1
C959470338,1,59127.34,1
C1227289239,1,59127.34,1
C1365777468,1,58924.16,1
C1321586264,1,58924.16,1
C1806065948,1,58863.89,1
C1491672544,1,58863.89,1
C91345740,1,58737.53,1
C1684807831,1,58737.53,1
C407576849,1,58521.53,1
C1963548176,1,58521.53,1
C1699367271,1,58058.98,1
C1327043210,1,58058.98,1
C667841585,1,58050.78,1
C151767337,1,58050.78,1
C594018186,1,57734.59,1
C1425266611,1,57734.59,1
C399785222,1,57658.26,1
C1354741031,1,57658.26,1
C1706801590,1,57588.67,1
C1601116919,1,57588.67,1
C610717957,1,57543.34,1
C1595140561,1,57543.34,1
C951398673,1,57512.29,1
C1845834519,1,57512.29,1
C451356274,1,57466.42,1
C1312651725,1,57466.42,1
C2001477258,1,57204.07,1
C149021692,1,57204.07,1
C1648581117,1,57040.65,1
C1341565577,1,57040.65,1
C1678539826,1,56888.23,1
C1655398202,1,56888.23,1
C283472734,1,56847.17,1
C1452040424,1,56847.17,1
C79051264,1,56745.14,1
C1824885183,1,56745.14,1
C1469827455,1,56517.37,1
C1102636619,1,56517.37,1
C582952352,1,56510.5,1
C2141549007,1,56510.5,1
C1296531770,1,56290.17,1
C1160408555,1,56290.17,1
C513190251,1,56231.05,1
C106224220,1,56231.05,1
C577502791,1,56125.55,1
C356699181,1,56125.55,1
C892318279,1,56013.0,1
C1039948957,1,56013.0,1
C1567322020,1,55920.39,1
C1302604885,1,55920.39,1
C836514563,1,55828.87,1
C1263626792,1,55828.87,1
C31746489,1,55740.39,1
C1157817503,1,55740.39,1
C1356062559,1,55539.89,1
C1301961209,1,55539.89,1
C416874775,1,55247.48,1
C204026282,1,55062.46,1
C1203056408,1,55062.46,1
C271249913,1,54994.1,1
C169029118,1,54994.1,1
C1444685915,1,54892.98,1
C1416978417,1,54892.98,1
C246666772,1,54725.54,1
C1327566148,1,54725.54,1
C830041824,1,54652.46,1
C1930074465,1,54652.46,1
C1857371794,1,54584.29,1
C1226907316,1,54584.29,1
C1847735500,1,54583.71,1
C1057362317,1,54583.71,1
C457987066,1,54380.21,1
C1125661425,1,54380.21,1
C2020386791,1,54235.7,1
C1969225780,1,54235.7,1
C431035662,1,53782.87,1
C1270286855,1,53782.87,1
C512420448,1,53340.45,1
C505193884,1,53340.45,1
C26405591,1,53338.82,1
C1516151145,1,53338.82,1
C1331040083,1,53325.6,1
C1131267206,1,53325.6,1
C73348302,1,53315.31,1
C1614619549,1,53315.31,1
C840864986,1,53107.96,1
C370224798,1,53107.96,1
C901438460,1,53062.52,1
C1122850221,1,53062.52,1
C90395861,1,52795.24,1
C250338207,1,52795.24,1
C560235644,1,52689.13,1
C221905096,1,52689.13,1
C830293590,1,52557.21,1
C1009901500,1,52557.21,1
C974759486,1,52541.42,1
C1305749769,1,52541.42,1
C846863842,1,51725.86,1
C823707248,1,51725.86,1
C644722343,1,51589.87,1
C147964877,1,51589.87,1
C1445058573,1,51424.22,1
C1119742908,1,51424.22,1
C327344476,1,51416.07,1
C1417015196,1,51416.07,1
C2107067819,1,51183.25,1
C10748060,1,51183.25,1
C909589798,1,51113.0,1
C1072918822,1,51113.0,1
C574444599,1,50845.13,1
C1253405980,1,50845.13,1
C1464615322,1,50820.71,1
C1399106049,1,50820.71,1
C679530338,1,50722.16,1
C1469155891,1,50722.16,1
C465118409,1,50577.26,1
C258297830,1,50577.26,1
C49597857,1,50523.78,1
C1861429530,1,50279.4,1
C1786899731,1,50279.4,1
C1976548930,1,49966.72,1
C1307176064,1,49966.72,1
C707243062,1,49965.92,1
C1450612627,1,49965.92,1
C1778014932,1,49950.63,1
C1028846036,1,49950.63,1
C49776683,1,49871.73,1
C1412551637,1,49871.73,1
C578681858,1,49571.87,1
C112858734,1,49571.87,1
C881927745,1,49492.39,1
C1646646349,1,49492.39,1
C428290761,1,49434.25,1
C1814019284,1,49434.25,1
C1801110858,1,49423.31,1
C1726957418,1,49423.31,1
C376747351,1,49372.94,1
C214058020,1,49372.94,1
C803239144,1,49210.21,1
C228027702,1,49210.21,1
C477677741,1,49199.2,1
C1153867548,1,49199.2,1
C517854187,1,49076.27,1
C1266647096,1,49076.27,1
C363499391,1,48774.46,1
C342463747,1,48774.46,1
C2005579238,1,48734.24,1
C1433317922,1,48734.24,1
C1093803514,1,48712.12,1
C1034144865,1,48712.12,1
C1679848510,1,48605.54,1
C1563301759,1,48605.54,1
C1249564972,1,48516.87,1
C116841547,1,48516.87,1
C2114078084,1,48442.88,1
C2109905271,1,48442.88,1
C685030137,1,48412.47,1
C1940873838,1,48412.47,1
C590035788,1,48375.02,1
C1767389067,1,48375.02,1
C349802040,1,48340.79,1
C347056727,1,48340.79,1
C677260014,1,48299.77,1
C1346352001,1,48299.77,1
C898533005,1,48266.8,1
C125082490,1,48266.8,1
C1686942753,1,48156.69,1
C160460815,1,48156.69,1
C1884465429,1,48132.52,1
C1693545577,1,48132.52,1
C1965664830,1,48078.85,1
C1734777637,1,48078.85,1
C2097780995,1,47984.43,1
C199895284,1,47984.43,1
C1681024448,1,47721.95,1
C1410391039,1,47721.95,1
C1487365268,1,47662.13,1
C1335840122,1,47662.13,1
C90982543,1,47604.75,1
C305797436,1,47604.75,1
C72626966,1,47061.52,1
C1853850752,1,47061.52,1
C724484152,1,46973.96,1
C1218759117,1,46973.96,1
C1650668671,2,46972.83,2
C96624580,1,46779.04,1
C390829633,1,46779.04,1
C585824951,1,46661.03,1
C58256247,1,46661.03,1
C797035468,1,46291.81,1
C1411993803,1,46291.81,1
C1459561697,1,46190.9,1
C1402116137,1,46190.9,1
C1553982195,1,46130.88,1
C1384446029,1,46130.88,1
C1721637972,1,46081.45,1
C1072793235,1,46081.45,1
C878074974,1,46073.56,1
C152501477,1,46073.56,1
C1174357565,1,46072.33,1
C1035155877,1,46072.33,1
C448797974,1,45890.12,1
C1815388266,1,45890.12,1
C218393296,1,45807.51,1
C1099066639,1,45807.51,1
C854630819,1,45758.71,1
C1328313675,1,45758.71,1
C527429443,1,45271.85,1
C1616201785,1,45271.85,1
C209901373,1,45116.24,1
C1705990393,1,45116.24,1
C939460136,1,45077.1,1
C809689507,1,45077.1,1
C2015543503,1,45053.05,1
C1888133010,1,45053.05,1
C1822942612,1,44946.2,1
C1013931672,1,44946.2,1
C1612426642,1,44829.81,1
C1135869087,1,44829.81,1
C1703221504,1,44733.5,1
C1445811732,1,44733.5,1
C811242646,1,44577.32,1
C2027781406,1,44577.32,1
C648682751,1,44571.94,1
C258309243,1,44571.94,1
C1969995735,1,44482.33,1
C1052510610,1,44482.33,1
C461319045,1,44164.0,1
C1111727092,1,44164.0,1
C1952007189,1,44116.87,1
C1301835304,1,44116.87,1
C227745281,1,44044.79,1
C1906321498,1,44044.79,1
C776566815,1,43996.54,1
C1002939134,1,43996.54,1
C170080123,1,43928.31,1
C1373339236,1,43928.31,1
C664038638,1,43814.15,1
C16371707,1,43814.15,1
C2009987911,1,43440.97,1
C1630185413,1,43440.97,1
C995709534,1,43357.65,1
C1969723986,1,43357.65,1
C678670921,1,43308.07,1
C1559662408,1,43308.07,1
C1482390531,1,43235.71,1
C1136959113,1,43235.71,1
C1959724635,1,43159.0,1
C159626180,1,43159.0,1
C79685693,1,43092.0,1
C427998326,1,43092.0,1
C665289555,1,43071.62,1
C1378862826,1,43071.62,1
C803277933,1,42789.93,1
C2124012245,1,42789.93,1
C952860391,1,42659.39,1
C1626691330,1,42659.39,1
C1511183581,1,42513.08,1
C1459842129,1,42513.08,1
C636454309,1,42483.97,1
C1385439300,1,42483.97,1
C849021900,1,42418.85,1
C2104637765,1,42418.85,1
C616721459,1,42062.82,1
C1640654311,1,41428.9,1
C1101469852,1,41428.9,1
C2011653330,1,40873.25,1
C1394516732,1,40873.25,1
C769266186,1,40867.66,1
C296814369,1,40867.66,1
C2052825559,1,40836.05,1
C1134131764,1,40836.05,1
C1977996948,1,40819.72,1
C195565327,1,40819.72,1
C632646357,1,40651.96,1
C293156526,1,40651.96,1
C478307499,1,40611.22,1
C1997838913,1,40593.23,1
C1767820890,1,40593.23,1
C881219038,1,40591.72,1
C1446237995,1,40591.72,1
C713338583,1,40486.25,1
C1894539182,1,40486.25,1
C847172802,1,40458.0,1
C684399107,1,40458.0,1
C367340563,1,40433.84,1
C264905244,1,40433.84,1
C580913459,1,40413.81,1
C2138340769,1,40413.81,1
C1758335977,1,40388.58,1
C1028710576,1,40388.58,1
C718391314,1,40359.75,1
C1833873982,1,40359.75,1
C2002670560,1,40231.56,1
C1355955638,1,40231.56,1
C2122089181,1,40075.02,1
C153506501,1,40075.02,1
C995702691,1,40043.74,1
C1675764449,1,40043.74,1
C1546346037,1,40013.19,1
C1373765456,1,40013.19,1
C1795377601,1,39713.28,1
C247088283,1,39664.74,1
C2068734277,1,39664.74,1
C2003081547,1,39525.63,1
C1282311771,1,39525.63,1
C165832169,1,39379.45,1
C1210547818,1,39379.45,1
C355565326,1,39342.59,1
C1615989110,1,39342.59,1
C2029518292,1,39247.74,1
C1509442679,1,39247.74,1
C202101281,1,39013.3,1
C1482119856,1,39013.3,1
C1460854172,2,38626.67,2
C2031301497,1,38580.45,1
C1356666800,1,38513.19,1
C1049265108,1,38513.19,1
C988696172,1,38427.47,1
C2145994547,1,38427.47,1
C1580883487,1,38223.11,1
C475311068,1,38180.99,1
C1076802652,1,38180.99,1
C315895571,1,38150.22,1
C1918475530,1,38150.22,1
C1809264943,1,38115.0,1
C1755573980,1,38115.0,1
C971134857,1,37974.85,1
C1371920863,1,37974.85,1
C1883074444,1,37831.15,1
C1329996187,1,37831.15,1
C2125159934,1,37796.75,1
C2079728909,1,37796.75,1
C1868084224,1,37766.23,1
C1785352620,1,37766.23,1
C308006848,1,37720.99,1
C2003052554,1,37720.99,1
C759753598,1,37669.14,1
C1429618952,1,37669.14,1
C671296081,1,37436.78,1
C131807418,1,37436.78,1
C998024073,1,37394.15,1
C441954287,1,37394.15,1
C763260175,1,37357.32,1
C232254728,1,37357.32,1
C235368108,1,37323.15,1
C1818028349,1,37323.15,1
C507662237,1,37133.63,1
C1650770381,1,37133.63,1
C1336335026,1,37119.58,1
C1067127400,1,37119.58,1
C63948986,1,37100.29,1
C1652057111,1,37100.29,1
C514736179,1,37065.55,1
C399460584,1,37065.55,1
C264278084,1,37019.04,1
C1629045388,1,37019.04,1
C826538510,1,36996.83,1
C1140712757,1,36996.83,1
C1475840276,1,36956.27,1
C1433224655,1,36956.27,1
C308869355,1,36942.13,1
C1256363889,1,36942.13,1
C875404163,1,36847.9,1
C1532653479,1,36847.9,1
C2062739315,1,36532.84,1
C1486240719,1,36532.84,1
C1590703895,1,36371.77,1
C1562975084,1,36371.77,1
C528250681,1,36359.57,1
C334259414,1,36359.57,1
C1268559255,1,36300.25,1
C1049156281,1,36300.25,1
C865044477,1,36267.62,1
C18838691,1,36035.11,1
C1181119627,1,36035.11,1
C242153254,1,35759.12,1
C1587529790,1,35759.12,1
C1732693893,1,35496.47,1
C1251609442,1,35496.47,1
C1983025922,1,35063.63,1
C1136419747,1,35063.63,1
C801157832,1,35016.23,1
C1325281003,1,35016.23,1
C796115130,1,34839.32,1
C2098801032,1,34839.32,1
C15770449,1,34502.7,1
C117267228,1,34502.7,1
C731687431,1,34498.05,1
C1779051120,1,34498.05,1
C707184828,1,34473.07,1
C1286341721,1,34473.07,1
C632622590,1,34301.19,1
C1130721375,1,34301.19,1
C913630133,1,34238.2,1
C1295268522,1,34238.2,1
C1931140794,1,34162.97,1
C1662459013,1,34162.97,1
C918538157,1,34099.1,1
C2021539165,1,34099.1,1
C1672862058,1,33964.87,1
C1140976771,1,33964.87,1
C1759363094,1,33676.59,1
C1140210295,1,33676.59,1
C205426879,1,33613.11,1
C2052072681,1,33613.11,1
C1662235713,1,33332.86,1
C1626759869,1,33332.86,1
C2098386124,1,33302.96,1
C1146085253,1,33302.96,1
C519794603,1,32935.25,1
C1772041191,1,32935.25,1
C366537960,1,32872.0,1
C1690780304,1,32872.0,1
C1441346969,1,32830.82,1
C1141615758,1,32830.82,1
C1852949479,1,32733.43,1
C1707908238,1,32733.43,1
C586649123,1,32690.68,1
C1612957594,1,32690.68,1
C1882736497,1,32671.88,1
C1389084287,1,32671.88,1
C1656286463,1,32660.58,1
C1070729572,1,32660.58,1
C1608920091,1,32527.0,1
C1041024093,1,32527.0,1
C492914405,1,32521.24,1
C1466673689,1,32521.24,1
C53062849,1,32382.96,1
C301302016,1,32382.96,1
C1978751367,1,32382.31,1
C1968828091,1,32382.31,1
C2026565433,1,32372.82,1
C1253283859,1,32372.82,1
C1918140601,1,32076.17,1
C184389998,1,32076.17,1
C1736640771,1,31945.44,1
C1251565216,1,31945.44,1
C515442419,1,31930.24,1
C1907577066,1,31930.24,1
C252274322,1,31887.18,1
C1159359491,1,31887.18,1
C1815135338,1,31593.95,1
C1580974524,1,31593.95,1
C329030670,1,31574.65,1
C2009518683,1,31574.65,1
C361194478,1,31374.02,1
C1047133080,1,31374.02,1
C1891377178,1,31358.72,1
C1099497770,1,31358.72,1
C1631331528,1,31334.57,1
C1272673221,1,31334.57,1
C418690964,1,31329.62,1
C1465691990,1,31329.62,1
C1823561951,1,31315.51,1
C1252332991,1,31315.51,1
C614104997,1,31074.0,1
C1899325653,1,31074.0,1
C750943234,1,31045.76,1
C1277391271,1,31045.76,1
C984948607,1,30917.39,1
C1058590682,1,30917.39,1
C282425253,1,30846.84,1
C1165026794,1,30846.84,1
C686901109,1,30820.17,1
C1525573417,1,30820.17,1
C174185198,1,30790.13,1
C1809202550,1,30674.98,1
C1105743477,1,30674.98,1
C876969670,1,30548.46,1
C1963829295,1,30548.46,1
C1249547869,1,30521.02,1
C1732514770,1,30467.69,1
C1611561805,1,30467.69,1
C590362838,1,30245.46,1
C301674737,1,30245.46,1
C892298445,1,30171.95,1
C643578860,1,30171.95,1
C1734856260,1,29988.0,1
C1661087818,1,29988.0,1
C398888765,1,29832.81,1
C1020879076,1,29832.81,1
C570409417,1,29707.86,1
C170071280,1,29707.86,1
C394038835,1,29637.03,1
C1111669331,1,29637.03,1
C370888897,1,29611.08,1
C1919160151,1,29611.08,1
C589307049,1,29473.67,1
C114865271,1,29473.67,1
C489338831,1,29280.46,1
C1795508920,1,29280.46,1
C477310004,1,29174.8,1
C1244681423,1,29174.8,1
C599619292,1,28936.11,1
C1651836759,1,28936.11,1
C1935426348,1,28871.9,1
C1078858029,1,28871.9,1
C950801074,1,28835.93,1
C1759829035,1,28835.93,1
C117997526,1,28636.24,1
C1708739,1,28399.72,1
C1364689982,1,28399.72,1
C1312031909,1,28308.97,1
C1151857075,1,28308.97,1
C1196475632,1,28284.88,1
C1039822411,1,28284.88,1
C2050212137,1,27985.73,1
C90854025,1,27951.26,1
C866867675,1,27951.26,1
C1525357904,1,27759.73,1
C1415356134,1,27759.73,1
C457266787,1,27723.34,1
C1036857072,1,27723.34,1
C911339546,1,27696.89,1
C502023164,1,27696.89,1
C951980885,1,27584.17,1
C2023858069,1,27584.17,1
C684431527,1,27483.79,1
C1563109259,1,27483.79,1
C2024067426,1,27286.66,1
C1225621271,1,27286.66,1
C1644712820,1,27276.07,1
C1433881290,1,27276.07,1
C720253622,1,27059.86,1
C139184111,1,27059.86,1
C30015547,1,26950.06,1
C220147588,1,26950.06,1
C224481932,1,26776.98,1
C1134158850,1,26776.98,1
C256417920,1,26768.5,1
C1956477953,1,26768.5,1
C2094079166,1,26654.46,1
C1600956649,1,26654.46,1
C805847256,1,26481.25,1
C1904322081,1,26481.25,1
C513494131,1,26478.48,1
C2123765878,1,26478.48,1
C1611752752,1,26153.82,1
C127351954,1,26153.82,1
C451934410,1,25975.86,1
C41792607,1,25975.86,1
C20127425,1,25819.42,1
C1403321467,1,25819.42,1
C2085710932,1,25761.04,1
C1505894809,1,25761.04,1
C830552686,1,25616.71,1
C131895413,1,25616.71,1
C1290190637,1,25529.76,1
C1153941405,1,25529.76,1
C55403746,1,25473.11,1
C140137302,1,25473.11,1
C1136166094,1,25472.32,1
C1071005628,1,25472.32,1
C1384210339,1,25071.46,1
C1364913072,1,25071.46,1
C77616403,1,25040.78,1
C1459697378,1,25040.78,1
C619574054,1,24853.41,1
C1515275129,1,24853.41,1
C990236688,1,24773.86,1
C746567344,1,24773.86,1
C765570809,1,24522.52,1
C1603948163,1,24522.52,1
C148355151,1,24424.67,1
C1150938488,1,24424.67,1
C905119100,1,24412.07,1
C75671301,1,24412.07,1
C2095346026,1,24382.08,1
C1565320699,1,24382.08,1
C956072695,1,24366.07,1
C405489983,1,24366.07,1
C21837280,1,24279.32,1
C1953342406,1,24279.32,1
C1953200125,1,23912.2,1
C1671472479,1,23912.2,1
C950599910,1,23639.56,1
C1343815682,1,23639.56,1
C570315101,1,23610.85,1
C409233491,1,23610.85,1
C255541655,1,23413.67,1
C247352056,1,23413.67,1
C1834461593,1,23292.3,1
C705161174,1,23236.49,1
C684942483,1,23236.49,1
C584398732,1,23134.17,1
C462665302,1,23134.17,1
C967549667,1,23031.26,1
C1199824577,1,23031.26,1
C856187523,1,22990.73,1
C1543578666,1,22990.73,1
C573200870,1,22877.0,1
C1002031672,1,22877.0,1
C1906309397,1,22824.08,1
C1834297216,1,22824.08,1
C978716589,1,22402.21,1
C1824897036,1,22402.21,1
C347989965,1,22140.87,1
C1441581953,1,22140.87,1
C1962362775,1,22117.99,1
C104739224,1,22117.99,1
C70941868,1,22048.19,1
C1676953469,1,22048.19,1
C2023092141,1,22025.14,1
C1580835462,1,22025.14,1
C429196571,1,21990.52,1
C166648181,1,21990.52,1
C868283274,1,21987.0,1
C417640852,1,21987.0,1
C730907439,1,21960.02,1
C213308373,1,21960.02,1
C760675871,1,21922.0,1
C1508330669,1,21922.0,1
C1273645677,1,21859.86,1
C1271955069,1,21859.86,1
C418623592,1,21832.43,1
C1187210067,1,21832.43,1
C1828683068,1,21829.31,1
C1702948277,1,21829.31,1
C878980822,1,21819.57,1
C1826640118,1,21819.57,1
C2092944197,1,21741.36,1
C11945612,1,21741.36,1
C386641787,1,21738.98,1
C1819509063,1,21738.98,1
C824421402,1,21729.0,1
C1101441872,1,21729.0,1
C78762401,1,21708.13,1
C1346281468,1,21708.13,1
C2045926309,1,21698.13,1
C1486382672,1,21698.13,1
C690443713,1,21662.5,1
C1312022060,1,21662.5,1
C621549388,1,21580.37,1
C125935569,1,21580.37,1
C1295977505,1,21574.55,1
C1024161943,1,21574.55,1
C2089016471,1,21571.0,1
C1666314150,1,21571.0,1
C878866926,1,21531.0,1
C70120540,1,21531.0,1
C2121782042,1,21516.38,1
C1335084969,1,21516.38,1
C1311170446,1,21511.22,1
C1047213176,1,21511.22,1
C403681217,1,21418.86,1
C1910520742,1,21418.86,1
C760883565,1,21367.0,1
C69223691,1,21367.0,1
C770227630,1,21358.8,1
C1841686755,1,21358.8,1
C1804557004,1,21332.46,1
C1469356710,1,21332.46,1
C490070900,1,21323.28,1
C1616552255,1,21323.28,1
C794836195,1,21279.19,1
C5036546,1,21279.19,1
C240278716,1,21174.45,1
C1829927547,1,21174.45,1
C592056924,1,20986.02,1
C1043093762,1,20986.02,1
C701821995,1,20920.39,1
C1021087479,1,20920.39,1
C450191991,1,20842.92,1
C1566929124,1,20842.92,1
C2094058620,1,20393.12,1
C1479987881,1,20393.12,1
C2123361614,1,20364.0,1
C1801554498,1,20364.0,1
C737099940,1,20314.97,1
C183363284,1,20314.97,1
C350037607,1,20311.17,1
C1935979044,1,20311.17,1
C384177810,1,20296.68,1
C1480258945,1,20296.68,1
C1744383627,1,20281.44,1
C1429403173,1,20281.44,1
C1591313088,1,20278.62,1
C1277670542,1,20278.62,1
C966943233,1,20243.24,1
C1716469564,1,20243.24,1
C2065540881,1,20225.17,1
C1166034143,1,20225.17,1
C339924917,1,20128.0,1
C1848415041,1,20128.0,1
C685749303,1,20111.45,1
C457206167,1,20111.45,1
C1896366978,1,19952.89,1
C1350880657,1,19952.89,1
C366927459,1,19776.71,1
C1978402788,1,19776.71,1
C781083195,1,19742.71,1
C1396988344,1,19742.71,1
C1849745670,1,19729.68,1
C1623524019,1,19729.68,1
C546495530,1,19692.68,1
C1806361762,1,19692.68,1
C275095873,1,19646.09,1
C1700955983,1,19646.09,1
C488265159,1,19576.96,1
C1193716224,1,19576.96,1
C419372717,1,19527.35,1
C337759992,1,19527.35,1
C1354396836,1,19511.35,1
C1072897246,1,19511.35,1
C925285469,1,19472.0,1
C664770316,1,19472.0,1
C1899051151,1,19421.77,1
C1498886294,1,19421.77,1
C999409522,1,19244.9,1
C941219258,1,19244.9,1
C2138523923,1,19226.25,1
C1264209653,1,19226.25,1
C717672329,1,19016.22,1
C1044117371,1,19016.22,1
C659146767,1,18982.32,1
C1776178192,1,18982.32,1
C229186362,1,18887.22,1
C2034180207,1,18887.22,1
C236787500,1,18887.0,1
C1603586973,1,18887.0,1
C234430897,1,18627.02,1
C1711105800,1,18627.02,1
C768834848,1,18471.55,1
C2041586842,1,18471.55,1
C886178722,1,18405.16,1
C579399811,1,18405.16,1
C946378506,1,18126.95,1
C1574807586,1,18126.95,1
C356431385,1,18042.11,1
C1844577837,1,18042.11,1
C463930958,1,18035.14,1
C1568770373,1,18035.14,1
C2046960526,1,18028.13,1
C1949246780,1,18028.13,1
C976082192,1,17822.02,1
C2088891396,1,17822.02,1
C1200809974,1,17733.57,1
C1146126166,1,17733.57,1
C263239858,1,17569.42,1
C1812011934,1,17569.42,1
C1534517303,1,17484.29,1
C1197685595,1,17484.29,1
C269798129,1,17428.0,1
C1942661971,1,17428.0,1
C522173599,1,17320.91,1
C1589547066,1,17320.91,1
C978609035,1,17246.0,1
C1379589736,1,17246.0,1
C413925568,1,17216.14,1
C1753438531,1,17216.14,1
C785026451,1,17207.65,1
C1883597351,1,17207.65,1
C317596259,1,17051.69,1
C287309829,1,17051.69,1
C2015196071,1,16734.61,1
C1054064905,1,16734.61,1
C1414915255,1,16671.29,1
C13750897,1,16671.29,1
C965761835,1,16619.95,1
C501496280,1,16619.95,1
C748889213,1,16614.82,1
C1614121155,1,16614.82,1
C420183005,1,16514.64,1
C1609425156,1,16514.64,1
C260162600,1,16296.46,1
C1751518274,1,16296.46,1
C1844648753,1,16274.51,1
C128567298,1,16274.51,1
C326321916,1,16207.04,1
C1043597983,1,16207.04,1
C699173824,1,16182.7,1
C286946566,1,15560.34,1
C1691293574,1,15560.34,1
C784278518,1,15371.72,1
C1774278732,1,15371.72,1
C743776906,1,15177.97,1
C1718960484,1,15177.97,1
C675389244,1,15093.69,1
C1001258143,1,15093.69,1
C1757598776,1,14992.14,1
C1575356440,1,14992.14,1
C634210724,1,14949.84,1
C1032986144,1,14949.84,1
C257338994,1,14385.54,1
C1684593692,1,14385.54,1
C314882858,1,14360.12,1
C1957774921,1,14360.12,1
C1688178695,1,14343.03,1
C1587418917,1,14343.03,1
C2110252237,1,14279.89,1
C1684873650,1,14279.89,1
C371244404,1,14206.82,1
C1710090199,1,14206.82,1
C1391033191,1,14148.64,1
C1066617916,1,14148.64,1
C826378920,1,14133.69,1
C392215840,1,14133.69,1
C2090793760,1,14017.38,1
C1903932056,1,14017.38,1
C948884752,1,14016.65,1
C1983026804,1,14016.65,1
C924652155,1,13962.0,1
C1475228606,1,13962.0,1
C727110696,1,13914.81,1
C477039753,1,13914.81,1
C731457880,1,13890.42,1
C381876590,1,13890.42,1
C658953429,1,13774.15,1
C596898106,1,13774.15,1
C2094777811,1,13707.11,1
C1438594533,1,13704.0,1
C12793273,1,13704.0,1
C873898487,1,13659.45,1
C1408237978,1,13659.45,1
C1627516531,1,13421.28,1
C1420115027,1,13421.28,1
C1385664788,1,13266.93,1
C1265498656,1,13266.93,1
C1697995801,1,13172.17,1
C1334228384,1,13172.17,1
C690360356,1,13128.49,1
C1882040140,1,13128.49,1
C840005543,1,13074.53,1
C180700180,1,13074.53,1
C448117484,1,13024.95,1
C1380751348,1,13024.95,1
C774459296,1,12855.05,1
C255083799,1,12855.05,1
C27575040,1,12804.74,1
C1089594209,1,12804.74,1
C1470379039,1,12619.29,1
C1394804033,1,12619.29,1
C225968166,1,12477.96,1
C1314480354,1,12477.96,1
C621014131,1,12461.0,1
C585834595,1,12461.0,1
C256019432,1,12278.0,1
C1409623409,1,12278.0,1
C1939861017,1,11653.98,1
C1616326954,1,11653.98,1
C816129508,1,11630.38,1
C1513735273,1,11630.38,1
C1680789799,1,11481.0,1
C1475456951,1,11481.0,1
C1251374638,1,11424.36,1
C11759889,1,11424.36,1
C1729789302,1,11385.0,1
C1544602666,1,11385.0,1
C424669538,1,11308.0,1
C1060999444,1,11308.0,1
C526028117,1,11155.45,1
C3631299,1,11155.45,1
C1345788432,1,11070.29,1
C1070700458,1,11070.29,1
C665634935,1,10880.26,1
C457634395,1,10880.26,1
C2022734417,1,10789.0,1
C1981629622,1,10789.0,1
C418964192,1,10565.0,1
C1790657739,1,10565.0,1
C124540047,1,10539.37,1
C118648358,1,10539.37,1
C692561048,1,10358.27,1
C117985558,1,10358.27,1
C37115325,1,10276.87,1
C908043384,1,10224.0,1
C801412408,1,10224.0,1
C97284144,1,10211.81,1
C700461668,1,10211.81,1
C922511709,1,10119.47,1
C746009679,1,10119.47,1
C776312807,1,9917.27,1
C1985253789,1,9917.27,1
C868497487,1,9748.89,1
C1606057909,1,9748.89,1
C922111429,1,9511.69,1
C119015629,1,9511.69,1
C588343679,1,9467.62,1
C1503937071,1,9467.62,1
C1944775244,1,9366.63,1
C1314872657,1,9366.63,1
C204813389,1,9274.56,1
C200984272,1,9274.56,1
C1937187979,1,9265.43,1
C1936702457,1,9265.43,1
C812377986,1,9217.19,1
C1767952032,1,9217.19,1
C728550781,1,9207.38,1
C44566269,1,9207.38,1
C594518473,1,9173.06,1
C236813008,1,9173.06,1
C87183368,1,9131.0,1
C1762082057,1,9131.0,1
C1369860809,1,9065.44,1
C1289962694,1,9065.44,1
C120759853,1,9065.34,1
C1052869730,1,9065.34,1
C46618914,1,8999.56,1
C1337869699,1,8999.56,1
C1943166088,1,8851.38,1
C1588541391,1,8851.38,1
C200064275,2,8847.0,2
C1342608381,1,8838.19,1
C1101816273,1,8838.19,1
C877622868,1,8783.42,1
C1450016862,1,8783.42,1
C2053590149,1,8770.06,1
C1685479165,1,8770.06,1
C184294001,1,8677.0,1
C671509828,1,8639.93,1
C177359070,1,8639.93,1
C980380973,1,8383.17,1
C1731493383,1,8383.17,1
C825022387,1,8380.79,1
C45705350,1,8380.79,1
C503599136,1,8177.04,1
C1806348809,1,8177.04,1
C765215468,1,8116.53,1
C1935865739,1,8116.53,1
C797070356,1,8111.09,1
C1272971238,1,8111.09,1
C958080037,1,8091.78,1
C637384510,1,8091.78,1
C912405348,1,8055.06,1
C133340407,1,8055.06,1
C956442492,1,7927.06,1
C1313763244,1,7927.06,1
C215301926,1,7922.98,1
C1896146009,1,7922.98,1
C795853330,1,7887.75,1
C311151183,1,7887.75,1
C1152345873,1,7618.49,1
C1138077225,1,7618.49,1
C802410376,1,7535.58,1
C592516907,1,7535.58,1
C626411479,1,7466.12,1
C1001664465,1,7466.12,1
C1620165471,1,7360.15,1
C1455552961,1,7360.15,1
C993958869,1,7304.56,1
C239252386,1,7304.56,1
C1713731029,1,7133.97,1
C1092639004,1,7133.97,1
C304768770,1,7009.93,1
C239424906,1,7009.93,1
C761549792,1,6844.73,1
C1380348902,1,6844.73,1
C1983881188,1,6783.47,1
C1051603827,1,6783.47,1
C2020586953,1,6749.18,1
C1244384695,1,6749.18,1
C2134026296,1,6515.64,1
C1822078212,1,6515.64,1
C940718761,1,6514.47,1
C152722273,1,6514.47,1
C1731942793,1,6392.08,1
C1035703133,1,6392.08,1
C1765191456,1,6391.6,1
C1312990529,1,6391.6,1
C1633571527,1,6339.42,1
C1106863643,1,6339.42,1
C842672981,1,6215.44,1
C1913346868,1,6215.44,1
C377452670,1,6204.71,1
C1485457980,1,6204.71,1
C616112992,1,6087.58,1
C1646194293,1,6087.58,1
C26179537,1,6085.3,1
C1325066757,1,6085.3,1
C1237495348,1,5937.19,1
C1058945845,1,5937.19,1
C898806761,1,5863.97,1
C1941943656,1,5863.97,1
C480476541,1,5772.0,1
C1419251036,1,5772.0,1
C661765724,1,5741.05,1
C47401126,1,5741.05,1
C994730180,1,5624.02,1
C1902968473,1,5624.02,1
C827527854,1,5566.14,1
C567898668,1,5566.14,1
C1699960133,1,5349.74,1
C1341550882,1,5349.74,1
C825667044,1,5271.46,1
C1423205265,1,5271.46,1
C18879780,1,5270.57,1
C1051716016,1,5270.57,1
C665851220,1,4814.69,1
C1794146784,1,4814.69,1
C247187997,1,4791.06,1
C1399883678,1,4791.06,1
C900839253,1,4716.08,1
C2051847630,1,4716.08,1
C765380392,1,4676.42,1
C2017082627,1,4676.42,1
C1943832045,1,4651.43,1
C1354246333,1,4651.43,1
C1379173269,1,4530.71,1
C1227140527,1,4530.71,1
C968979703,1,4529.65,1
C18650773,1,4529.65,1
C751827152,1,4348.62,1
C235328980,1,4348.62,1
C1861343965,1,4289.18,1
C1053125376,1,4289.18,1
C2080434931,1,4241.44,1
C1781045188,1,4241.44,1
C413981813,1,4153.02,1
C1463620824,1,4153.02,1
C2023856876,1,4120.14,1
C1762318733,1,4120.14,1
C600417404,1,4094.07,1
C1910586925,1,4094.07,1
C297643406,1,3724.3,1
C1232954487,1,3724.3,1
C2024297782,1,3712.11,1
C1109457703,1,3712.11,1
C1509838482,1,3596.83,1
C1106131207,1,3596.83,1
C866057114,1,3544.76,1
C1017361151,1,3544.76,1
C540962810,1,3374.25,1
C1088091066,1,3374.25,1
C1685866985,1,3372.0,1
C1540407960,1,3372.0,1
C918786855,1,3275.33,1
C1060563153,1,3275.33,1
C857107137,1,3227.06,1
C1115712953,1,3227.06,1
C506519759,1,3138.25,1
C156487696,1,3138.25,1
C910803312,1,3085.45,1
C1211456762,1,3085.45,1
C944070846,1,3037.67,1
C91566300,1,2898.09,1
C1103826794,1,2898.09,1
C537174691,1,2815.61,1
C1583247514,1,2815.61,1
C972765878,1,2806.0,1
C1007251739,1,2806.0,1
C278927919,1,2784.51,1
C1258126361,1,2784.51,1
C2038068199,1,2747.85,1
C1871680128,1,2747.85,1
C1326956055,1,2719.66,1
C1011864403,1,2719.66,1
C208671176,1,2689.43,1
C1430622047,1,2689.43,1
C1911344900,1,2491.85,1
C120002331,1,2491.85,1
C503986394,1,2395.29,1
C1124184322,1,2395.29,1
C2133347282,1,2231.46,1
C2089340835,1,2231.46,1
C700621528,1,2205.55,1
C234682668,1,2205.55,1
C697156329,1,2100.0,1
C1576053316,1,2100.0,1
C562360384,1,2007.0,1
C127509847,1,2007.0,1
C864078397,1,1996.17,1
C1828047633,1,1996.17,1
C776246900,1,1946.74,1
C1512170124,1,1946.74,1
C34257403,1,1842.0,1
C1737682079,1,1842.0,1
C760648951,1,1828.6,1
C127507579,1,1828.6,1
C306147226,1,1707.4,1
C1530583472,1,1707.4,1
C237441697,1,1650.08,1
C14104285,1,1650.08,1
C595029020,1,1583.28,1
C1107076598,1,1583.28,1
C1719300863,1,1558.46,1
C1112423132,1,1558.46,1
C940250916,1,1530.84,1
C1179031316,1,1530.84,1
C649046930,1,1504.73,1
C1763736933,1,1504.73,1
C204541509,1,1436.38,1
C1267603990,1,1436.38,1
C711485958,1,1220.8,1
C154068331,1,1220.8,1
C832994416,1,1074.81,1
C1848921625,1,1074.81,1
C279565067,1,1055.0,1
C1522743169,1,1055.0,1
C390897002,1,1048.63,1
C1939685950,1,1048.63,1
C1564090891,1,889.76,1
C1007799922,1,889.76,1
C1959655312,1,781.93,1
C1338255129,1,781.93,1
C59681246,1,636.0,1
C236701409,1,636.0,1
C1658560139,1,493.28,1
C1565674952,1,493.28,1
C1886648323,1,481.9,1
C1582825770,1,481.9,1
C2125715094,1,459.38,1
C1071787427,1,459.38,1
C1864486913,1,408.0,1
C1293978242,1,408.0,1
C1175598908,1,403.56,1
C1882416081,1,341.3,1
C1360897728,1,341.3,1
C892688622,1,332.36,1
C1702786373,1,332.36,1
C588779235,1,222.0,1
C378841819,1,222.0,1
C331175512,1,215.83,1
C1574358644,1,215.83,1
C814473635,1,210.92,1
C2092694129,1,210.92,1
C553264065,1,181.0,1
C38997010,1,181.0,1
C380623487,1,174.92,1
C1009545186,1,174.92,1
C26381896,1,170.0,1
C2119910556,1,164.0,1
C1769947269,1,164.0,1
C517676411,1,151.0,1
C315826176,1,151.0,1
C543477940,1,119.65,1
C1518370196,1,119.65,1
C2102058838,1,119.0,1
C1480876722,1,119.0,1
C958479953,1,63.8,1
C1368130863,1,63.8,1
C900608348,1,0.0,1
C719711728,1,0.0,1
C601248796,1,0.0,1
C480398193,1,0.0,1
C459118517,1,0.0,1
C1696624817,1,0.0,1
C1587892888,1,0.0,1
C1493336195,1,0.0,1
C1462759334,1,0.0,1
C1400061387,1,0.0,1
C1388096959,1,0.0,1
C1382150537,1,0.0,1
C1352345416,1,0.0,1
C1156763710,1,0.0,1
C1106468520,1,0.0,1
