nameOrig,fraud_txn_count,fraud_amount,unique_receivers
C99979309,1,10000000.0,1
C997532070,1,10000000.0,1
C99029817,1,10000000.0,1
C981150535,1,10000000.0,1
C976919593,1,10000000.0,1
C97242201,1,10000000.0,1
C956657254,1,10000000.0,1
C951363139,1,10000000.0,1
C950353738,1,10000000.0,1
C944451895,1,10000000.0,1
C934748606,1,10000000.0,1
C916267146,1,10000000.0,1
C898870268,1,10000000.0,1
C896022572,1,10000000.0,1
C88849251,1,10000000.0,1
C884104189,1,10000000.0,1
C866227621,1,10000000.0,1
C844374854,1,10000000.0,1
C841821564,1,10000000.0,1
C838062695,1,10000000.0,1
C831325954,1,10000000.0,1
C829777561,1,10000000.0,1
C824646662,1,10000000.0,1
C819618584,1,10000000.0,1
C803647471,1,10000000.0,1
C799225890,1,10000000.0,1
C794290057,1,10000000.0,1
C792651637,1,10000000.0,1
C792080060,1,10000000.0,1
C780743034,1,10000000.0,1
C766182565,1,10000000.0,1
C752627210,1,10000000.0,1
C749563037,1,10000000.0,1
C737314180,1,10000000.0,1
C731792064,1,10000000.0,1
C726730575,1,10000000.0,1
C724193820,1,10000000.0,1
C7162498,1,10000000.0,1
C714385617,1,10000000.0,1
C701712936,1,10000000.0,1
C697650903,1,10000000.0,1
C689619787,1,10000000.0,1
C689608084,1,10000000.0,1
C677394894,1,10000000.0,1
C671111468,1,10000000.0,1
C642807002,1,10000000.0,1
C63538570,1,10000000.0,1
C634268681,1,10000000.0,1
C628072559,1,10000000.0,1
C619552920,1,10000000.0,1
C618976547,1,10000000.0,1
C611266537,1,10000000.0,1
C611232899,1,10000000.0,1
C590657619,1,10000000.0,1
C576718894,1,10000000.0,1
C557530807,1,10000000.0,1
C546529,1,10000000.0,1
C538142346,1,10000000.0,1
C531780975,1,10000000.0,1
C53057884,1,10000000.0,1
C525906402,1,10000000.0,1
C524119157,1,10000000.0,1
C523152614,1,10000000.0,1
C517014062,1,10000000.0,1
C51318897,1,10000000.0,1
C512841143,1,10000000.0,1
C511044281,1,10000000.0,1
C50880393,1,10000000.0,1
C50848420,1,10000000.0,1
C507645439,1,10000000.0,1
C501435638,1,10000000.0,1
C494814442,1,10000000.0,1
C48892155,1,10000000.0,1
C487836667,1,10000000.0,1
C486804071,1,10000000.0,1
C485022724,1,10000000.0,1
C47972411,1,10000000.0,1
C476780134,1,10000000.0,1
C475879190,1,10000000.0,1
C466387318,1,10000000.0,1
C430326245,1,10000000.0,1
C426632957,1,10000000.0,1
C424305014,1,10000000.0,1
C421958672,1,10000000.0,1
C417104903,1,10000000.0,1
C416779475,1,10000000.0,1
C415175436,1,10000000.0,1
C413407419,1,10000000.0,1
C412961249,1,10000000.0,1
C409047240,1,10000000.0,1
C40489106,1,10000000.0,1
C395312314,1,10000000.0,1
C393177637,1,10000000.0,1
C392319907,1,10000000.0,1
C382584608,1,10000000.0,1
C373820487,1,10000000.0,1
C357910633,1,10000000.0,1
C356177155,1,10000000.0,1
C352927410,1,10000000.0,1
C351297720,1,10000000.0,1
C339144629,1,10000000.0,1
C333142995,1,10000000.0,1
C327855497,1,10000000.0,1
C315155195,1,10000000.0,1
C315149365,1,10000000.0,1
C313051938,1,10000000.0,1
C298387535,1,10000000.0,1
C292642955,1,10000000.0,1
C291823113,1,10000000.0,1
C29118015,1,10000000.0,1
C276347571,1,10000000.0,1
C273979298,1,10000000.0,1
C260657856,1,10000000.0,1
C25889412,1,10000000.0,1
C256835090,1,10000000.0,1
C24775045,1,10000000.0,1
C246726057,1,10000000.0,1
C239857977,1,10000000.0,1
C23198921,1,10000000.0,1
C23027348,1,10000000.0,1
C229313332,1,10000000.0,1
C220809630,1,10000000.0,1
C217654973,1,10000000.0,1
C2140038573,1,10000000.0,1
C2129111288,1,10000000.0,1
C211624085,1,10000000.0,1
C2103234501,1,10000000.0,1
C210168934,1,10000000.0,1
C2099173172,1,10000000.0,1
C2099141021,1,10000000.0,1
C2087654131,1,10000000.0,1
C2085303535,1,10000000.0,1
C2074382913,1,10000000.0,1
C2071602509,1,10000000.0,1
C2071282373,1,10000000.0,1
C2070647495,1,10000000.0,1
C2068007279,1,10000000.0,1
C2065498878,1,10000000.0,1
C2064974440,1,10000000.0,1
C2062946234,1,10000000.0,1
C2062481561,1,10000000.0,1
C2050703310,1,10000000.0,1
C2048555739,1,10000000.0,1
C2046014385,1,10000000.0,1
C2039632835,1,10000000.0,1
C2038780073,1,10000000.0,1
C2037845109,1,10000000.0,1
C2037423136,1,10000000.0,1
C2029948339,1,10000000.0,1
C2023224715,1,10000000.0,1
C2022162818,1,10000000.0,1
C2018514833,1,10000000.0,1
C200219666,1,10000000.0,1
C1989519123,1,10000000.0,1
C1981814103,1,10000000.0,1
C1979558927,1,10000000.0,1
C1979114980,1,10000000.0,1
C1952386173,1,10000000.0,1
C1945606464,1,10000000.0,1
C1936484732,1,10000000.0,1
C1930318116,1,10000000.0,1
C1926590870,1,10000000.0,1
C1919400809,1,10000000.0,1
C19004745,1,10000000.0,1
C1896858408,1,10000000.0,1
C1891630790,1,10000000.0,1
C1889901787,1,10000000.0,1
C1879989290,1,10000000.0,1
C1877358148,1,10000000.0,1
C1874951604,1,10000000.0,1
C1868631555,1,10000000.0,1
C1855594531,1,10000000.0,1
C1853514800,1,10000000.0,1
C1849235881,1,10000000.0,1
C1843531771,1,10000000.0,1
C1842402025,1,10000000.0,1
C1817868641,1,10000000.0,1
C1814200711,1,10000000.0,1
C1807237119,1,10000000.0,1
C1802427135,1,10000000.0,1
C180127057,1,10000000.0,1
C1800046297,1,10000000.0,1
C1799904347,1,10000000.0,1
C179802055,1,10000000.0,1
C1795726585,1,10000000.0,1
C179123496,1,10000000.0,1
C1790414268,1,10000000.0,1
C1790027985,1,10000000.0,1
C1764331146,1,10000000.0,1
C1756917426,1,10000000.0,1
C1751546135,1,10000000.0,1
C1749184895,1,10000000.0,1
C1734365365,1,10000000.0,1
C1729268548,1,10000000.0,1
C1723333662,1,10000000.0,1
C1721880478,1,10000000.0,1
C1713766678,1,10000000.0,1
C1709472240,1,10000000.0,1
C1700232450,1,10000000.0,1
C1693784348,1,10000000.0,1
C1677039996,1,10000000.0,1
C1668034607,1,10000000.0,1
C1666917384,1,10000000.0,1
C1660275627,1,10000000.0,1
C165107915,1,10000000.0,1
C1647199421,1,10000000.0,1
C1619838170,1,10000000.0,1
C1612182760,1,10000000.0,1
C1607380762,1,10000000.0,1
C1596180537,1,10000000.0,1
C1583037289,1,10000000.0,1
C1577486244,1,10000000.0,1
C1577276514,1,10000000.0,1
C1577275521,1,10000000.0,1
C1562962865,1,10000000.0,1
C1559534298,1,10000000.0,1
C1552522980,1,10000000.0,1
C1551381510,1,10000000.0,1
C1531278091,1,10000000.0,1
C1530285171,1,10000000.0,1
C1519426085,1,10000000.0,1
C1507276112,1,10000000.0,1
C150617765,1,10000000.0,1
C1505056771,1,10000000.0,1
C1499124218,1,10000000.0,1
C14856404,1,10000000.0,1
C1474911553,1,10000000.0,1
C1460810398,1,10000000.0,1
C1440908860,1,10000000.0,1
C1439740840,1,10000000.0,1
C1438388258,1,10000000.0,1
C14368419,1,10000000.0,1
C1421664654,1,10000000.0,1
C1396564541,1,10000000.0,1
C1386014813,1,10000000.0,1
C138482312,1,10000000.0,1
C1381373082,1,10000000.0,1
C1351320610,1,10000000.0,1
C1348396248,1,10000000.0,1
C1321526330,1,10000000.0,1
C131420902,1,10000000.0,1
C131412689,1,10000000.0,1
C130070267,1,10000000.0,1
C1299526002,1,10000000.0,1
C1295280435,1,10000000.0,1
C1291955358,1,10000000.0,1
C1278796725,1,10000000.0,1
C1277761503,1,10000000.0,1
C1274910960,1,10000000.0,1
C1274141620,1,10000000.0,1
C127338416,1,10000000.0,1
C1255348086,1,10000000.0,1
C1251439451,1,10000000.0,1
C124022062,1,10000000.0,1
C1237313447,1,10000000.0,1
C122340101,1,10000000.0,1
C1214015158,1,10000000.0,1
C1208192074,1,10000000.0,1
C1198427314,1,10000000.0,1
C1186192171,1,10000000.0,1
C1180822515,1,10000000.0,1
C1179529142,1,10000000.0,1
C1178177971,1,10000000.0,1
C1174163617,1,10000000.0,1
C1162717928,1,10000000.0,1
C1131684691,1,10000000.0,1
C1122738410,1,10000000.0,1
C1111699947,1,10000000.0,1
C1110953726,1,10000000.0,1
C1102554601,1,10000000.0,1
C1096385925,1,10000000.0,1
C108630257,1,10000000.0,1
C1086171385,1,10000000.0,1
C1079335762,1,10000000.0,1
C1074619527,1,10000000.0,1
C1066838925,1,10000000.0,1
C1058583308,1,10000000.0,1
C1057439889,1,10000000.0,1
C1049094143,1,10000000.0,1
C1046281837,1,10000000.0,1
C1045409609,1,10000000.0,1
C1041060645,1,10000000.0,1
C1036572575,1,10000000.0,1
C1028530067,1,10000000.0,1
C1016892734,1,10000000.0,1
C1014298205,1,10000000.0,1
C1004068843,1,10000000.0,1
C887830623,1,9996886.64,1
C429282035,1,9996886.64,1
C840795008,1,9977761.05,1
C154757729,1,9977761.05,1
C427148786,1,9960382.4,1
C1041938819,1,9960382.4,1
C1548903046,1,9887819.06,1
C1071702423,1,9887819.06,1
C887693253,1,9811104.49,1
C1983750370,1,9811104.49,1
C417981063,1,9772559.35,1
C1597398625,1,9772559.35,1
C1139926828,1,9749042.95,1
C1040320190,1,9749042.95,1
C792281006,1,9725837.08,1
C2078773097,1,9725837.08,1
C560583390,1,9639524.7,1
C1490771263,1,9639524.7,1
C167488694,1,9639052.83,1
C1452214555,1,9639052.83,1
C1463520187,1,9593838.63,1
C1050497545,1,9593838.63,1
C452586515,1,9585040.37,1
C554608123,1,9468064.05,1
C1372628002,1,9468064.05,1
C91276418,1,9465988.82,1
C851016578,1,9465988.82,1
C1433301955,1,9453680.72,1
C1185250980,1,9453680.72,1
C644898293,1,9421856.87,1
C476581036,1,9421856.87,1
C399518124,1,9345700.07,1
C1453976647,1,9345700.07,1
C2143419144,1,9301213.46,1
C149938639,1,9301213.46,1
C350993487,1,9299230.13,1
C1363018209,1,9299230.13,1
C918631268,1,9295454.24,1
C1216463302,1,9295454.24,1
C920327149,1,9228514.1,1
C616477106,1,9228514.1,1
C1490382663,1,9208368.83,1
C1256410677,1,9208368.83,1
C1938563375,1,9198459.96,1
C1904629487,1,9198459.96,1
C2104655508,1,9168747.51,1
C183711980,1,9168747.51,1
C400087132,1,9110884.44,1
C1402670582,1,9110884.44,1
C622303175,1,9097679.75,1
C413853456,1,9097679.75,1
C896720879,1,9060955.18,1
C1360689528,1,9060955.18,1
C378412722,1,9039246.82,1
C1074348771,1,9039246.82,1
C798979222,1,9033760.73,1
C1698261280,1,9033760.73,1
C76442447,1,8994286.69,1
C180006321,1,8994286.69,1
C549493431,1,8991625.83,1
C1466563113,1,8991625.83,1
C822799769,1,8980853.88,1
C741504749,1,8980853.88,1
C780587384,1,8950011.46,1
C1495344095,1,8950011.46,1
C849209216,1,8931607.89,1
C1230337572,1,8931607.89,1
C1634206825,1,8931550.69,1
C1123250480,1,8931550.69,1
C406938681,1,8924971.59,1
C1227042704,1,8924971.59,1
C748275134,1,8813323.11,1
C1044721452,1,8813323.11,1
C1917836086,1,8775594.43,1
C131527035,1,8775594.43,1
C333838421,1,8752000.36,1
C1514794775,1,8752000.36,1
C1590395791,1,8730600.58,1
C1419011226,1,8730600.58,1
C582011779,1,8720558.46,1
C34841317,1,8720558.46,1
C546277701,1,8607089.62,1
C432288416,1,8607089.62,1
C377226285,1,8594499.99,1
C1414061418,1,8594499.99,1
C1801750044,1,8594065.09,1
C1456711816,1,8594065.09,1
C495266984,1,8589704.49,1
C1961162790,1,8589704.49,1
C985677650,1,8537861.24,1
C601921404,1,8537861.24,1
C2060464348,1,8536151.16,1
C1712280078,1,8536151.16,1
C2072377567,1,8488865.83,1
C1770565614,1,8488865.83,1
C1824693572,1,8443528.7,1
C1776089845,1,8443528.7,1
C17870584,1,8332002.94,1
C1485613101,1,8332002.94,1
C2016728314,1,8327328.27,1
C1699496065,1,8327328.27,1
C2084166173,1,8317724.27,1
C2079730259,1,8317724.27,1
C1448634544,1,8286342.51,1
C1320375746,1,8286342.51,1
C1880773458,1,8276235.5,1
C1112360108,1,8276235.5,1
C840630111,1,8274020.94,1
C1990417727,1,8274020.94,1
C997276166,1,8267760.5,1
C1847166254,1,8267760.5,1
C364617026,1,8208916.0,1
C135981249,1,8208916.0,1
C2014067956,1,8186519.17,1
C1807376004,1,8186519.17,1
C721676184,1,8142605.46,1
C1210414819,1,8142605.46,1
C397420710,1,8104557.88,1
C2106211047,1,8104557.88,1
C896315472,1,8097183.22,1
C2047670192,1,8097183.22,1
C1191681942,1,8020192.15,1
C1073081182,1,8020192.15,1
C761504463,1,8006429.04,1
C1764648235,1,8006429.04,1
C58219748,1,7983958.34,1
C1199373292,1,7983958.34,1
C2057200986,1,7937954.2,1
C1581001485,1,7937954.2,1
C799015840,1,7809301.98,1
C2147008654,1,7809301.98,1
C843174735,1,7807640.17,1
C501884984,1,7807640.17,1
C1897380922,1,7788725.2,1
C1474481275,1,7788725.2,1
C1751529795,1,7782452.17,1
C1601590561,1,7782452.17,1
C459813446,1,7758036.72,1
C365237849,1,7758036.72,1
C172044102,1,7748802.0,1
C149785547,1,7748802.0,1
C403242634,1,7728992.56,1
C139632487,1,7728992.56,1
C233751269,1,7703574.71,1
C219294261,1,7703574.71,1
C1784092244,1,7696836.35,1
C1641731466,1,7696836.35,1
C2068656014,1,7677120.59,1
C2030295854,1,7677120.59,1
C1744142327,1,7670038.08,1
C1039668554,1,7670038.08,1
C1407135183,1,7620549.14,1
C12024284,1,7620549.14,1
C1672263305,1,7603589.38,1
C1668909596,1,7603589.38,1
C926688459,1,7596886.83,1
C1942950399,1,7596886.83,1
C1538555812,1,7578130.45,1
C1390409394,1,7578130.45,1
C195861117,1,7576324.61,1
C149249593,1,7576324.61,1
C1891733615,1,7567170.36,1
C1215509660,1,7567170.36,1
C983899161,1,7563536.91,1
C584194979,1,7563536.91,1
C937983122,1,7539165.76,1
C64015154,1,7539165.76,1
C319141085,1,7515624.63,1
C1144230283,1,7515624.63,1
C1768255591,1,7513581.46,1
C1185526711,1,7513581.46,1
C99129129,1,7484125.12,1
C1486116303,1,7484125.12,1
C782470219,1,7482670.24,1
C679238677,1,7482670.24,1
C452889653,1,7476725.66,1
C262815390,1,7476725.66,1
C88290164,1,7469051.14,1
C1841900359,1,7469051.14,1
C1952070142,1,7454553.06,1
C1023551084,1,7454553.06,1
C482730402,1,7445820.78,1
C1893971699,1,7445820.78,1
C507311282,1,7442005.19,1
C1517198206,1,7442005.19,1
C211065329,1,7435751.59,1
C1466030331,1,7435751.59,1
C2052842135,1,7428844.46,1
C1805149634,1,7428844.46,1
C2071540456,1,7418265.31,1
C1908904298,1,7418265.31,1
C22695246,1,7365106.76,1
C1043293861,1,7365106.76,1
C551820728,1,7363709.23,1
C1402128249,1,7363709.23,1
C1223916377,1,7335355.57,1
C1102672587,1,7335355.57,1
C1869569059,1,7316255.05,1
C622490191,1,7246962.16,1
C376746330,1,7246962.16,1
C686995087,1,7240965.96,1
C1568587963,1,7240965.96,1
C1855522502,1,7239986.95,1
C116882584,1,7239986.95,1
C578564110,1,7218629.01,1
C426878281,1,7218629.01,1
C470813600,1,7197532.27,1
C1876397453,1,7197532.27,1
C2146618198,1,7196174.56,1
C1906024708,1,7196174.56,1
C1982019124,1,7188425.25,1
C1962597060,1,7188425.25,1
C877157675,1,7169129.94,1
C1016521533,1,7169129.94,1
C2111007650,1,7114590.07,1
C115707854,1,7114590.07,1
C34310706,1,7109453.78,1
C1425726290,1,7109453.78,1
C993318150,1,7108914.22,1
C1494760088,1,7108914.22,1
C973279667,1,7078157.11,1
C151517061,1,7078157.11,1
C884592153,1,7068115.67,1
C740325067,1,7068115.67,1
C1821246962,1,7060216.94,1
C1396053431,1,7060216.94,1
C16402858,1,7044227.89,1
C1419603999,1,7044227.89,1
C321971640,1,7041719.54,1
C295695808,1,7041719.54,1
C384245570,1,6972164.97,1
C1268472825,1,6972164.97,1
C1508375494,1,6961359.11,1
C1493356883,1,6961359.11,1
C1401275229,1,6910926.92,1
C119613068,1,6910926.92,1
C962232328,1,6870369.62,1
C1056784519,1,6870369.62,1
C528343888,1,6856104.02,1
C359146196,1,6856104.02,1
C276220199,1,6721321.33,1
C1914099833,1,6721321.33,1
C76062067,1,6703831.4,1
C1227628504,1,6703831.4,1
C1967421709,1,6695070.79,1
C1895081516,1,6695070.79,1
C1780532253,1,6669495.34,1
C155884105,1,6669495.34,1
C67311634,1,6648389.9,1
C1612816859,1,6648389.9,1
C2030660606,1,6647155.99,1
C146567614,1,6647155.99,1
C356905617,1,6646879.72,1
C2023738276,1,6646879.72,1
C575504528,1,6580427.81,1
C511307813,1,6580427.81,1
C2128461532,1,6575903.12,1
C178762168,1,6575903.12,1
C89412579,1,6558087.93,1
C1050618331,1,6558087.93,1
C1776150191,1,6546019.0,1
C1767197728,1,6546019.0,1
C2078436803,1,6545346.16,1
C1540810051,1,6545346.16,1
C875187668,1,6513531.58,1
C537091000,1,6513531.58,1
C796312778,1,6512846.44,1
C1850890702,1,6512846.44,1
C2083819202,1,6501303.14,1
C1033290326,1,6501303.14,1
C612440112,1,6501296.36,1
C1026263737,1,6501296.36,1
C357275895,1,6498297.7,1
C1720178910,1,6498297.7,1
C370286354,1,6484526.8,1
C2041942844,1,6484526.8,1
C192639055,1,6468916.64,1
C1530429651,1,6468916.64,1
C596249960,1,6426126.34,1
C1681613660,1,6426126.34,1
C355768552,1,6417789.09,1
C14516308,1,6417789.09,1
C1642321508,1,6392800.85,1
C1354536718,1,6392800.85,1
C413383017,1,6377401.2,1
C1366321878,1,6377401.2,1
C523292689,1,6370726.84,1
C303116308,1,6370726.84,1
C270791126,1,6351930.74,1
C1533359448,1,6351930.74,1
C1554473398,1,6324299.91,1
C1187969526,1,6324299.91,1
C1838430036,1,6322399.97,1
C1305559146,1,6322399.97,1
C1529008245,1,6311409.28,1
C1162922333,1,6311409.28,1
C1323638722,1,6302888.93,1
C1224347529,1,6302888.93,1
C1227906023,1,6295010.28,1
C1070365668,1,6295010.28,1
C789526780,1,6274752.67,1
C1756348910,1,6274752.67,1
C1269763321,1,6273660.45,1
C107395739,1,6273660.45,1
C1632129790,1,6262505.91,1
C103717157,1,6262505.91,1
C951549308,1,6250438.78,1
C2029976755,1,6250438.78,1
C855788158,1,6249265.86,1
C435417424,1,6249265.86,1
C334882914,1,6219566.63,1
C1254000350,1,6219566.63,1
C935658927,1,6199009.0,1
C838658203,1,6199009.0,1
C979937832,1,6188772.44,1
C1440649048,1,6188772.44,1
C686187434,1,6188514.81,1
C135832352,1,6188514.81,1
C1985220781,1,6183238.55,1
C1949843837,1,6183238.55,1
C1092840661,1,6174385.48,1
C1025625307,1,6174385.48,1
C1567508562,1,6168077.6,1
C1521066827,1,6168077.6,1
C62391457,1,6106149.52,1
C2033700175,1,6106149.52,1
C944295490,1,6063657.03,1
C1769504839,1,6063657.03,1
C435031066,1,6038051.03,1
C1986822150,1,6038051.03,1
C63391267,1,6029387.26,1
C172131034,1,6029387.26,1
C2134635077,1,5999376.79,1
C1206710867,1,5999376.79,1
C899260948,1,5979556.06,1
C1240594546,1,5979556.06,1
C1892591356,1,5963850.34,1
C1131453044,1,5963850.34,1
C902008507,1,5952739.3,1
C1569009550,1,5952739.3,1
C393546828,1,5926745.36,1
C240557778,1,5926745.36,1
C863943949,1,5912204.0,1
C1709845779,1,5912204.0,1
C1826922858,1,5903457.39,1
C139878018,1,5903457.39,1
C452885423,1,5903046.38,1
C338408648,1,5903046.38,1
C388640141,1,5838803.23,1
C1915645992,1,5838803.23,1
C1906595632,1,5820137.62,1
C13539331,1,5820137.62,1
C229756338,1,5818863.13,1
C1520029619,1,5818863.13,1
C957078136,1,5807351.83,1
C1254740800,1,5807351.83,1
C1770441952,1,5800988.12,1
C1232837961,1,5800988.12,1
C2089796608,1,5777706.65,1
C1812401668,1,5777706.65,1
C533511520,1,5721871.91,1
C1616758519,1,5721871.91,1
C958168241,1,5715004.3,1
C1519833841,1,5715004.3,1
C532793923,1,5689516.13,1
C2094963184,1,5689516.13,1
C992223106,1,5674547.89,1
C1969327890,1,5658123.36,1
C1537861219,1,5658123.36,1
C441240054,1,5656416.95,1
C391508712,1,5656416.95,1
C90885996,1,5652739.69,1
C1605555935,1,5652739.69,1
C770353571,1,5618179.9,1
C1730928931,1,5618179.9,1
C771544520,1,5614246.07,1
C1340929577,1,5614246.07,1
C1455120619,1,5591647.96,1
C1237857283,1,5591647.96,1
C68688915,1,5591414.49,1
C1864175867,1,5591414.49,1
C94269091,1,5566368.02,1
C1308416939,1,5566368.02,1
C505397169,1,5521483.54,1
C1786386487,1,5521483.54,1
C866940482,1,5512595.16,1
C1173792039,1,5512595.16,1
C988536152,1,5494862.93,1
C1802007531,1,5494862.93,1
C806769154,1,5489302.04,1
C123757418,1,5489302.04,1
C478532233,1,5477272.72,1
C1058610480,1,5477272.72,1
C889342614,1,5475018.52,1
C145448061,1,5475018.52,1
C1741031215,1,5469910.99,1
C1540627735,1,5469910.99,1
C250061568,1,5464727.14,1
C1861461304,1,5464727.14,1
C666654362,1,5460002.91,1
C1588880909,1,5460002.91,1
C925348777,1,5455965.86,1
C529879129,1,5455965.86,1
C415854001,1,5429153.98,1
C2027207246,1,5429153.98,1
C9591597,1,5393290.34,1
C1392488521,1,5393290.34,1
C651730161,1,5393228.23,1
C454501295,1,5393228.23,1
C2045535389,1,5388834.64,1
C1888149669,1,5388834.64,1
C46940943,1,5363795.31,1
C1085308330,1,5363795.31,1
C686087807,1,5363594.86,1
C2003297208,1,5363594.86,1
C194251863,1,5338583.38,1
C1913306809,1,5338583.38,1
C622353866,1,5338162.8,1
C1742651298,1,5338162.8,1
C31838536,1,5274773.52,1
C1067759526,1,5274773.52,1
C823324093,1,5245375.3,1
C1652591304,1,5245375.3,1
C1998644906,1,5239429.19,1
C1514931968,1,5239429.19,1
C1564479230,1,5188875.35,1
C1556710652,1,5188875.35,1
C731901376,1,5175876.53,1
C599212256,1,5175876.53,1
C811562034,1,5166728.87,1
C371181257,1,5166728.87,1
C1707763066,1,5166393.44,1
C1354111086,1,5166393.44,1
C41354044,1,5141769.94,1
C404738794,1,5141769.94,1
C226207762,1,5131896.17,1
C2124387698,1,5131896.17,1
C918684226,1,5101855.95,1
C2134692608,1,5101855.95,1
C429020184,1,5096946.74,1
C417066150,1,5096946.74,1
C1987097058,1,5087422.03,1
C1720256828,1,5087422.03,1
C39195818,1,5052211.09,1
C253761308,1,5052211.09,1
C315872853,1,5049594.33,1
C2134666226,1,5049594.33,1
C747186981,1,5044147.53,1
C1739527181,1,5044147.53,1
C60530886,1,5039827.29,1
C125995436,1,5039827.29,1
C253446049,1,5032484.73,1
C1883768704,1,5032484.73,1
C1848562108,1,5021186.54,1
C1520365660,1,5021186.54,1
C60690342,1,5016884.33,1
C1525254623,1,5016884.33,1
C86350927,1,4993938.87,1
C1437493877,1,4993938.87,1
C170364634,1,4961093.21,1
C1283767836,1,4961093.21,1
C740943100,1,4961014.03,1
C1742941865,1,4961014.03,1
C728984460,1,4953893.08,1
C693406382,1,4919642.57,1
C1457431353,1,4919642.57,1
C688119342,1,4900487.15,1
C1615320222,1,4900487.15,1
C1971684490,1,4896179.38,1
C1482401390,1,4896179.38,1
C2003694835,1,4895343.33,1
C1479969874,1,4895343.33,1
C800259537,1,4892226.25,1
C505947737,1,4892226.25,1
C908544136,1,4892193.09,1
C557894266,1,4886423.05,1
C1572906420,1,4886423.05,1
C819607740,1,4863106.47,1
C355787543,1,4863106.47,1
C794947414,1,4841332.26,1
C238987266,1,4841332.26,1
C610088962,1,4830219.15,1
C58626602,1,4830219.15,1
C2087122635,1,4815187.09,1
C2041567241,1,4815187.09,1
C1958197086,1,4758180.79,1
C1927843897,1,4758180.79,1
C751624512,1,4738282.28,1
C1533698204,1,4738282.28,1
C450630495,1,4737833.35,1
C1353278775,1,4737833.35,1
C1671601365,1,4731371.88,1
C1497139417,1,4731371.88,1
C842658651,1,4720554.95,1
C1305598780,1,4720554.95,1
C941946048,1,4716307.48,1
C672433047,1,4716307.48,1
C791079404,1,4713935.64,1
C1800396600,1,4713935.64,1
C43271707,1,4690769.98,1
C1265105517,1,4690769.98,1
C1888264566,1,4677358.76,1
C171367749,1,4677358.76,1
C801580496,1,4672401.04,1
C387122223,1,4672401.04,1
C774814056,1,4644693.12,1
C1906191746,1,4644693.12,1
C2144262905,1,4640633.37,1
C180932654,1,4640633.37,1
C658423698,1,4631432.03,1
C2089741901,1,4631432.03,1
C1985447713,1,4626269.69,1
C1879221342,1,4626269.69,1
C538300910,1,4623764.68,1
C201692865,1,4623764.68,1
C684110102,1,4602636.68,1
C635388534,1,4602636.68,1
C1508043591,1,4598089.88,1
C1115133775,1,4598089.88,1
C397365515,1,4589441.44,1
C1514427330,1,4589441.44,1
C1507497077,1,4582074.51,1
C1151172465,1,4582074.51,1
C441939747,1,4574246.75,1
C1947336797,1,4574246.75,1
C785953522,1,4559921.56,1
C1705309294,1,4559921.56,1
C485487495,1,4553004.39,1
C1987026797,1,4553004.39,1
C1462947577,1,4531343.47,1
C1067203186,1,4531343.47,1
C81587291,1,4526748.52,1
C565197810,1,4526748.52,1
C220187177,1,4525901.25,1
C1633782,1,4525901.25,1
C1899244815,1,4505012.56,1
C1075946907,1,4505012.56,1
C375834345,1,4483868.79,1
C1664723459,1,4483868.79,1
C2074526030,1,4481768.26,1
C1705612559,1,4481768.26,1
C631132881,1,4480592.14,1
C1190439284,1,4480592.14,1
C933443756,1,4454632.3,1
C310812803,1,4454632.3,1
C1510732148,1,4452001.07,1
C1140883229,1,4452001.07,1
C530018040,1,4448598.93,1
C222155538,1,4448598.93,1
C812001868,1,4445514.2,1
C1149729385,1,4445514.2,1
C694579714,1,4438931.81,1
C594373709,1,4438931.81,1
C790582807,1,4417191.86,1
C2061241585,1,4417191.86,1
C1584907362,1,4400457.84,1
C148679503,1,4400457.84,1
C775816840,1,4375931.29,1
C367894534,1,4375931.29,1
C821777202,1,4364760.42,1
C1197632627,1,4364760.42,1
C750241530,1,4354175.33,1
C1296748795,1,4354175.33,1
C978314426,1,4342582.37,1
C1976332867,1,4342582.37,1
C46140680,1,4339822.23,1
C1536280530,1,4339822.23,1
C668700925,1,4309298.47,1
C1906469429,1,4309298.47,1
C975117365,1,4294676.05,1
C525104705,1,4294676.05,1
C261172273,1,4262592.28,1
C1909269068,1,4262592.28,1
C2086367958,1,4257337.62,1
C1677738676,1,4257337.62,1
C799888811,1,4252656.95,1
C1243123662,1,4252656.95,1
C244956323,1,4243468.19,1
C175411270,1,4243468.19,1
C796012531,1,4222595.06,1
C4856718,1,4222595.06,1
C359671277,1,4212682.84,1
C1612893678,1,4212682.84,1
C376454889,1,4177467.46,1
C1493761372,1,4177467.46,1
C877487404,1,4162555.99,1
C1124374325,1,4162555.99,1
C325611904,1,4160888.06,1
C1407865578,1,4160888.06,1
C1273725199,1,4152987.1,1
C1200746478,1,4152987.1,1
C869608189,1,4152435.91,1
C1158527799,1,4152435.91,1
C1964768315,1,4135944.29,1
C1649836304,1,4135944.29,1
C589050166,1,4130371.73,1
C1678282233,1,4130371.73,1
C353183181,1,4129482.96,1
C1021520214,1,4129482.96,1
C2094498681,1,4128853.75,1
C1152970909,1,4128853.75,1
C915028332,1,4121986.59,1
C155774205,1,4121986.59,1
C827588953,1,4104942.7,1
C2019434914,1,4104942.7,1
C934857177,1,4099382.36,1
C371063342,1,4099382.36,1
C799393307,1,4075956.58,1
C1194310018,1,4075956.58,1
C802639228,1,4032691.34,1
C1728211150,1,4032691.34,1
C79951219,1,4022667.54,1
C735463888,1,4022667.54,1
C987446721,1,4022408.76,1
C743505070,1,4022408.76,1
C1924819365,1,4022098.69,1
C105027468,1,4022098.69,1
C826677509,1,4017972.88,1
C571696283,1,4017972.88,1
C692635750,1,4011314.1,1
C511866589,1,4011314.1,1
C1970706589,1,4009058.39,1
C1044665079,1,4009058.39,1
C1817956756,1,3996798.71,1
C1093407378,1,3996798.71,1
C2016119090,1,3973479.44,1
C1343326051,1,3973479.44,1
C602094058,1,3972968.92,1
C438643114,1,3972968.92,1
C432264411,1,3968964.4,1
C1383952651,1,3968964.4,1
C786548391,1,3965182.83,1
C1072591824,1,3965182.83,1
C576568419,1,3964129.99,1
C1098250442,1,3964129.99,1
C38256696,1,3947541.37,1
C2144474125,1,3947541.37,1
C663685231,1,3929113.14,1
C111386253,1,3929113.14,1
C390716812,1,3924102.18,1
C344359156,1,3924102.18,1
C2015532834,1,3912252.81,1
C1027836426,1,3912252.81,1
C280132554,1,3904257.51,1
C1648039979,1,3904257.51,1
C1686754447,1,3892156.3,1
C1631482807,1,3892156.3,1
C901257542,1,3890627.92,1
C1289286413,1,3890627.92,1
C804681656,1,3887853.15,1
C594531860,1,3887853.15,1
C754455797,1,3879669.76,1
C1737566692,1,3879669.76,1
C1819780658,1,3864609.52,1
C1437293424,1,3864609.52,1
C1675721447,1,3857176.83,1
C1585480308,1,3857176.83,1
C987072193,1,3846781.01,1
C2109752289,1,3846781.01,1
C2141919864,1,3845765.36,1
C196788126,1,3845765.36,1
C426880249,1,3832058.34,1
C1279307827,1,3832058.34,1
C1987271305,1,3794763.63,1
C1592208539,1,3794763.63,1
C1706727269,1,3786438.03,1
C1659791860,1,3786438.03,1
C695007520,1,3774777.76,1
C1440842391,1,3774777.76,1
C721399587,1,3774746.08,1
C1668999438,1,3774746.08,1
C661110749,1,3760068.04,1
C1824157901,1,3760068.04,1
C635186,1,3752520.6,1
C1674281831,1,3752520.6,1
C1873441718,1,3738574.9,1
C1811872528,1,3738574.9,1
C808515301,1,3735525.0,1
C577782900,1,3735525.0,1
C492529807,1,3733104.07,1
C379244982,1,3733104.07,1
C1811823904,1,3731378.32,1
C161612692,1,3731378.32,1
C1553979696,1,3723738.06,1
C1143980021,1,3723738.06,1
C336342996,1,3718503.37,1
C1652874527,1,3718503.37,1
C633635438,1,3707342.38,1
C374837876,1,3707342.38,1
C1797769206,1,3695429.98,1
C1497936234,1,3695429.98,1
C329270051,1,3671853.86,1
C1476946789,1,3671853.86,1
C1750635867,1,3653274.35,1
C1052486086,1,3653274.35,1
C1786460206,1,3644234.06,1
C1362743884,1,3644234.06,1
C964891508,1,3642569.29,1
C1013288403,1,3642569.29,1
C520336445,1,3641525.7,1
C2071106864,1,3641525.7,1
C2080183074,1,3640983.71,1
C1978111036,1,3640983.71,1
C1285761418,1,3640271.29,1
C108318597,1,3640271.29,1
C771163854,1,3608191.52,1
C1481088608,1,3608191.52,1
C2016707009,1,3607917.73,1
C1513663831,1,3607917.73,1
C1054903406,1,3606943.31,1
C1011490419,1,3606943.31,1
C2078704475,1,3595911.39,1
C1877698691,1,3595911.39,1
C1645091760,1,3592596.97,1
C15678402,1,3592596.97,1
C1861323130,1,3588174.94,1
C1622193267,1,3588174.94,1
C541955381,1,3582885.46,1
C2138261012,1,3582885.46,1
C181971032,1,3580542.06,1
C1112407295,1,3580542.06,1
C193696150,1,3576297.1,1
C438537495,1,3574316.05,1
C1370421735,1,3574316.05,1
C699121827,1,3572736.74,1
C1733969838,1,3572736.74,1
C458467003,1,3571807.73,1
C44010556,1,3571807.73,1
C2012983997,1,3569720.42,1
C1985844506,1,3569720.42,1
C961585962,1,3567795.25,1
C2091267163,1,3567795.25,1
C724176081,1,3551771.18,1
C1210787759,1,3551771.18,1
C156594551,1,3551022.86,1
C1267379776,1,3551022.86,1
C1934752840,1,3547485.43,1
C1192862458,1,3547485.43,1
C456762120,1,3547010.54,1
C2022499393,1,3547010.54,1
C488587409,1,3542716.02,1
C1521869137,1,3542716.02,1
C799860005,1,3523089.46,1
C1036579486,1,3523089.46,1
C451243683,1,3512572.72,1
C1585059557,1,3512572.72,1
C477303142,1,3492056.91,1
C1323299934,1,3492056.91,1
C864985630,1,3490916.0,1
C1526528147,1,3490916.0,1
C1713336918,1,3488355.65,1
C1658688393,1,3488355.65,1
C1582000733,1,3486005.08,1
C1300574911,1,3486005.08,1
C841995363,1,3477438.49,1
C767243506,1,3477438.49,1
C1868574170,1,3457169.26,1
C151947482,1,3457169.26,1
C2035809060,1,3455440.17,1
C1093183182,1,3455440.17,1
C937580010,1,3452538.75,1
C747295947,1,3452538.75,1
C1900819473,1,3444943.59,1
C127639062,1,3444943.59,1
C917414431,1,3441041.46,1
C1650955113,1,3439121.37,1
C11425665,1,3439121.37,1
C288197113,1,3425386.69,1
C1737336360,1,3425386.69,1
C1468687617,1,3424092.39,1
C1408863129,1,3424092.39,1
C677566670,1,3421212.04,1
C398903352,1,3421212.04,1
C655470435,1,3401641.0,1
C1233267015,1,3401641.0,1
C1941295125,1,3399575.93,1
C1666144703,1,3399575.93,1
C33984222,1,3379009.86,1
C2081851883,1,3379009.86,1
C658453874,1,3370781.65,1
C1641639361,1,3370781.65,1
C15998384,1,3354215.55,1
C1128510858,1,3354215.55,1
C95297644,1,3354200.39,1
C459414804,1,3354200.39,1
C1844195426,1,3351304.78,1
C1558861751,1,3351304.78,1
C1897864068,1,3339489.46,1
C1632929877,1,3339489.46,1
C916840500,1,3332748.16,1
C136906216,1,3332748.16,1
C294569503,1,3309631.1,1
C1512400234,1,3309631.1,1
C265373063,1,3302492.95,1
C2115449921,1,3302492.95,1
C411433616,1,3297243.38,1
C1395197193,1,3297243.38,1
C1587398978,1,3295227.84,1
C1152596026,1,3295227.84,1
C1509113687,1,3288377.47,1
C1001875185,1,3288377.47,1
C959785140,1,3285475.4,1
C1469626651,1,3285475.4,1
C198379281,1,3284197.88,1
C103236252,1,3284197.88,1
C649961237,1,3283695.97,1
C547834649,1,3283695.97,1
C252215515,1,3263443.15,1
C1406501579,1,3263443.15,1
C1978325769,1,3260215.75,1
C1523193770,1,3260215.75,1
C2080670113,1,3244067.13,1
C1149220913,1,3244067.13,1
C891068137,1,3243092.91,1
C78395024,1,3243092.91,1
C503443667,1,3242183.64,1
C1457562899,1,3242183.64,1
C6950250,1,3222396.0,1
C492515699,1,3222396.0,1
C386673709,1,3210027.48,1
C1663597987,1,3210027.48,1
C1022498421,1,3206623.39,1
C1011158272,1,3206623.39,1
C934227113,1,3200818.85,1
C1857126069,1,3200818.85,1
C42995326,1,3200270.32,1
C199337547,1,3200270.32,1
C1884883180,1,3191058.32,1
C1185153589,1,3191058.32,1
C919002200,1,3178915.22,1
C424434408,1,3178915.22,1
C1729291850,1,3178881.71,1
C1447355548,1,3178881.71,1
C1892216157,1,3171085.59,1
C597790533,1,3156421.43,1
C1609180237,1,3156421.43,1
C1921052827,1,3150438.28,1
C1100799459,1,3150438.28,1
C1851386700,1,3139423.35,1
C1627766514,1,3139423.35,1
C681359586,1,3120690.98,1
C384250623,1,3120690.98,1
C907941485,1,3118811.65,1
C393374945,1,3118811.65,1
C966152886,1,3116889.41,1
C1369312276,1,3116889.41,1
C965340171,1,3116833.75,1
C794060279,1,3116833.75,1
C483009518,1,3105902.49,1
C239028627,1,3105902.49,1
C941791959,1,3097121.75,1
C1563094045,1,3097121.75,1
C331136549,1,3092085.39,1
C1658683875,1,3092085.39,1
C162812306,1,3085336.66,1
C113225350,1,3085336.66,1
C2110692683,1,3080973.39,1
C1431002212,1,3080973.39,1
C27765734,1,3071270.72,1
C1272560847,1,3071270.72,1
C739766096,1,3070709.95,1
C1489638562,1,3070709.95,1
C1883146038,1,3062506.58,1
C1347372630,1,3062506.58,1
C817672066,1,3054359.4,1
C1436575323,1,3054359.4,1
C91165547,1,3049753.79,1
C470081604,1,3049753.79,1
C684191207,1,3043141.07,1
C526995277,1,3043141.07,1
C2052061131,1,3042111.54,1
C1680736871,1,3042111.54,1
C2107000276,1,3028421.03,1
C188968777,1,3028421.03,1
C2115080301,1,3020974.53,1
C1499479163,1,3020974.53,1
C271621902,1,3019699.77,1
C2110305720,1,3019699.77,1
C1421370456,1,3018810.85,1
C1000484178,1,3018810.85,1
C680373527,1,3017156.01,1
C2105090352,1,3017156.01,1
C1419528476,1,3011102.29,1
C1012799951,1,3011102.29,1
C1336183748,1,3009125.59,1
C1108630642,1,3009125.59,1
C257797783,1,2988103.3,1
C1655503661,1,2988103.3,1
C738609409,1,2985840.4,1
C1911667833,1,2985840.4,1
C568807005,1,2984434.36,1
C1499429209,1,2984434.36,1
C588956129,1,2983996.6,1
C491418989,1,2983996.6,1
C1904352957,1,2979972.78,1
C1670945356,1,2979972.78,1
C833989982,1,2960254.17,1
C262990065,1,2960254.17,1
C874465366,1,2949339.09,1
C866984681,1,2949339.09,1
C1641673590,1,2947783.87,1
C1092143469,1,2947783.87,1
C806917038,1,2942177.94,1
C1416798021,1,2942177.94,1
C821430696,1,2938833.22,1
C764985389,1,2938833.22,1
C1884318665,1,2935952.76,1
C135132555,1,2935952.76,1
C2121092345,1,2934820.94,1
C1014836767,1,2934820.94,1
C2047521920,1,2930418.44,1
C2044690596,1,2930418.44,1
C2081788795,1,2927005.15,1
C2010427735,1,2927005.15,1
C2122806908,1,2926854.05,1
C1370085660,1,2926854.05,1
C382312588,1,2925859.58,1
C1546564200,1,2925859.58,1
C542286899,1,2925111.67,1
C1291634123,1,2925111.67,1
C1763502384,1,2923356.25,1
C1312260902,1,2923356.25,1
C767295910,1,2914653.69,1
C551410627,1,2914653.69,1
C2088472224,1,2913787.08,1
C1263647967,1,2913787.08,1
C1683729969,1,2911505.23,1
C1312139303,1,2911505.23,1
C784554482,1,2908264.69,1
C233651792,1,2908264.69,1
C174689091,1,2905831.61,1
C1661216334,1,2905831.61,1
C791144032,1,2897907.81,1
C35276012,1,2897907.81,1
C287337523,1,2895954.99,1
C1706066378,1,2895954.99,1
C384434585,1,2887744.35,1
C1770745234,1,2887744.35,1
C866414395,1,2885466.96,1
C739578791,1,2885466.96,1
C384267839,1,2876010.51,1
C22941522,1,2876010.51,1
C369516790,1,2874626.02,1
C1926697362,1,2874626.02,1
C617343530,1,2873536.01,1
C1711657295,1,2873536.01,1
C955101286,1,2871898.5,1
C381354324,1,2871898.5,1
C1729277361,1,2860852.43,1
C149923854,1,2860852.43,1
C2075115765,1,2859010.61,1
C1981956148,1,2859010.61,1
C1916200037,1,2828068.73,1
C1776748909,1,2828068.73,1
C716780385,1,2815893.17,1
C1109437404,1,2815893.17,1
C780357987,1,2799902.39,1
C691812309,1,2799902.39,1
C718213394,1,2776135.33,1
C432219684,1,2776135.33,1
C366210516,1,2772748.37,1
C323857001,1,2772748.37,1
C48717380,1,2772043.9,1
C1162550194,1,2772043.9,1
C577803442,1,2763398.31,1
C1491503658,1,2763398.31,1
C829335128,1,2763025.35,1
C1978450840,1,2763025.35,1
C868212192,1,2758096.0,1
C1294538821,1,2758096.0,1
C82669876,1,2757431.53,1
C1340596396,1,2757431.53,1
C484256849,1,2756011.78,1
C1736184082,1,2756011.78,1
C600644430,1,2755588.11,1
C164780972,1,2755588.11,1
C711547506,1,2754759.04,1
C2039553933,1,2754759.04,1
C99753762,1,2754740.54,1
C52657218,1,2754740.54,1
C1557244190,1,2745923.02,1
C1403642146,1,2745923.02,1
C1775580519,1,2740879.15,1
C1459823327,1,2740879.15,1
C957619820,1,2739869.62,1
C342873826,1,2739869.62,1
C2038452856,1,2739248.3,1
C1131884196,1,2739248.3,1
C1419156412,1,2737766.8,1
C1263150351,1,2737766.8,1
C67550882,1,2728625.68,1
C2079148298,1,2728625.68,1
C1925659680,1,2723017.17,1
C1732090063,1,2723017.17,1
C398909840,1,2720647.79,1
C1998926306,1,2720647.79,1
C628191436,1,2709729.22,1
C403920383,1,2709729.22,1
C1047102725,1,2708906.59,1
C1012201968,1,2708906.59,1
C494334546,1,2701905.3,1
C2140905252,1,2701905.3,1
C399282086,1,2701644.17,1
C1273953731,1,2701644.17,1
C2100014537,1,2694857.26,1
C1699838041,1,2694857.26,1
C2141912199,1,2693520.61,1
C1734542824,1,2693520.61,1
C1607707310,1,2689633.8,1
C1088706462,1,2689633.8,1
C901331326,1,2686564.04,1
C364029634,1,2686564.04,1
C66383607,1,2684260.67,1
C1730345649,1,2684260.67,1
C1988413338,1,2684142.41,1
C1423321917,1,2684142.41,1
C372999326,1,2674794.22,1
C1839586690,1,2674794.22,1
C18505575,1,2666139.51,1
C1114344238,1,2666139.51,1
C813115168,1,2662734.59,1
C1182702586,1,2662734.59,1
C788747190,1,2658595.89,1
C185905309,1,2658595.89,1
C759396393,1,2656973.04,1
C1019433665,1,2656973.04,1
C286057800,1,2654302.46,1
C2084273569,1,2654302.46,1
C863787360,1,2651994.1,1
C1963804586,1,2651994.1,1
C625254221,1,2642116.95,1
C456316207,1,2642116.95,1
C7277039,1,2641674.43,1
C1787722017,1,2641674.43,1
C901300638,1,2634032.61,1
C742596177,1,2634032.61,1
C903487655,1,2629417.41,1
C784365883,1,2629417.41,1
C98299573,1,2627070.5,1
C771703338,1,2627070.5,1
C723019595,1,2626957.79,1
C1966432997,1,2626957.79,1
C31108995,1,2625132.51,1
C1656607369,1,2625132.51,1
C690196835,1,2624422.62,1
C637096336,1,2624422.62,1
C382837005,1,2612915.2,1
C1173597457,1,2612915.2,1
C234957990,1,2607790.58,1
C1448180572,1,2607790.58,1
C897190163,1,2600970.32,1
C1015856166,1,2600970.32,1
C742560107,1,2598276.05,1
C281744778,1,2598276.05,1
C599107139,1,2582733.46,1
C1497963652,1,2582733.46,1
C989697555,1,2582642.18,1
C1330451334,1,2582642.18,1
C939181063,1,2582313.07,1
C1051284660,1,2582313.07,1
C648614053,1,2581549.92,1
C1168747121,1,2581549.92,1
C1844811503,1,2580055.17,1
C1554550313,1,2580055.17,1
C939367162,1,2577489.07,1
C1475261726,1,2577489.07,1
C991826252,1,2571605.04,1
C780905436,1,2571605.04,1
C1656748822,1,2567602.1,1
C1191696703,1,2567602.1,1
C2033083147,1,2562459.56,1
C1439743203,1,2562459.56,1
C694643897,1,2561698.04,1
C639357129,1,2561698.04,1
C2020129633,1,2558618.27,1
C1229649217,1,2558618.27,1
C805776817,1,2554948.41,1
C1323434456,1,2554948.41,1
C606408866,1,2554662.97,1
C325102191,1,2554662.97,1
C786455622,1,2542664.27,1
C479192985,1,2540410.33,1
C1229867171,1,2540410.33,1
C728718059,1,2539898.07,1
C394488466,1,2539898.07,1
C89581847,1,2533650.09,1
C4863930,1,2533650.09,1
C1780110867,1,2517188.06,1
C1610441162,1,2517188.06,1
C1985672054,1,2514878.33,1
C1163253466,1,2514878.33,1
C788558672,1,2498837.82,1
C1635910106,1,2498837.82,1
C1275891732,1,2498370.12,1
C1058391661,1,2498370.12,1
C498171092,1,2485467.28,1
C159949095,1,2485467.28,1
C1189052930,1,2480321.85,1
C1159822355,1,2480321.85,1
C225560210,1,2479940.21,1
C1242611758,1,2479940.21,1
C87347257,1,2479767.72,1
C500011939,1,2479767.72,1
C760905654,1,2479691.37,1
C1805381656,1,2479691.37,1
C959116993,1,2477661.97,1
C336094122,1,2477661.97,1
C577087580,1,2472250.47,1
C1806442473,1,2472250.47,1
C718874269,1,2468740.94,1
C1794935564,1,2468740.94,1
C201662264,1,2463190.9,1
C1545516958,1,2463190.9,1
C17491956,1,2460110.25,1
C1457539209,1,2460110.25,1
C554032564,1,2451423.58,1
C1267904754,1,2451423.58,1
C43243271,1,2433009.28,1
C1384976980,1,2433009.28,1
C310661777,1,2432747.48,1
C1616917685,1,2432747.48,1
C765888387,1,2429711.09,1
C1209540867,1,2429711.09,1
C64180102,1,2426076.89,1
C1262578601,1,2426076.89,1
C297158532,1,2425164.58,1
C136293883,1,2425164.58,1
C775900945,1,2424380.16,1
C467492380,1,2424380.16,1
C549084804,1,2415826.18,1
C445430208,1,2415826.18,1
C676092302,1,2406332.79,1
C2090299993,1,2406332.79,1
C1374141932,1,2394623.8,1
C1201856349,1,2394623.8,1
C211205523,1,2393539.65,1
C1767333284,1,2393539.65,1
C1970217984,1,2392482.86,1
C1015599837,1,2392482.86,1
C2115055382,1,2391612.36,1
C1856399120,1,2391612.36,1
C445035011,1,2388542.02,1
C1937566319,1,2388542.02,1
C808767907,1,2388251.16,1
C731376303,1,2388251.16,1
C895602410,1,2374490.77,1
C1113922193,1,2374490.77,1
C958603903,1,2374412.42,1
C1418786836,1,2374412.42,1
C392198260,1,2371324.81,1
C1838733636,1,2371324.81,1
C652805984,1,2360965.74,1
C1859539319,1,2360965.74,1
C914179351,1,2352524.18,1
C1498028072,1,2352524.18,1
C843030857,1,2344540.14,1
C466106905,1,2344540.14,1
C692748109,1,2343696.85,1
C1652159172,1,2343696.85,1
C532100013,1,2341474.44,1
C1090006952,1,2341474.44,1
C450854769,1,2339743.18,1
C1675131101,1,2339743.18,1
C1995017402,1,2333929.91,1
C178173239,1,2333929.91,1
C981538757,1,2331777.94,1
C494837899,1,2331777.94,1
C2139567516,1,2329379.8,1
C2098207513,1,2329379.8,1
C2114453314,1,2326251.51,1
C1788761832,1,2326251.51,1
C1426577344,1,2324907.08,1
C1373829253,1,2324907.08,1
C548911578,1,2322909.69,1
C1795295,1,2322909.69,1
C31072228,1,2321633.57,1
C1235032852,1,2321633.57,1
C797588864,1,2319926.01,1
C1629072698,1,2319926.01,1
C740474912,1,2312944.11,1
C1091954556,1,2312944.11,1
C997712071,1,2308798.26,1
C2091244147,1,2308798.26,1
C599162880,1,2305939.38,1
C2131356877,1,2305939.38,1
C376938867,1,2299330.46,1
C1269100700,1,2299330.46,1
C277466735,1,2291498.65,1
C1981839007,1,2291498.65,1
C85727598,1,2284476.12,1
C175222097,1,2284476.12,1
C130301961,1,2277862.67,1
C10702255,1,2277862.67,1
C750509301,1,2274766.1,1
C2063172145,1,2274766.1,1
C362452126,1,2274566.61,1
C1462703827,1,2274566.61,1
C616491033,1,2271674.66,1
C1103494239,1,2271674.66,1
C94525444,1,2263927.04,1
C243052380,1,2263927.04,1
C706933703,1,2254934.36,1
C65227807,1,2254934.36,1
C1472018335,1,2254718.25,1
C1119251343,1,2254718.25,1
C1125239020,1,2254417.02,1
C1037004570,1,2254417.02,1
C1918619369,1,2253811.33,1
C1631859649,1,2253811.33,1
C811947733,1,2251225.38,1
C1960849749,1,2251225.38,1
C853837808,1,2249574.01,1
C758510706,1,2249574.01,1
C245964929,1,2248584.96,1
C1701978189,1,2248584.96,1
C1825605932,1,2246118.53,1
C1389870393,1,2246118.53,1
C972876081,1,2241630.36,1
C2036950441,1,2241630.36,1
C972148639,1,2239461.29,1
C1918267923,1,2239461.29,1
C441260218,1,2232667.51,1
C1786873519,1,2232667.51,1
C684925403,1,2232257.71,1
C546364616,1,2232257.71,1
C123840755,1,2231580.5,1
C1202921665,1,2231580.5,1
C49877168,1,2230432.56,1
C227395466,1,2230432.56,1
C1529282032,1,2222544.0,1
C1196507516,1,2222544.0,1
C462145857,1,2222008.27,1
C286391269,1,2222008.27,1
C150631994,1,2221683.68,1
C1136739857,1,2221683.68,1
C1998076777,1,2219475.13,1
C10511157,1,2219475.13,1
C684927703,1,2216703.82,1
C1080269027,1,2216703.82,1
C407411386,1,2216437.25,1
C1860220594,1,2216437.25,1
C445829500,1,2209035.37,1
C1720700967,1,2209035.37,1
C863963078,1,2202575.1,1
C1229686156,1,2202575.1,1
C752563135,1,2198224.71,1
C705981026,1,2198224.71,1
C733220553,1,2198220.97,1
C1393439924,1,2198220.97,1
C871130115,1,2194533.79,1
C1907033447,1,2194533.79,1
C1784567244,1,2190762.32,1
C1364952326,1,2190762.32,1
C90164537,1,2189170.39,1
C156998155,1,2189170.39,1
C679742636,1,2184556.65,1
C1385022604,1,2184556.65,1
C694832431,1,2178303.49,1
C128992115,1,2178303.49,1
C450561445,1,2177218.43,1
C1302526975,1,2177218.43,1
C2058960648,1,2175288.9,1
C1157904432,1,2175288.9,1
C927887851,1,2173367.35,1
C662152824,1,2173367.35,1
C395839623,1,2169679.91,1
C358188091,1,2169679.91,1
C94303206,1,2163012.63,1
C1593930308,1,2163012.63,1
C2118037553,1,2155569.91,1
C1429181782,1,2155569.91,1
C507292245,1,2154005.71,1
C1514500854,1,2154005.71,1
C156186481,1,2153055.36,1
C1119391076,1,2153055.36,1
C1907685273,1,2149976.69,1
C1519673706,1,2149976.69,1
C538317086,1,2149658.47,1
C1696909244,1,2149658.47,1
C515510845,1,2147778.33,1
C1991870331,1,2147778.33,1
C918480550,1,2145934.81,1
C787958197,1,2145934.81,1
C1923199503,1,2144208.23,1
C1638233799,1,2144208.23,1
C997743545,1,2142164.0,1
C181177203,1,2142164.0,1
C341573287,1,2140888.35,1
C1698317518,1,2140888.35,1
C1999096176,1,2137134.15,1
C1080618255,1,2137134.15,1
C913417990,1,2136099.59,1
C615843583,1,2136099.59,1
C439658405,1,2135320.18,1
C220852922,1,2135320.18,1
C824783072,1,2131624.18,1
C2068796286,1,2131624.18,1
C1534934111,1,2123610.45,1
C1062431728,1,2123610.45,1
C540872816,1,2120266.89,1
C1236932461,1,2120266.89,1
C944291289,1,2118548.31,1
C1384626324,1,2118548.31,1
C1884000068,1,2117503.53,1
C1817837968,1,2117503.53,1
C429080055,1,2115503.99,1
C34164934,1,2115503.99,1
C843436467,1,2113271.99,1
C1131491121,1,2113271.99,1
C433434027,1,2111475.81,1
C121062749,1,2111475.81,1
C928012348,1,2109967.47,1
C407268332,1,2109967.47,1
C759307305,1,2108589.59,1
C517758721,1,2108589.59,1
C858034086,1,2108440.98,1
C581609779,1,2108440.98,1
C957688108,1,2107997.33,1
C1471805107,1,2107997.33,1
C255263291,1,2100951.58,1
C147671870,1,2100951.58,1
C65342125,1,2096634.43,1
C1735799250,1,2096634.43,1
C276670943,1,2095699.93,1
C1198999595,1,2095699.93,1
C1440901488,1,2093951.47,1
C1374377088,1,2093951.47,1
C1812276359,1,2085274.39,1
C1416924629,1,2085274.39,1
C1108045976,1,2085019.56,1
C1100390301,1,2085019.56,1
C735225531,1,2082884.49,1
C1259321993,1,2082884.49,1
C568675237,1,2081051.56,1
C455106183,1,2081051.56,1
C303008218,1,2079746.13,1
C1063299871,1,2079746.13,1
C949325212,1,2075328.73,1
C1015989725,1,2075328.73,1
C828265234,1,2070939.88,1
C1745983205,1,2070939.88,1
C511306069,1,2070814.27,1
C1115361466,1,2070814.27,1
C338311472,1,2068313.94,1
C1024321064,1,2068313.94,1
C1672125863,1,2068118.36,1
C1472367087,1,2068118.36,1
C170219617,1,2066848.27,1
C1157016440,1,2066848.27,1
C684252268,1,2066467.64,1
C1223631235,1,2066467.64,1
C725597637,1,2066446.27,1
C1668561632,1,2066446.27,1
C373547831,1,2060748.45,1
C1129518026,1,2060748.45,1
C617173071,1,2059980.16,1
C1506089450,1,2059980.16,1
C570725373,1,2058961.66,1
C1906906636,1,2058961.66,1
C374971374,1,2056779.24,1
C30165590,1,2056779.24,1
C534774470,1,2054631.55,1
C1916867562,1,2054631.55,1
C2044685006,1,2052851.64,1
C1016160383,1,2052851.64,1
C992917413,1,2050727.81,1
C721700955,1,2050727.81,1
C1821420641,1,2046684.58,1
C1240168728,1,2046684.58,1
C1943035260,1,2044841.02,1
C1216424178,1,2044841.02,1
C1606056333,1,2040374.55,1
C1208488541,1,2040374.55,1
C309726678,1,2040209.74,1
C248036406,1,2040209.74,1
C957784464,1,2031464.82,1
C2095225701,1,2031464.82,1
C836001849,1,2028897.08,1
C1126334701,1,2028897.08,1
C607970446,1,2026529.56,1
C354227932,1,2026529.56,1
C542081155,1,2025628.87,1
C1840157167,1,2025628.87,1
C706467919,1,2023920.09,1
C306405849,1,2023920.09,1
C891657273,1,2019508.99,1
C776987005,1,2019508.99,1
C1267813082,1,2016790.84,1
C1000331499,1,2016790.84,1
C374108453,1,2011285.35,1
C11988213,1,2011285.35,1
C510551701,1,2000718.2,1
C1426906570,1,2000718.2,1
C1905022556,1,1998327.96,1
C1609371351,1,1998327.96,1
C96305554,1,1994525.04,1
C2059919874,1,1994525.04,1
C2123396844,1,1994285.14,1
C1177478126,1,1994285.14,1
C393149689,1,1989311.31,1
C1191467360,1,1989311.31,1
C1774788670,1,1980800.05,1
C1249942022,1,1980800.05,1
C286962871,1,1976666.45,1
C1329135302,1,1976666.45,1
C1391941558,1,1975271.77,1
C109944074,1,1975271.77,1
C745648946,1,1974352.3,1
C365968372,1,1974352.3,1
C1366764100,1,1968431.0,1
C1202085584,1,1968431.0,1
C1548769886,1,1968008.53,1
C1471437030,1,1968008.53,1
C635739031,1,1965786.11,1
C1721232424,1,1965786.11,1
C248073362,1,1962548.46,1
C139606427,1,1962548.46,1
C311903861,1,1961426.59,1
C1699077947,1,1961426.59,1
C998015371,1,1954854.24,1
C1696166614,1,1954854.24,1
C1812490889,1,1950373.54,1
C1584301839,1,1950373.54,1
C865094709,1,1950022.93,1
C464058059,1,1950022.93,1
C948133316,1,1947831.96,1
C83368332,1,1947831.96,1
C997675082,1,1947807.58,1
C1501311535,1,1947807.58,1
C1573457195,1,1946687.34,1
C1522688362,1,1946687.34,1
C673357794,1,1939519.45,1
C1454351572,1,1939519.45,1
C574846060,1,1938347.14,1
C106058139,1,1938347.14,1
C796529058,1,1936403.59,1
C1026774960,1,1936403.59,1
C1706582969,1,1933920.8,1
C917618384,1,1933121.35,1
C1845779361,1,1933121.35,1
C1900295340,1,1932200.59,1
C1448304922,1,1932200.59,1
C630013429,1,1927403.83,1
C48098605,1,1927403.83,1
C373557981,1,1917497.63,1
C1510964909,1,1917497.63,1
C1229304317,1,1912961.16,1
C1168684643,1,1912961.16,1
C951381310,1,1911239.21,1
C543601110,1,1911239.21,1
C959100931,1,1905476.22,1
C693914149,1,1905476.22,1
C860413679,1,1897921.7,1
C400680114,1,1897921.7,1
C500742498,1,1895158.63,1
C187003586,1,1895158.63,1
C400595138,1,1893451.73,1
C1062517629,1,1893451.73,1
C491775554,1,1892137.66,1
C1387416875,1,1892137.66,1
C893956566,1,1891921.94,1
C34007989,1,1891921.94,1
C27748996,1,1889351.63,1
C1587077521,1,1889351.63,1
C92154963,1,1871553.73,1
C677678546,1,1871553.73,1
C975058065,1,1869237.83,1
C2081856005,1,1869237.83,1
C715029330,1,1868438.44,1
C1589465909,1,1868438.44,1
C767567328,1,1864022.05,1
C1076727002,1,1864022.05,1
C386318315,1,1861928.35,1
C1160054760,1,1861928.35,1
C1990303942,1,1861008.32,1
C1718961034,1,1861008.32,1
C1426147702,1,1860190.06,1
C1263028472,1,1860190.06,1
C355594712,1,1858515.57,1
C1530003925,1,1858515.57,1
C707980152,1,1857935.57,1
C1117447229,1,1857935.57,1
C588222380,1,1848199.45,1
C37315617,1,1848199.45,1
C1895315229,1,1846748.79,1
C1233106691,1,1846748.79,1
C60777377,1,1844357.26,1
C1543576546,1,1844357.26,1
C445994670,1,1842163.57,1
C1605541894,1,1842163.57,1
C1811081989,1,1839972.36,1
C111188799,1,1839972.36,1
C1909573304,1,1835523.44,1
C1203548846,1,1835523.44,1
C803703656,1,1832319.42,1
C439830884,1,1832319.42,1
C671668065,1,1827209.07,1
C428683989,1,1827209.07,1
C1739433736,1,1825908.12,1
C1679134628,1,1825908.12,1
C628490839,1,1822772.73,1
C1844415147,1,1822772.73,1
C941627109,1,1822754.86,1
C809314999,1,1822754.86,1
C708222638,1,1820864.64,1
C2135939957,1,1820864.64,1
C2089752665,1,1819543.69,1
C1039979813,1,1819543.69,1
C960377084,1,1819405.69,1
C256643277,1,1819405.69,1
C1694539503,1,1814483.97,1
C1198248537,1,1814483.97,1
C1788320123,1,1812161.42,1
C1720181306,1,1812161.42,1
C491326843,1,1810044.85,1
C1987403065,1,1810044.85,1
C1882943298,1,1806516.34,1
C1142691202,1,1806516.34,1
C660401037,1,1803411.53,1
C1537775807,1,1803411.53,1
C1392925972,1,1798215.73,1
C1142182296,1,1798215.73,1
C895738872,1,1796406.6,1
C1828168671,1,1796406.6,1
C997942901,1,1796069.2,1
C913178524,1,1796069.2,1
C699874957,1,1795622.71,1
C142314551,1,1795622.71,1
C853148295,1,1789155.73,1
C1979185568,1,1789155.73,1
C446736927,1,1788729.73,1
C1477176067,1,1788729.73,1
C518707081,1,1786247.31,1
C499413300,1,1786247.31,1
C229433868,1,1783144.33,1
C1067826676,1,1783144.33,1
C769822179,1,1782737.6,1
C1890666727,1,1782737.6,1
C72958099,1,1778520.7,1
C1279323433,1,1778520.7,1
C432403364,1,1777758.65,1
C2084263514,1,1777758.65,1
C847645948,1,1777674.32,1
C1402549847,1,1777674.32,1
C1982613524,1,1773151.32,1
C1093594459,1,1773151.32,1
C1544286887,1,1767886.02,1
C1487625973,1,1767886.02,1
C682978594,1,1767112.66,1
C152862745,1,1767112.66,1
C1812465307,1,1766811.07,1
C1707046857,1,1766811.07,1
C1297057320,1,1764389.11,1
C108276530,1,1764389.11,1
C230612443,1,1764326.19,1
C1959772119,1,1764326.19,1
C1980352063,1,1762680.47,1
C1779028734,1,1762680.47,1
C1956060083,1,1761021.33,1
C1485024283,1,1761021.33,1
C183358116,1,1760546.42,1
C1088953639,1,1760546.42,1
C1907027988,1,1760061.57,1
C1704841255,1,1760061.57,1
C507031767,1,1755647.81,1
C1724432558,1,1755647.81,1
C937470096,1,1754597.44,1
C276718485,1,1754597.44,1
C1351380996,1,1752606.15,1
C1333169684,1,1752606.15,1
C1343086585,1,1749325.14,1
C1029257629,1,1749325.14,1
C872116979,1,1748611.28,1
C1092488663,1,1748611.28,1
C608259465,1,1746415.27,1
C1430436436,1,1746415.27,1
C1643935128,1,1743864.1,1
C1063377815,1,1743864.1,1
C1829363360,1,1742012.06,1
C1184890724,1,1742012.06,1
C527346437,1,1736804.93,1
C1692442952,1,1736804.93,1
C32677445,1,1735647.47,1
C1347258113,1,1735647.47,1
C944432695,1,1735525.5,1
C1181245591,1,1735525.5,1
C319563760,1,1735466.52,1
C182416415,1,1735466.52,1
C1842845711,1,1732090.28,1
C1731441733,1,1732090.28,1
C664688196,1,1722892.9,1
C538400340,1,1722892.9,1
C535695455,1,1720600.92,1
C1928293922,1,1720600.92,1
C356781229,1,1715635.41,1
C2115222227,1,1715635.41,1
C670354135,1,1710180.37,1
C2136325294,1,1710180.37,1
C1858035274,1,1709224.02,1
C1652182043,1,1709224.02,1
C902520408,1,1698263.69,1
C1865185181,1,1698263.69,1
C578092794,1,1697655.62,1
C1402144865,1,1697655.62,1
C657858673,1,1697093.54,1
C590755759,1,1697093.54,1
C279016627,1,1693962.01,1
C1268276273,1,1693962.01,1
C777851401,1,1688761.08,1
C2095328996,1,1688761.08,1
C1039970092,1,1685692.11,1
C1016616731,1,1685692.11,1
C397247453,1,1684039.12,1
C168686866,1,1684039.12,1
C355424107,1,1679154.56,1
C1973530723,1,1679154.56,1
C1454005383,1,1676936.79,1
C1237943319,1,1676936.79,1
C871029924,1,1675153.28,1
C2137951962,1,1675153.28,1
C767478867,1,1674146.06,1
C128613711,1,1674146.06,1
C386160700,1,1673066.07,1
C1619207700,1,1673066.07,1
C1853440908,1,1672570.76,1
C1346753121,1,1672570.76,1
C615350524,1,1669143.57,1
C101677237,1,1669143.57,1
C1901678626,1,1665334.68,1
C1772832096,1,1665334.68,1
C438581,1,1663895.14,1
C278631744,1,1663895.14,1
C656737839,1,1654055.02,1
C1415942962,1,1654055.02,1
C462652864,1,1653144.1,1
C395458530,1,1653144.1,1
C762854717,1,1651948.79,1
C620061851,1,1651948.79,1
C37709485,1,1650856.19,1
C138899312,1,1650856.19,1
C507437434,1,1650168.9,1
C1395729546,1,1650168.9,1
C369936121,1,1649818.97,1
C2052172437,1,1649818.97,1
C114531117,1,1649039.58,1
C1136602497,1,1649039.58,1
C1184464536,1,1648547.69,1
C114220496,1,1648547.69,1
C700083141,1,1646181.09,1
C441238852,1,1646181.09,1
C860545419,1,1644749.94,1
C744563060,1,1644749.94,1
C923759331,1,1644253.61,1
C499231161,1,1644253.61,1
C140720435,1,1641792.79,1
C13225797,1,1641792.79,1
C967691562,1,1639676.27,1
C15998296,1,1639676.27,1
C325595838,1,1638865.05,1
C1131542233,1,1638865.05,1
C1652871533,1,1637875.33,1
C1616830000,1,1637875.33,1
C837305312,1,1636403.22,1
C14417080,1,1636403.22,1
C1728886980,1,1634229.02,1
C1678762755,1,1634229.02,1
C675893330,1,1634184.04,1
C2122707559,1,1634184.04,1
C370488053,1,1633227.0,1
C2053411637,1,1633227.0,1
C1163510414,1,1632500.22,1
C1055490123,1,1632500.22,1
C443233087,1,1631640.02,1
C1732115289,1,1631640.02,1
C743239060,1,1627389.26,1
C2091263161,1,1627389.26,1
C168076174,1,1621056.88,1
C1492957578,1,1621056.88,1
C1899697178,1,1619331.51,1
C144675030,1,1619331.51,1
C1999663359,1,1619313.55,1
C1249125999,1,1619313.55,1
C1712762290,1,1613281.82,1
C1356014393,1,1613281.82,1
C626221636,1,1610110.66,1
C56372848,1,1610110.66,1
C659082738,1,1608571.02,1
C1607355458,1,1608571.02,1
C2142600203,1,1600721.32,1
C1890383797,1,1600721.32,1
C1681145385,1,1595587.46,1
C1069976593,1,1595587.46,1
C1100723027,1,1593189.25,1
C1071076699,1,1593189.25,1
C866814625,1,1592602.27,1
C1309793082,1,1592602.27,1
C1863182512,1,1591263.43,1
C159739802,1,1591263.43,1
C2138906763,1,1589763.63,1
C2075471030,1,1589763.63,1
C752410137,1,1589614.75,1
C227497385,1,1589614.75,1
C1427562720,1,1586479.66,1
C109700228,1,1586479.66,1
C1665891733,1,1581441.8,1
C1521962059,1,1581441.8,1
C1859428383,1,1576874.04,1
C1029506944,1,1576874.04,1
C2000069930,1,1576531.53,1
C1382437370,1,1576531.53,1
C823289261,1,1571565.56,1
C1757307922,1,1571565.56,1
C808430979,1,1567591.24,1
C1295443216,1,1567591.24,1
C774500664,1,1567549.99,1
C2036496646,1,1567549.99,1
C646867271,1,1566057.28,1
C1496808239,1,1566057.28,1
C490326282,1,1565621.39,1
C1835277194,1,1565621.39,1
C629586313,1,1564952.45,1
C1236734783,1,1564952.45,1
C885720640,1,1562871.32,1
C344826592,1,1562871.32,1
C736093511,1,1561891.66,1
C15204463,1,1561891.66,1
C485713115,1,1559540.62,1
C1776782746,1,1559540.62,1
C610159138,1,1555182.41,1
C403559722,1,1555182.41,1
C1791470904,1,1552664.33,1
C1431338158,1,1552664.33,1
C1168267667,1,1548376.44,1
C1119842359,1,1548376.44,1
C211699118,1,1547877.98,1
C1878609534,1,1547877.98,1
C802285127,1,1543975.74,1
C1183754268,1,1543975.74,1
C2059792501,1,1540624.7,1
C1904414737,1,1540624.7,1
C1540456326,1,1539687.27,1
C1207025716,1,1539687.27,1
C929950007,1,1539474.57,1
C1260477552,1,1539474.57,1
C287247787,1,1536733.52,1
C1159622311,1,1536733.52,1
C1831248257,1,1536245.52,1
C1771922925,1,1536245.52,1
C911734420,1,1534985.07,1
C1000937208,1,1534985.07,1
C358852719,1,1534926.96,1
C341046619,1,1534926.96,1
C1966768785,1,1533798.48,1
C1167018610,1,1533798.48,1
C337289783,1,1532281.61,1
C1947091405,1,1532281.61,1
C685396140,1,1532229.72,1
C338287923,1,1532229.72,1
C678293431,1,1530378.45,1
C1898980323,1,1530378.45,1
C955071434,1,1529614.71,1
C1096275107,1,1529614.71,1
C566299980,1,1525742.02,1
C311903293,1,1525742.02,1
C933837794,1,1518718.03,1
C444193211,1,1518718.03,1
C375476201,1,1517771.48,1
C142345179,1,1517771.48,1
C117228585,1,1516823.73,1
C1090892452,1,1516823.73,1
C73290469,1,1515291.19,1
C1575226124,1,1515291.19,1
C1504023425,1,1506795.1,1
C1107109708,1,1506795.1,1
C3976987,1,1504870.33,1
C371044558,1,1504870.33,1
C841492640,1,1503297.45,1
C1611595121,1,1503297.45,1
C1190914474,1,1503034.86,1
C1021806883,1,1503034.86,1
C466100700,1,1501341.87,1
C1749948822,1,1501341.87,1
C1407686469,1,1501297.88,1
C1043170433,1,1501297.88,1
C869621048,1,1500582.08,1
C1706772520,1,1500582.08,1
C687615410,1,1499869.54,1
C285314242,1,1499869.54,1
C664914101,1,1498296.47,1
C533314653,1,1498296.47,1
C82999164,1,1495203.8,1
C1515649837,1,1495203.8,1
C1709710853,1,1494831.65,1
C1705883896,1,1494831.65,1
C735684642,1,1494432.21,1
C2072241236,1,1494432.21,1
C171779643,1,1494146.93,1
C1328487364,1,1494146.93,1
C850343949,1,1489970.0,1
C176928407,1,1489970.0,1
C872785069,1,1489916.19,1
C1424077218,1,1489916.19,1
C767286102,1,1487505.07,1
C277096632,1,1487505.07,1
C589092976,1,1486955.35,1
C1349419422,1,1486955.35,1
C738179255,1,1486052.97,1
C204628834,1,1486052.97,1
C1458982396,1,1476248.65,1
C1084254819,1,1476248.65,1
C151325855,1,1468304.35,1
C1130194242,1,1468304.35,1
C2035870900,1,1467987.57,1
C1217465014,1,1467987.57,1
C1506243031,1,1467968.73,1
C1032013375,1,1467968.73,1
C97658415,1,1467324.96,1
C348342265,1,1467324.96,1
C1834145577,1,1465173.76,1
C166433413,1,1465173.76,1
C915102234,1,1464614.79,1
C1138281794,1,1464614.79,1
C2024056212,1,1464160.5,1
C1237202508,1,1464160.5,1
C576017861,1,1464008.18,1
C1187974748,1,1464008.18,1
C777044549,1,1463764.35,1
C2142422300,1,1463764.35,1
C2112073607,1,1462355.44,1
C1049482889,1,1462355.44,1
C593029629,1,1461930.03,1
C1928781788,1,1461930.03,1
C779464023,1,1459180.14,1
C1825598858,1,1459180.14,1
C1229716885,1,1457343.37,1
C1105946611,1,1457343.37,1
C208508333,1,1457085.28,1
C1648040674,1,1457085.28,1
C487085645,1,1455839.54,1
C357561283,1,1455839.54,1
C1519723202,1,1455382.05,1
C1459301109,1,1455382.05,1
C522008423,1,1454888.86,1
C1822149837,1,1454888.86,1
C824268591,1,1454592.61,1
C708686257,1,1454592.61,1
C594782618,1,1454356.81,1
C588367741,1,1454356.81,1
C727140107,1,1451083.08,1
C1888769481,1,1451083.08,1
C942063884,1,1448630.38,1
C101899927,1,1448630.38,1
C757889087,1,1445166.74,1
C1104869047,1,1445166.74,1
C2135299801,1,1442075.9,1
C2041824507,1,1442075.9,1
C1733056191,1,1440705.58,1
C1202805418,1,1440705.58,1
C498447652,1,1438737.78,1
C1024427567,1,1438737.78,1
C533125295,1,1437291.89,1
C336375324,1,1437291.89,1
C886007554,1,1434440.31,1
C1722259172,1,1434440.31,1
C994987867,1,1433038.32,1
C1474789260,1,1433038.32,1
C9507698,1,1431634.93,1
C190430667,1,1431634.93,1
C874660018,1,1430050.84,1
C590147812,1,1430050.84,1
C899490900,1,1425802.24,1
C1247391276,1,1425802.24,1
C792347661,1,1425062.97,1
C1700849439,1,1425062.97,1
C9486206,1,1424002.7,1
C777622163,1,1424002.7,1
C780642333,1,1423627.83,1
C552198318,1,1423627.83,1
C626697086,1,1422963.14,1
C1871604900,1,1422963.14,1
C467140343,1,1421665.98,1
C1217403648,1,1421665.98,1
C1959028014,1,1418198.25,1
C1215045618,1,1418198.25,1
C1964276843,1,1418168.85,1
C1778688025,1,1418168.85,1
C2115602581,1,1416055.74,1
C1046272255,1,1416055.74,1
C326865678,1,1411271.23,1
C1426773355,1,1411271.23,1
C1892918810,1,1409248.64,1
C1173095546,1,1409248.64,1
C926121167,1,1400472.01,1
C1716241276,1,1400472.01,1
C907660116,1,1399724.98,1
C1420554412,1,1399724.98,1
C94208509,1,1399637.19,1
C2129900930,1,1399637.19,1
C1560394123,1,1398946.33,1
C1269420432,1,1398946.33,1
C1656635243,1,1398633.34,1
C1585861369,1,1398633.34,1
C749892305,1,1398166.84,1
C338262259,1,1398166.84,1
C851172808,1,1397689.48,1
C1224276273,1,1397689.48,1
C717731676,1,1397162.15,1
C1598804430,1,1397162.15,1
C639529489,1,1396824.94,1
C1626069370,1,1396824.94,1
C1296215617,1,1395850.55,1
C874241747,1,1392337.38,1
C1855947267,1,1392337.38,1
C31495948,1,1390332.39,1
C1515790640,1,1390332.39,1
C1903139702,1,1390048.67,1
C1067753985,1,1390048.67,1
C1476504573,1,1388951.5,1
C1186930189,1,1388951.5,1
C354106674,1,1388774.78,1
C1239064572,1,1388774.78,1
C1387295459,1,1387048.31,1
C1020800306,1,1387048.31,1
C945312738,1,1385945.61,1
C1605260231,1,1385945.61,1
C833791313,1,1383818.98,1
C602727752,1,1383818.98,1
C946427395,1,1381513.27,1
C489467109,1,1381513.27,1
C355341825,1,1380940.73,1
C1061974347,1,1380940.73,1
C664281648,1,1379501.18,1
C1083455984,1,1379501.18,1
C1544506396,1,1372301.24,1
C1024969195,1,1372301.24,1
C378242927,1,1371322.0,1
C1853601480,1,1371322.0,1
C407416654,1,1369544.19,1
C1336273672,1,1369544.19,1
C486163456,1,1368391.5,1
C1099567292,1,1368391.5,1
C954658479,1,1367340.03,1
C453950944,1,1367340.03,1
C507368494,1,1367070.94,1
C1861046549,1,1367070.94,1
C1928734777,1,1363674.48,1
C1873557326,1,1363674.48,1
C2022356819,1,1351104.53,1
C1272694533,1,1351104.53,1
C919766733,1,1350574.58,1
C414078193,1,1350574.58,1
C614361316,1,1348095.12,1
C1279803681,1,1348095.12,1
C309497178,1,1346264.61,1
C1816888178,1,1346264.61,1
C1100582606,1,1343002.08,1
C288991663,1,1340263.67,1
C147611805,1,1340263.67,1
C1574469081,1,1338487.47,1
C146036421,1,1338487.47,1
C148001678,1,1336901.11,1
C1039450195,1,1336901.11,1
C863602835,1,1335959.76,1
C1644591810,1,1335959.76,1
C315283970,1,1334919.42,1
C17859234,1,1334919.42,1
C171693930,1,1330802.24,1
C1458541760,1,1330802.24,1
C174356762,1,1323909.85,1
C1370685766,1,1323909.85,1
C1670593881,1,1322277.84,1
C1585759405,1,1322277.84,1
C1969225423,1,1321984.45,1
C1167513964,1,1321984.45,1
C3630973,1,1321091.25,1
C1817853136,1,1321091.25,1
C213706912,1,1319703.76,1
C1305247312,1,1319703.76,1
C29170093,1,1318024.48,1
C1034418491,1,1318024.48,1
C353673917,1,1314897.11,1
C2028485449,1,1314897.11,1
C1660278884,1,1314660.84,1
C1460351581,1,1314660.84,1
C895840599,1,1312947.27,1
C604508292,1,1312947.27,1
C1681615431,1,1312694.5,1
C1078953751,1,1312694.5,1
C83063124,1,1312406.14,1
C1800446138,1,1312406.14,1
C605093641,1,1311150.9,1
C1492220840,1,1311150.9,1
C291081099,1,1309940.05,1
C27246630,1,1309940.05,1
C597569560,1,1309602.55,1
C1472962938,1,1309602.55,1
C1996964574,1,1307156.17,1
C1140455895,1,1307156.17,1
C112330244,1,1306690.61,1
C1078417563,1,1306690.61,1
C288815046,1,1305754.09,1
C1383489618,1,1305754.09,1
C1998756737,1,1303543.6,1
C1805392616,1,1303543.6,1
C393618449,1,1303029.52,1
C1028433606,1,1303029.52,1
C939933921,1,1301410.68,1
C756143103,1,1301410.68,1
C1386844753,1,1301090.39,1
C1072584456,1,1301090.39,1
C481898497,1,1299860.86,1
C1480088933,1,1299860.86,1
C34029186,1,1298920.78,1
C1847025661,1,1298920.78,1
C772620167,1,1298609.73,1
C664375770,1,1298609.73,1
C411007033,1,1293595.52,1
C1545616572,1,1293595.52,1
C790188952,1,1290619.25,1
C1298336422,1,1290619.25,1
C303493343,1,1290224.84,1
C296753895,1,1290224.84,1
C876181265,1,1290193.08,1
C2117512947,1,1290193.08,1
C504063751,1,1289142.33,1
C235649723,1,1289142.33,1
C2093073106,1,1284959.39,1
C1764461949,1,1284959.39,1
C744316850,1,1282971.57,1
C1175896731,1,1282971.57,1
C605364658,1,1282731.68,1
C437560191,1,1282731.68,1
C2044735759,1,1281113.84,1
C1346995049,1,1281113.84,1
C467632528,1,1277212.77,1
C1334405552,1,1277212.77,1
C602426084,1,1276300.86,1
C2057725638,1,1276300.86,1
C937991476,1,1275236.3,1
C1608267319,1,1275236.3,1
C2014013314,1,1273674.05,1
C1758225011,1,1273674.05,1
C425919336,1,1272493.9,1
C1343376648,1,1272493.9,1
C2113990819,1,1270565.77,1
C1599110470,1,1270565.77,1
C1805103048,1,1270564.34,1
C1268743025,1,1270564.34,1
C441921841,1,1268931.21,1
C199205257,1,1268931.21,1
C723906274,1,1266752.6,1
C1349492818,1,1266752.6,1
C782995006,1,1265656.44,1
C198942679,1,1265656.44,1
C795574446,1,1265379.37,1
C272782184,1,1265379.37,1
C994518144,1,1265033.25,1
C816802649,1,1265033.25,1
C1956698065,1,1264551.38,1
C1504697378,1,1264551.38,1
C670652368,1,1263340.66,1
C262166214,1,1263340.66,1
C2096285497,1,1262207.3,1
C1143281085,1,1262207.3,1
C34669329,1,1259972.05,1
C1376942715,1,1259972.05,1
C673988903,1,1258956.71,1
C1209224134,1,1258956.71,1
C1531301470,1,1258818.82,1
C1436118706,1,1258818.82,1
C323473080,1,1258706.84,1
C1395405060,1,1258706.84,1
C250375030,1,1254775.16,1
C22591109,1,1254775.16,1
C1741433244,1,1254092.1,1
C159727303,1,1254092.1,1
C2016314393,1,1253358.42,1
C1147685648,1,1253358.42,1
C1794826326,1,1249721.72,1
C1143706946,1,1249721.72,1
C1311695181,1,1248344.84,1
C1069559758,1,1248344.84,1
C272892142,1,1246169.57,1
C1236436870,1,1246169.57,1
C381361852,1,1244224.16,1
C1409947310,1,1244224.16,1
C798134746,1,1244037.74,1
C2133606495,1,1244037.74,1
C338600181,1,1243269.91,1
C2060685721,1,1243269.91,1
C2110278215,1,1242226.78,1
C1381975492,1,1242226.78,1
C1539299608,1,1241118.86,1
C1355617171,1,1241118.86,1
C275137828,1,1240717.75,1
C2142112051,1,1240717.75,1
C2024237269,1,1235544.92,1
C1695141990,1,1235544.92,1
C981935704,1,1232697.94,1
C230197841,1,1232697.94,1
C841210881,1,1232239.39,1
C579893788,1,1232239.39,1
C599746221,1,1232013.7,1
C1626793558,1,1232013.7,1
C488263608,1,1231309.64,1
C2120061745,1,1231309.64,1
C2082930314,1,1226390.31,1
C1387290846,1,1226390.31,1
C983611149,1,1221900.21,1
C379155103,1,1221900.21,1
C357942750,1,1219062.64,1
C1256913473,1,1219062.64,1
C807604201,1,1218165.88,1
C361429301,1,1218165.88,1
C274359236,1,1215297.01,1
C22070941,1,1215297.01,1
C1966863341,1,1214511.61,1
C1579869749,1,1214511.61,1
C408988375,1,1205760.86,1
C1553540945,1,1205760.86,1
C804554509,1,1202443.49,1
C1431929580,1,1202443.49,1
C2146217272,1,1201681.76,1
C1900756070,1,1201681.76,1
C5707548,1,1200702.71,1
C1144476681,1,1200702.71,1
C257290900,1,1195842.37,1
C1374040436,1,1195842.37,1
C579160579,1,1191669.35,1
C2039894074,1,1191669.35,1
C146466047,1,1191399.72,1
C138035077,1,1191399.72,1
C2023614214,1,1191183.65,1
C180129024,1,1191183.65,1
C1481892464,1,1189986.88,1
C1342251524,1,1189986.88,1
C16940158,1,1186725.39,1
C1047335023,1,1186725.39,1
C262672510,1,1185157.78,1
C1347068790,1,1185157.78,1
C787624212,1,1182557.97,1
C1336389651,1,1182557.97,1
C607841205,1,1179716.49,1
C1443300815,1,1179716.49,1
C468480326,1,1179162.08,1
C347805386,1,1179162.08,1
C59063278,1,1177100.83,1
C1455972022,1,1177100.83,1
C545398254,1,1172700.63,1
C506025543,1,1172700.63,1
C711131179,1,1171751.17,1
C1499614661,1,1171751.17,1
C555990868,1,1170282.92,1
C1948396559,1,1170282.92,1
C902859339,1,1170213.18,1
C408490456,1,1170213.18,1
C383746092,1,1168274.14,1
C1604466708,1,1168274.14,1
C208504686,1,1167816.02,1
C1378980948,1,1167816.02,1
C199518027,1,1165187.89,1
C1626151700,1,1165187.89,1
C1489843213,1,1165187.89,1
C1125545468,1,1165187.89,1
C1827869035,1,1165171.47,1
C107566089,1,1165171.47,1
C1925676917,1,1164448.96,1
C107615831,1,1164448.96,1
C920057135,1,1162672.01,1
C154007666,1,1162672.01,1
C2135061184,1,1162155.11,1
C1537630073,1,1162155.11,1
C1864459372,1,1161495.82,1
C165094398,1,1161495.82,1
C257814888,1,1160652.82,1
C1246624006,1,1160652.82,1
C1439772341,1,1159831.33,1
C1369232913,1,1159831.33,1
C695823841,1,1159010.44,1
C1724151856,1,1159010.44,1
C366293837,1,1158396.74,1
C2062360147,1,1158396.74,1
C745199175,1,1158373.23,1
C1874090524,1,1158373.23,1
C740548252,1,1158358.08,1
C1857854292,1,1158358.08,1
C475917062,1,1158070.88,1
C278936084,1,1158070.88,1
C644458914,1,1157971.07,1
C1123625591,1,1157971.07,1
C1889323500,1,1155819.58,1
C1274651891,1,1155819.58,1
C74298259,1,1155128.91,1
C1202518126,1,1155128.91,1
C670587931,1,1154353.99,1
C1034219836,1,1154353.99,1
C991308011,1,1153200.73,1
C239172527,1,1153200.73,1
C1788207069,1,1153156.0,1
C165575041,1,1153156.0,1
C231322789,1,1152538.9,1
C1040108506,1,1152538.9,1
C578750781,1,1150717.15,1
C518290039,1,1150717.15,1
C817857207,1,1150561.97,1
C193037464,1,1150561.97,1
C412631050,1,1150413.99,1
C1171147328,1,1150413.99,1
C169415375,1,1146381.44,1
C1637636459,1,1146381.44,1
C1542410200,1,1144089.37,1
C1218322192,1,1144089.37,1
C206561987,1,1143937.73,1
C1347260506,1,1143937.73,1
C992997855,1,1139983.15,1
C666869003,1,1139983.15,1
C828020985,1,1139165.57,1
C1239977402,1,1139165.57,1
C599862051,1,1138384.29,1
C254541375,1,1138384.29,1
C507008752,1,1137603.28,1
C318449492,1,1137603.28,1
C964435402,1,1136374.62,1
C110707602,1,1136374.62,1
C1916439605,1,1132311.86,1
C1371017446,1,1132311.86,1
C2117251684,1,1131750.38,1
C1396198422,1,1131750.38,1
C211453570,1,1129884.18,1
C1714764214,1,1129884.18,1
C1962368245,1,1128579.71,1
C116163072,1,1128579.71,1
C446483369,1,1128131.99,1
C1399376501,1,1128131.99,1
C220508726,1,1123639.01,1
C1889530016,1,1123639.01,1
C1234309969,1,1123561.68,1
C1033117475,1,1123561.68,1
C1898490203,1,1122827.94,1
C1274959638,1,1122827.94,1
C502991223,1,1122508.34,1
C1836246597,1,1122508.34,1
C662766800,1,1116508.49,1
C45204109,1,1116508.49,1
C444571961,1,1112204.51,1
C2114695453,1,1112204.51,1
C1939914504,1,1108140.19,1
C1275336083,1,1108140.19,1
C923004972,1,1106295.77,1
C463684846,1,1106295.77,1
C871824170,1,1102951.39,1
C1678410175,1,1102951.39,1
C1870904477,1,1102791.66,1
C1074110688,1,1102791.66,1
C590103740,1,1102133.9,1
C1213142549,1,1102133.9,1
C587748822,1,1101871.13,1
C482076505,1,1101871.13,1
C316288377,1,1097309.24,1
C1436982406,1,1097309.24,1
C77163673,1,1096187.24,1
C1093223281,1,1096187.24,1
C1749621461,1,1094419.89,1
C171594186,1,1094419.89,1
C84753955,1,1093155.19,1
C395947070,1,1093155.19,1
C99498713,1,1091589.88,1
C9735820,1,1091589.88,1
C672472211,1,1090527.71,1
C1037819437,1,1090527.71,1
C1889568678,1,1086227.44,1
C1878954477,1,1086227.44,1
C575768328,1,1085637.56,1
C1409592985,1,1085637.56,1
C1924115884,1,1084144.37,1
C1515227045,1,1084144.37,1
C202343880,1,1083860.21,1
C1872678613,1,1083860.21,1
C645925104,1,1082718.08,1
C1700746062,1,1082718.08,1
C39420818,1,1082308.05,1
C1573791290,1,1082308.05,1
C736248524,1,1082200.06,1
C1568123931,1,1082200.06,1
C1026280121,1,1078013.76,1
C1808236434,1,1077146.94,1
C1645503164,1,1077146.94,1
C936539159,1,1076739.91,1
C1825306443,1,1076739.91,1
C404387463,1,1076518.28,1
C1987328742,1,1076518.28,1
C1155543640,1,1072345.79,1
C114044821,1,1072345.79,1
C526265092,1,1070857.97,1
C1513064965,1,1070857.97,1
C641053431,1,1070031.6,1
C1648383630,1,1070031.6,1
C1958391057,1,1069508.42,1
C1582972194,1,1069508.42,1
C2072964053,1,1068952.42,1
C1861810254,1,1068952.42,1
C755809826,1,1068398.61,1
C319313160,1,1068398.61,1
C1824832206,1,1065787.82,1
C1461596446,1,1065787.82,1
C932045964,1,1064995.85,1
C1191482277,1,1064995.85,1
C875659264,1,1064425.7,1
C72780172,1,1064425.7,1
C1780378261,1,1061482.24,1
C1732153199,1,1061482.24,1
C981675452,1,1061353.33,1
C1550662745,1,1061353.33,1
C937734682,1,1059682.92,1
C1400717591,1,1059682.92,1
C1918912745,1,1059347.56,1
C1625110990,1,1059347.56,1
C1952841743,1,1058602.68,1
C1287511986,1,1058602.68,1
C625119726,1,1057053.6,1
C2060205709,1,1057053.6,1
C1851065642,1,1054244.29,1
C1474454143,1,1054244.29,1
C737805330,1,1052668.73,1
C1919638900,1,1052668.73,1
C1597001558,1,1051018.15,1
C1501559955,1,1051018.15,1
C692473423,1,1050635.77,1
C2102374682,1,1050635.77,1
C949114642,1,1050135.78,1
C866706747,1,1050135.78,1
C894359747,1,1049586.54,1
C2136497575,1,1049586.54,1
C448865084,1,1049424.26,1
C182308284,1,1049424.26,1
C283039284,1,1049232.11,1
C248568064,1,1049232.11,1
C996566642,1,1048388.34,1
C1366299519,1,1048388.34,1
C858739147,1,1048100.0,1
C1355391463,1,1048100.0,1
C408079205,1,1043934.97,1
C2096913355,1,1043934.97,1
C345293642,1,1041647.06,1
C169939918,1,1041647.06,1
C605725215,1,1040303.44,1
C1802530107,1,1040303.44,1
C32861099,1,1036789.41,1
C282915164,1,1036789.41,1
C863742411,1,1035401.2,1
C1689112462,1,1035401.2,1
C997616929,1,1033878.67,1
C2083698154,1,1033878.67,1
C2086087020,1,1032168.79,1
C1659569966,1,1032168.79,1
C1371377403,1,1031608.37,1
C1175145212,1,1031608.37,1
C1500009160,1,1030417.74,1
C1060613319,1,1030417.74,1
C905449086,1,1028515.56,1
C1139006593,1,1028515.56,1
C951701114,1,1028486.59,1
C1674374999,1,1028486.59,1
C582388359,1,1028326.5,1
C1062379106,1,1028326.5,1
C469537628,1,1028284.82,1
C2004363483,1,1028284.82,1
C2080701542,1,1027963.96,1
C1009032350,1,1027963.96,1
C95607946,1,1027260.28,1
C1543464772,1,1027260.28,1
C414159853,1,1027152.36,1
C1016323653,1,1027152.36,1
C1486861052,1,1026684.46,1
C1061552474,1,1026684.46,1
C518197295,1,1026208.84,1
C1813387968,1,1026208.84,1
C54370277,1,1025082.07,1
C152367037,1,1025082.07,1
C660173273,1,1023356.77,1
C1706454657,1,1023356.77,1
C1686587981,1,1023189.9,1
C1057733607,1,1023189.9,1
C414924099,1,1021194.38,1
C1020706862,1,1021194.38,1
C771564749,1,1021129.67,1
C1545338291,1,1021129.67,1
C1417290971,1,1018800.91,1
C1207144684,1,1018800.91,1
C798424604,1,1018645.2,1
C213913405,1,1018645.2,1
C870245711,1,1017016.67,1
C1729864710,1,1017016.67,1
C638438531,1,1016540.35,1
C1455982049,1,1016540.35,1
C1614163884,1,1016302.6,1
C1057118340,1,1016302.6,1
C2094444528,1,1016081.0,1
C1819971579,1,1016081.0,1
C865385437,1,1015051.7,1
C1574416258,1,1015051.7,1
C550185181,1,1014816.16,1
C1871778702,1,1014816.16,1
C45646600,1,1013208.77,1
C1132246468,1,1013208.77,1
C813936493,1,1011606.26,1
C754293523,1,1011606.26,1
C159267828,1,1011249.64,1
C1106915307,1,1011249.64,1
C984621443,1,1010857.38,1
C1536697892,1,1010857.38,1
C240430551,1,1005365.24,1
C2007750863,1,1005365.24,1
C845487324,1,1005346.72,1
C278258075,1,1005346.72,1
C1868561547,1,1001446.44,1
C1562259675,1,1001446.44,1
C1903297652,1,1001167.03,1
C1705399009,1,1001167.03,1
C947925453,1,998110.47,1
C433588108,1,998110.47,1
C175000067,1,998086.61,1
C1107781229,1,998086.61,1
C1426650654,1,995710.58,1
C1160684690,1,995710.58,1
C291762198,1,994676.91,1
C145252938,1,994676.91,1
C1121789613,1,994453.2,1
C1645429111,1,993088.06,1
C1414793795,1,993088.06,1
C46599562,1,990857.53,1
C1039891737,1,990857.53,1
C866722579,1,990630.25,1
C185633643,1,990630.25,1
C58682758,1,989966.55,1
C351713185,1,989966.55,1
C546490249,1,989954.57,1
C1908563566,1,989954.57,1
C2035691205,1,989311.12,1
C1177633466,1,989311.12,1
C599597900,1,987591.59,1
C134383279,1,987591.59,1
C1138417563,1,987470.17,1
C1055011986,1,987470.17,1
C1896884992,1,986876.27,1
C1702714599,1,986876.27,1
C56835824,1,986623.96,1
C444079490,1,986623.96,1
C2091624408,1,985127.95,1
C1119643786,1,985127.95,1
C830861574,1,983417.49,1
C733742491,1,983417.49,1
C837087174,1,982414.06,1
C281479258,1,982414.06,1
C1356928798,1,980310.0,1
C12592309,1,980310.0,1
C2043269100,1,978362.97,1
C1772545154,1,978362.97,1
C963556658,1,978261.98,1
C1454479269,1,978261.98,1
C398973610,1,978103.4,1
C1183549962,1,978103.4,1
C1659764623,1,977805.62,1
C1276671609,1,977805.62,1
C362141852,1,976830.22,1
C2027508914,1,976830.22,1
C891486597,1,975389.94,1
C1423124005,1,975389.94,1
C682621695,1,974452.84,1
C1044598698,1,974452.84,1
C1527835008,1,973805.75,1
C10712954,1,973805.75,1
C427077444,1,972920.87,1
C279538198,1,972920.87,1
C1970471613,1,972723.96,1
C1222331901,1,972723.96,1
C706587857,1,972713.05,1
C152636559,1,972713.05,1
C47484490,1,972142.03,1
C129076810,1,972142.03,1
C961270274,1,972009.75,1
C397472180,1,972009.75,1
C601676623,1,971133.63,1
C184826905,1,971133.63,1
C806145630,1,969259.07,1
C457586283,1,969259.07,1
C1926006259,1,968651.23,1
C1843014674,1,968651.23,1
C2109457516,1,967954.01,1
C1195032652,1,967954.01,1
C850743663,1,967153.5,1
C1815828420,1,967153.5,1
C920351883,1,966389.93,1
C2016177370,1,966389.93,1
C1846613103,1,966222.5,1
C1788263153,1,966222.5,1
C334503836,1,964876.58,1
C1995588993,1,964876.58,1
C1623372481,1,964544.37,1
C1375978020,1,964544.37,1
C186550452,1,964388.1,1
C1529791682,1,964388.1,1
C333851574,1,963966.56,1
C164247053,1,963966.56,1
C430329518,1,963532.14,1
C1440057381,1,963532.14,1
C273631269,1,960306.85,1
C1336358470,1,960306.85,1
C1335615679,1,960196.16,1
C1274686397,1,960196.16,1
C1566688012,1,959018.79,1
C1318698561,1,959018.79,1
C261371522,1,957432.32,1
C1415925120,1,957432.32,1
C997127653,1,955505.54,1
C2094567574,1,955505.54,1
C448881117,1,953615.38,1
C1034067842,1,953615.38,1
C969013741,1,953529.64,1
C943173894,1,953529.64,1
C630422228,1,952234.12,1
C606108347,1,952234.12,1
C2053342988,1,951451.17,1
C1441123126,1,951451.17,1
C1593088347,1,950791.37,1
C1316033338,1,950791.37,1
C1599964062,1,950766.15,1
C1344002266,1,950766.15,1
C971577416,1,949979.11,1
C1093983453,1,949979.11,1
C664235460,1,948288.3,1
C1025957103,1,948288.3,1
C2000156493,1,946705.53,1
C1524194171,1,946705.53,1
C809054944,1,945131.85,1
C1324043104,1,945131.85,1
C411013894,1,945131.71,1
C1366832046,1,945131.71,1
C655091661,1,940957.88,1
C1563386305,1,940957.88,1
C2110710924,1,939518.05,1
C1875095816,1,939518.05,1
C1870394283,1,938288.58,1
C164359824,1,938288.58,1
C415681195,1,936976.86,1
C1574875173,1,936976.86,1
C2136408151,1,935790.41,1
C2009627965,1,935790.41,1
C383644087,1,934590.45,1
C163014239,1,934590.45,1
C984959096,1,934314.89,1
C2041261993,1,934314.89,1
C612277580,1,932922.6,1
C1600632872,1,932922.6,1
C596444681,1,932691.0,1
C1397478591,1,932691.0,1
C626900726,1,932304.24,1
C1535615652,1,932304.24,1
C1888926728,1,931684.75,1
C101455775,1,931684.75,1
C676595441,1,930970.44,1
C1061051753,1,930970.44,1
C21772807,1,929787.24,1
C1428944530,1,929787.24,1
C1689585176,1,929106.32,1
C1484947776,1,929106.32,1
C1521419599,1,927729.13,1
C1055707930,1,927729.13,1
C533316597,1,927620.44,1
C36961525,1,927620.44,1
C431984224,1,925579.57,1
C1205909462,1,925579.57,1
C626512080,1,924912.26,1
C1495769147,1,924912.26,1
C1325096505,1,921894.19,1
C1069707218,1,921894.19,1
C1505563519,1,921668.95,1
C1152872254,1,921668.95,1
C1878448827,1,921393.95,1
C1266731860,1,921393.95,1
C480126375,1,918087.96,1
C1842546630,1,918087.96,1
C637181363,1,917014.64,1
C1149539141,1,917014.64,1
C293694231,1,916886.3,1
C1180613420,1,916886.3,1
C673817136,1,916644.03,1
C1640343789,1,916644.03,1
C835019402,1,915672.67,1
C1425610386,1,915672.67,1
C347823837,1,915266.65,1
C1936471789,1,915266.65,1
C1959891582,1,913684.05,1
C182934676,1,913684.05,1
C830197617,1,912950.54,1
C182496580,1,912950.54,1
C1749341406,1,912117.82,1
C1573658797,1,912117.82,1
C451714826,1,911895.71,1
C1703895485,1,911895.71,1
C529588126,1,908858.12,1
C1145874885,1,908858.12,1
C388892858,1,908228.29,1
C1631861444,1,908228.29,1
C86620913,1,907361.75,1
C1606642992,1,907361.75,1
C1392276809,1,906270.63,1
C1366387168,1,906270.63,1
C845679365,1,905919.58,1
C1435012203,1,905919.58,1
C1259697063,1,904338.88,1
C1116522843,1,904338.88,1
C392791213,1,904124.58,1
C1150317761,1,904124.58,1
C757385548,1,902483.91,1
C1202457928,1,902483.91,1
C72000056,1,900362.48,1
C552626823,1,900362.48,1
C1612087720,1,899782.7,1
C1241123022,1,899782.7,1
C7692150,1,897875.35,1
C1479974036,1,897875.35,1
C332841872,1,897427.17,1
C1163712001,1,897427.17,1
C675187632,1,897131.97,1
C140166215,1,897131.97,1
C763112814,1,895565.06,1
C1046781112,1,895565.06,1
C1948643468,1,892376.71,1
C1724722512,1,892376.71,1
C203112109,1,892213.56,1
C1720879880,1,892213.56,1
C1150010764,1,891944.51,1
C1119545712,1,891944.51,1
C976894617,1,890964.06,1
C1313129154,1,890964.06,1
C1419832653,1,888905.27,1
C130753302,1,888905.27,1
C1508594424,1,887941.44,1
C1115286085,1,887941.44,1
C1385592810,1,886592.76,1
C1027885522,1,886592.76,1
C700848378,1,886588.02,1
C391100177,1,886588.02,1
C1937124705,1,884821.37,1
C1865310403,1,884821.37,1
C466961726,1,883366.69,1
C149173089,1,883366.69,1
C467131548,1,882637.83,1
C1094519972,1,882637.83,1
C1756642124,1,882011.04,1
C1287818335,1,882011.04,1
C920552627,1,881811.11,1
C157136573,1,881811.11,1
C985192953,1,881187.51,1
C1389553281,1,881187.51,1
C97407183,1,880975.83,1
C1991993954,1,880975.83,1
C919338594,1,880661.14,1
C1339851120,1,880661.14,1
C739793738,1,879810.51,1
C1286606921,1,879810.51,1
C419820601,1,879321.88,1
C25649787,1,879321.88,1
C2075685093,1,879136.17,1
C1919721161,1,879136.17,1
C2050862672,1,878034.02,1
C2043903762,1,878034.02,1
C1483122432,1,876753.11,1
C1127304441,1,876753.11,1
C528486707,1,873356.47,1
C1856023832,1,873356.47,1
C488866911,1,873322.61,1
C2077011049,1,873322.61,1
C1572733222,1,872199.82,1
C1327508355,1,872199.82,1
C776075442,1,871893.15,1
C139567724,1,871893.15,1
C326766098,1,871745.76,1
C1976927795,1,871745.76,1
C1857489498,1,868004.62,1
C1630644567,1,868004.62,1
C929434570,1,866712.19,1
C2071265703,1,866712.19,1
C321662798,1,865948.49,1
C2109818783,1,865948.49,1
C676427076,1,864994.24,1
C504859386,1,864994.24,1
C244418902,1,861406.83,1
C1138260378,1,861406.83,1
C1637109620,1,861189.54,1
C1336518891,1,861189.54,1
C625994500,1,856386.66,1
C1887925622,1,856386.66,1
C723006620,1,854550.85,1
C1410522707,1,854550.85,1
C578374752,1,854065.31,1
C1383859392,1,854065.31,1
C657363011,1,850530.59,1
C1303640793,1,850530.59,1
C1685995037,1,850002.52,1
C1280323807,1,850002.52,1
C387226180,1,848134.57,1
C2033187907,1,848134.57,1
C358038381,1,847383.45,1
C148215459,1,847383.45,1
C789938480,1,846589.73,1
C152517143,1,846589.73,1
C1554179748,1,844348.52,1
C1071582702,1,844348.52,1
C219417445,1,844213.81,1
C1857315735,1,844213.81,1
C231514009,1,843174.04,1
C135534894,1,843174.04,1
C395534351,1,842554.02,1
C2022831297,1,842554.02,1
C1837436553,1,841052.98,1
C1776675634,1,841052.98,1
C593031414,1,839077.79,1
C1046755509,1,839077.79,1
C46669034,1,839008.91,1
C2024314550,1,839008.91,1
C653262851,1,837192.23,1
C1393117725,1,837192.23,1
C928957738,1,835770.84,1
C561189362,1,835770.84,1
C851101642,1,834592.4,1
C1391274777,1,834592.4,1
C1740198576,1,834495.09,1
C1461019839,1,834495.09,1
C647849713,1,834203.65,1
C558321458,1,834203.65,1
C1897651048,1,832811.84,1
C1215783470,1,832811.84,1
C1717556818,1,831725.76,1
C113524819,1,831725.76,1
C307666203,1,830991.53,1
C1642150548,1,830991.53,1
C1513149955,1,830803.43,1
C1340873625,1,830803.43,1
C1588274712,1,830495.23,1
C1269409317,1,830495.23,1
C633571752,1,829885.13,1
C1179900921,1,829885.13,1
C80183609,1,829645.3,1
C1555099712,1,829645.3,1
C63485295,1,829286.58,1
C1357479917,1,829286.58,1
C954045856,1,829012.31,1
C146118630,1,829012.31,1
C1422357582,1,828720.89,1
C1002446735,1,828720.89,1
C1767277816,1,827921.27,1
C1304293347,1,827921.27,1
C201944143,1,824841.09,1
C1923690438,1,824841.09,1
C2086963395,1,822361.52,1
C1678635027,1,822361.52,1
C895816013,1,821138.21,1
C1967126736,1,821138.21,1
C510717698,1,819503.92,1
C2020161235,1,819503.92,1
C48810852,1,819048.34,1
C1528612318,1,819048.34,1
C79473657,1,818639.22,1
C2092303293,1,818639.22,1
C228196194,1,816452.19,1
C1676610572,1,816452.19,1
C1882634733,1,815384.83,1
C1145249863,1,815384.83,1
C533672978,1,815297.9,1
C1885333477,1,815297.9,1
C2029041842,1,814689.88,1
C1446317541,1,814689.88,1
C990823587,1,813992.49,1
C460547143,1,813992.49,1
C798159363,1,813775.73,1
C122285117,1,813775.73,1
C952177952,1,813133.35,1
C718215446,1,813133.35,1
C911097587,1,811459.21,1
C1102225556,1,811459.21,1
C986104580,1,810599.16,1
C1150396076,1,810599.16,1
C756454870,1,810039.19,1
C1922445613,1,810039.19,1
C344825727,1,807466.16,1
C1365547819,1,807466.16,1
C637472789,1,807278.78,1
C1493770976,1,807278.78,1
C892157001,1,806863.3,1
C747251675,1,806863.3,1
C59004862,1,806850.06,1
C321712696,1,806850.06,1
C1597187760,1,805319.81,1
C1483115397,1,805319.81,1
C2012277914,1,803794.53,1
C1366228179,1,803794.53,1
C904630616,1,803441.31,1
C1991283883,1,803441.31,1
C2124823897,1,803038.11,1
C1481259935,1,803038.11,1
C99777022,1,802483.88,1
C1430477508,1,802483.88,1
C369107118,1,802421.39,1
C1768918738,1,802421.39,1
C517450408,1,802417.45,1
C1482135035,1,802417.45,1
C1343455954,1,802382.45,1
C127098115,1,802382.45,1
C357089378,1,801763.51,1
C1070533651,1,801763.51,1
C98533918,1,800115.05,1
C669992732,1,800115.05,1
C1324987757,1,800024.12,1
C1112585109,1,800024.12,1
C708298285,1,799797.88,1
C479893074,1,799797.88,1
C805718496,1,799517.33,1
C1299137401,1,799517.33,1
C999561448,1,799123.57,1
C101371414,1,799123.57,1
C1972873881,1,798007.45,1
C166998225,1,798007.45,1
C900480774,1,797710.8,1
C853913532,1,797710.8,1
C1509490957,1,797235.09,1
C1003377863,1,797235.09,1
C1732604973,1,794421.26,1
C1070321,1,794421.26,1
C840188997,1,793886.87,1
C57496674,1,793886.87,1
C393707500,1,790332.43,1
C247316356,1,790332.43,1
C1811781540,1,788855.1,1
C1746913772,1,788855.1,1
C1420516343,1,786573.0,1
C1366635170,1,786573.0,1
C1520540866,1,786480.78,1
C1284457893,1,786480.78,1
C1989836964,1,786278.72,1
C1379900917,1,786278.72,1
C1794798581,1,785323.0,1
C1204079316,1,785323.0,1
C646587946,1,781988.85,1
C1367702961,1,781988.85,1
C763225876,1,781953.11,1
C1665079678,1,781953.11,1
C815279404,1,781183.07,1
C1116414209,1,781183.07,1
C1149916025,1,780687.45,1
C112638782,1,780687.45,1
C613775492,1,780066.22,1
C1859137330,1,780066.22,1
C86523774,1,777448.03,1
C1852471994,1,777448.03,1
C264646287,1,776303.43,1
C137450034,1,776303.43,1
C174708557,1,774868.1,1
C1516959235,1,774868.1,1
C988104305,1,774761.84,1
C475202972,1,774761.84,1
C2108914826,1,773926.81,1
C1576289672,1,773926.81,1
C2131970934,1,773696.12,1
C1433143249,1,773696.12,1
C533533320,1,772379.36,1
C1812075808,1,772379.36,1
C1724748563,1,771024.82,1
C1127605507,1,771024.82,1
C87506936,1,769619.59,1
C794571885,1,769619.59,1
C1484143293,1,768520.15,1
C1376162995,1,768520.15,1
C1778269666,1,767879.02,1
C1642679195,1,767879.02,1
C304885039,1,767755.17,1
C300744654,1,767755.17,1
C876716683,1,766631.82,1
C112075481,1,766631.82,1
C904749186,1,766257.55,1
C38948739,1,766257.55,1
C2014325113,1,766151.45,1
C146839469,1,766151.45,1
C1722472158,1,765104.94,1
C106165599,1,765104.94,1
C618333968,1,764646.4,1
C2035637987,1,764646.4,1
C743019474,1,763913.96,1
C604295926,1,763913.96,1
C578629553,1,763170.76,1
C1902876077,1,763170.76,1
C1580037772,1,762782.66,1
C1357888616,1,762782.66,1
C1455660898,1,762135.72,1
C1088995906,1,762135.72,1
C2076996831,1,760984.58,1
C1733734380,1,760984.58,1
C749159040,1,760625.76,1
C1611123412,1,760625.76,1
C382272679,1,759701.03,1
C1817565028,1,759701.03,1
C397506007,1,759257.55,1
C1255221578,1,759257.55,1
C444540827,1,758848.47,1
C1635073538,1,758848.47,1
C521408654,1,757422.83,1
C318040241,1,757422.83,1
C26257867,1,757401.17,1
C1666463785,1,757401.17,1
C816867193,1,756426.12,1
C1801267260,1,756426.12,1
C127671231,1,755813.12,1
C1153451347,1,755813.12,1
C390809517,1,754874.26,1
C1233845935,1,754874.26,1
C1436025461,1,753723.54,1
C1098392781,1,753723.54,1
C1934555881,1,752639.78,1
C1541138179,1,752639.78,1
C438492576,1,751854.42,1
C1391223821,1,751854.42,1
C965198261,1,749316.7,1
C266009460,1,749316.7,1
C714886527,1,748726.81,1
C598739398,1,748726.81,1
C959562247,1,748139.48,1
C1183186026,1,748139.48,1
C842684426,1,747282.4,1
C1695793096,1,747282.4,1
C321390440,1,746518.21,1
C1049419908,1,746518.21,1
C2129553279,1,745156.83,1
C189207115,1,745156.83,1
C996004667,1,743311.65,1
C154379593,1,743311.65,1
C261473899,1,742973.53,1
C153820103,1,742973.53,1
C1679458417,1,741277.85,1
C1574461768,1,741277.85,1
C2073636475,1,740124.95,1
C1454952860,1,740124.95,1
C2140627643,1,739856.92,1
C199105956,1,739856.92,1
C74627202,1,739584.33,1
C1523298482,1,739584.33,1
C830817076,1,737285.03,1
C2082041963,1,737285.03,1
C699869751,1,736677.36,1
C1320627151,1,736677.36,1
C946502860,1,736521.51,1
C2022182585,1,736521.51,1
C533706573,1,736370.54,1
C1061149717,1,736370.54,1
C2010603777,1,735329.1,1
C1327882647,1,735329.1,1
C881360677,1,733119.42,1
C1931992336,1,733119.42,1
C2105445146,1,732198.35,1
C1898408959,1,732198.35,1
C697413376,1,731113.99,1
C1430919523,1,731113.99,1
C512720959,1,730677.5,1
C1166383807,1,730677.5,1
C1671411740,1,730574.39,1
C1283613009,1,730574.39,1
C1723552410,1,729078.34,1
C1326188637,1,729078.34,1
C71817191,1,728256.03,1
C586820687,1,728256.03,1
C786298819,1,727792.98,1
C2139851324,1,727792.98,1
C189532677,1,724414.43,1
C1803571079,1,724414.43,1
C2035780043,1,724264.21,1
C1765244113,1,724264.21,1
C574146734,1,723915.85,1
C452762754,1,723915.85,1
C1529205180,1,723782.37,1
C1106941921,1,723782.37,1
C707039983,1,722832.95,1
C385531487,1,722832.95,1
C207317063,1,722380.88,1
C1429215839,1,722380.88,1
C474888989,1,718350.64,1
C1354307131,1,718350.64,1
C1732292791,1,717046.74,1
C1696223343,1,717046.74,1
C1917556280,1,716273.17,1
C178061397,1,716273.17,1
C2012265983,1,715662.13,1
C1570281685,1,715662.13,1
C454938739,1,714218.48,1
C1835708623,1,714218.48,1
C278286115,1,713404.6,1
C1514010687,1,713404.6,1
C564491886,1,712488.25,1
C1926307448,1,712488.25,1
C224350249,1,711932.67,1
C1372327870,1,711932.67,1
C845451769,1,710385.55,1
C1689637064,1,710385.55,1
C1251020592,1,709950.57,1
C1239512802,1,709950.57,1
C858947550,1,707870.44,1
C1301979362,1,707870.44,1
C2091895045,1,705647.68,1
C197049364,1,705647.68,1
C722954269,1,705529.08,1
C226825556,1,705529.08,1
C247084608,1,704328.29,1
C1183135461,1,704328.29,1
C536229178,1,703882.14,1
C1086283812,1,703882.14,1
C973257095,1,703833.48,1
C199695016,1,703833.48,1
C641091675,1,703135.43,1
C1136940634,1,703135.43,1
C906024214,1,701707.89,1
C1264740364,1,701707.89,1
C949298943,1,701697.49,1
C1124257950,1,701697.49,1
C1795901064,1,701168.78,1
C1422133318,1,701168.78,1
C557416000,1,700523.69,1
C2113506271,1,700523.69,1
C735610108,1,699183.61,1
C103568596,1,699183.61,1
C525332460,1,697652.19,1
C1380882097,1,697652.19,1
C853309342,1,697226.2,1
C647787340,1,697226.2,1
C968403759,1,696763.08,1
C725915377,1,696763.08,1
C492478003,1,696575.46,1
C120775344,1,696575.46,1
C548545362,1,692984.55,1
C1799581690,1,692984.55,1
C2142345212,1,692895.24,1
C1171643689,1,692895.24,1
C1891204803,1,692743.57,1
C1785747825,1,692743.57,1
C87360228,1,692654.27,1
C435003043,1,692654.27,1
C1587643191,1,690510.31,1
C1283193575,1,690510.31,1
C1924852703,1,688473.32,1
C1476270190,1,688473.32,1
C939293281,1,688034.32,1
C1899112763,1,688034.32,1
C1555882195,1,684796.16,1
C1223486306,1,684796.16,1
C867732679,1,684266.09,1
C1873188115,1,684266.09,1
C810055905,1,684174.46,1
C767035250,1,684174.46,1
C1810820401,1,682309.83,1
C1780509155,1,682309.83,1
C1854965389,1,682063.33,1
C1460251004,1,682063.33,1
C343064779,1,681525.62,1
C1600390479,1,681525.62,1
C1824809477,1,681007.64,1
C1124786108,1,681007.64,1
C2094995286,1,680224.41,1
C2009706800,1,680224.41,1
C9701690,1,678058.75,1
C722109752,1,678058.75,1
C380436221,1,677563.22,1
C2082620262,1,677563.22,1
C1439879444,1,677503.25,1
C1295540356,1,677503.25,1
C1687942952,1,676913.69,1
C1681616324,1,676913.69,1
C99220125,1,676882.33,1
C1627918307,1,676882.33,1
C418612921,1,674541.55,1
C154212994,1,674541.55,1
C330958414,1,673722.73,1
C1578662968,1,673722.73,1
C816315846,1,672812.53,1
C1360389351,1,672812.53,1
C213707796,1,671516.68,1
C1839099341,1,671516.68,1
C1713204236,1,671406.79,1
C1661993840,1,671406.79,1
C390395645,1,669627.43,1
C1357770570,1,669627.43,1
C776030932,1,669536.75,1
C1679714245,1,669536.75,1
C835134180,1,668595.91,1
C2116089782,1,668595.91,1
C718351152,1,668473.23,1
C1683665748,1,668473.23,1
C296594494,1,668273.94,1
C1893589234,1,668273.94,1
C1561647393,1,667733.81,1
C1449311251,1,667733.81,1
C603417156,1,667257.72,1
C275419621,1,667257.72,1
C1676208609,1,667043.9,1
C1221718544,1,667043.9,1
C70707388,1,665676.43,1
C53387577,1,665676.43,1
C399364024,1,665489.33,1
C1008719694,1,665489.33,1
C2021935445,1,664992.86,1
C1370888603,1,664992.86,1
C63997724,1,662276.78,1
C1795788636,1,662276.78,1
C680679578,1,662104.87,1
C383943825,1,662104.87,1
C644461702,1,661558.27,1
C2133707942,1,661558.27,1
C1587691701,1,660746.19,1
C1149059890,1,660746.19,1
C343171866,1,658855.33,1
C1169625105,1,658855.33,1
C1494570595,1,658637.38,1
C1165937367,1,658637.38,1
C1843566745,1,657417.64,1
C1148562150,1,657417.64,1
C203547819,1,656118.37,1
C1063463883,1,656118.37,1
C428343058,1,655676.97,1
C1072220674,1,655676.97,1
C935429105,1,655294.3,1
C300902846,1,655294.3,1
C440042528,1,654250.76,1
C1137855045,1,654250.76,1
C951821221,1,653983.93,1
C1069288733,1,653983.93,1
C747760381,1,653949.74,1
C1985193615,1,653949.74,1
C1964629254,1,653151.55,1
C1103031078,1,653151.55,1
C40604503,1,652993.91,1
C1614818636,1,652993.91,1
C851249845,1,652782.54,1
C1743463751,1,652782.54,1
C919667911,1,651477.38,1
C726278083,1,651477.38,1
C1310618483,1,649968.87,1
C1136009119,1,649968.87,1
C424693863,1,646676.42,1
C1136893398,1,646676.42,1
C956307325,1,645135.6,1
C838054431,1,645135.6,1
C986606051,1,645104.5,1
C649790605,1,645104.5,1
C541658626,1,644781.76,1
C1053760019,1,644781.76,1
C1472339088,1,644314.67,1
C1396855009,1,644314.67,1
C1888967333,1,643052.88,1
C1834671253,1,643052.88,1
C790384924,1,642364.74,1
C1813153162,1,642364.74,1
C2092626574,1,640648.06,1
C1231531045,1,640648.06,1
C1750763630,1,639991.03,1
C1557521706,1,639991.03,1
C272763259,1,639680.32,1
C1449539752,1,639680.32,1
C765437817,1,639468.22,1
C1675701683,1,639468.22,1
C2028086379,1,638693.49,1
C1168767749,1,638693.49,1
C810576421,1,638487.85,1
C2102651625,1,638487.85,1
C747042147,1,636942.02,1
C1873382948,1,636942.02,1
C818444263,1,635409.32,1
C1495290660,1,635409.32,1
C66770799,1,634911.47,1
C387585754,1,634911.47,1
C998715487,1,634385.97,1
C1791366162,1,634385.97,1
C2071768911,1,634046.89,1
C1226913771,1,634046.89,1
C382898342,1,633610.66,1
C1996751665,1,633610.66,1
C1784566970,1,633459.44,1
C1624078570,1,633459.44,1
C1908168438,1,633384.46,1
C1088367372,1,633384.46,1
C465738897,1,629958.0,1
C1778361668,1,629958.0,1
C579184994,1,628697.26,1
C1683118896,1,628697.26,1
C583549280,1,628033.58,1
C461413843,1,628033.58,1
C1189870907,1,627903.12,1
C1003741197,1,627903.12,1
C1801283933,1,627586.04,1
C1202568375,1,627586.04,1
C2099684775,1,627088.33,1
C1637164849,1,627088.33,1
C974535194,1,626673.66,1
C714182090,1,626673.66,1
C739010400,1,626195.24,1
C1473713823,1,626195.24,1
C1401632766,1,624686.04,1
C1226035706,1,624686.04,1
C523460795,1,624015.52,1
C1477586121,1,624015.52,1
C462257354,1,623152.72,1
C2031063966,1,623152.72,1
C615309889,1,622235.32,1
C2071698582,1,622235.32,1
C288917283,1,621569.61,1
C2048762719,1,621569.61,1
C1520262404,1,621387.64,1
C1236437797,1,621387.64,1
C323981419,1,621080.67,1
C2063271893,1,621080.67,1
C1846853736,1,621034.85,1
C1773928363,1,621034.85,1
C47005930,1,620791.47,1
C1305407743,1,620791.47,1
C580395183,1,620512.76,1
C2009642313,1,620512.76,1
C1847194687,1,619836.33,1
C1020546526,1,619836.33,1
C989559547,1,619824.64,1
C287805617,1,619824.64,1
C675587163,1,619502.08,1
C213157987,1,619502.08,1
C1639715926,1,618381.01,1
C1411461059,1,618381.01,1
C1842567543,1,618270.9,1
C1716255280,1,618270.9,1
C274955922,1,617882.66,1
C1190371489,1,617882.66,1
C511096622,1,617668.37,1
C426002729,1,617668.37,1
C114731289,1,615954.92,1
C1033091830,1,615954.92,1
C2116343175,1,615398.61,1
C1007207376,1,615398.61,1
C2100152368,1,614145.31,1
C1021093618,1,614145.31,1
C86115030,1,613386.47,1
C1747145837,1,613386.47,1
C64369214,1,613020.85,1
C1744558124,1,613020.85,1
C1830172898,1,612743.87,1
C160577338,1,612743.87,1
C540703512,1,612241.76,1
C127795331,1,612241.76,1
C199984853,1,612229.86,1
C191516415,1,612229.86,1
C859655738,1,609416.21,1
C145364,1,609416.21,1
C1997658145,1,609400.88,1
C1295000556,1,609400.88,1
C1997221686,1,609239.75,1
C1751567663,1,609239.75,1
C1988957761,1,608290.12,1
C1818027225,1,608290.12,1
C603912506,1,607684.02,1
C1995047813,1,607684.02,1
C998785780,1,606920.11,1
C1257308807,1,606920.11,1
C602476051,1,606501.57,1
C1911204207,1,606501.57,1
C258213312,1,605108.36,1
C1640703547,1,605108.36,1
C1589402029,1,605029.34,1
C1568238028,1,605029.34,1
C1769820937,1,604933.67,1
C1085892947,1,604933.67,1
C500424911,1,602807.17,1
C279799028,1,602807.17,1
C1756674752,1,601657.23,1
C1023699777,1,601657.23,1
C847336008,1,601494.61,1
C1113436018,1,601494.61,1
C1700633166,1,601222.02,1
C158423386,1,601222.02,1
C1741494580,1,600722.15,1
C1396066056,1,600722.15,1
C652500321,1,598426.68,1
C2106574163,1,598426.68,1
C771874815,1,597806.2,1
C743026974,1,597806.2,1
C2113853115,1,597411.76,1
C1160844097,1,597411.76,1
C431054678,1,596127.11,1
C1219026147,1,596127.11,1
C630264516,1,595854.2,1
C1100776599,1,595854.2,1
C917298078,1,595558.89,1
C554735206,1,595558.89,1
C422847899,1,594577.22,1
C2038871800,1,594577.22,1
C1886207550,1,594471.04,1
C1345990968,1,594471.04,1
C1951866325,1,594229.77,1
C1261111835,1,594229.77,1
C30736240,1,592737.43,1
C300034494,1,592737.43,1
C366677925,1,592615.53,1
C363777689,1,592615.53,1
C891276919,1,592443.66,1
C1291245872,1,592443.66,1
C1492365838,1,591766.42,1
C1250782425,1,591766.42,1
C1654923779,1,591159.5,1
C1231160667,1,591159.5,1
C535182399,1,591032.52,1
C1420583441,1,591032.52,1
C2141349568,1,590229.26,1
C1286314834,1,590229.26,1
C723173004,1,588173.24,1
C253741905,1,588173.24,1
C1909564191,1,587031.2,1
C1534882693,1,587031.2,1
C951521494,1,586801.3,1
C2045012639,1,586801.3,1
C153745102,1,586718.88,1
C1287528366,1,586718.88,1
C1260112873,1,585511.14,1
C1167167977,1,585511.14,1
C732924093,1,585396.14,1
C1275728264,1,585396.14,1
C878935318,1,585010.21,1
C1948614614,1,585010.21,1
C542772115,1,582725.12,1
C1584934652,1,582725.12,1
C1164571434,1,582571.87,1
C1154322501,1,582571.87,1
C541992132,1,581889.94,1
C518343264,1,581889.94,1
C1175189548,1,581421.85,1
C1021314422,1,581421.85,1
C851163410,1,580673.57,1
C495744024,1,580673.57,1
C44130095,1,580387.06,1
C12585107,1,580387.06,1
C764461588,1,580010.03,1
C1797123067,1,580010.03,1
C1907944035,1,577418.98,1
C857985850,1,577301.73,1
C1081559148,1,577301.73,1
C307372020,1,575082.97,1
C1784131536,1,575082.97,1
C1494632213,1,574709.63,1
C132473843,1,574709.63,1
C758390812,1,574588.22,1
C546087307,1,574588.22,1
C844803674,1,574072.72,1
C268648521,1,574072.72,1
C1802792293,1,573266.42,1
C1106640250,1,573266.42,1
C250523545,1,571163.03,1
C1600275467,1,571163.03,1
C976192518,1,570649.33,1
C1866696919,1,570649.33,1
C1797062826,1,570135.07,1
C1042329949,1,570135.07,1
C1564763592,1,568918.32,1
C139275925,1,568918.32,1
C695109550,1,568292.72,1
C1541348158,1,568292.72,1
C710887172,1,567932.31,1
C1373739020,1,567932.31,1
C317779855,1,567729.52,1
C1127265876,1,567729.52,1
C1498185758,1,566156.42,1
C1435381938,1,566156.42,1
C501067498,1,566142.89,1
C1357772203,1,566142.89,1
C1418682514,1,565346.12,1
C1132334899,1,565346.12,1
C983474187,1,564699.59,1
C1524082386,1,564699.59,1
C656681397,1,564263.94,1
C1090265610,1,564263.94,1
C1663837850,1,563388.67,1
C1205919663,1,563388.67,1
C1079337250,1,563149.41,1
C1064157081,1,563149.41,1
C856217790,1,561948.38,1
C1424142386,1,561948.38,1
C46584034,1,561446.32,1
C1513799363,1,561446.32,1
C796147836,1,561374.78,1
C442133026,1,561374.78,1
C71755087,1,561149.9,1
C1581439980,1,561149.9,1
C1977012169,1,561027.94,1
C1493011618,1,561027.94,1
C322093816,1,559565.82,1
C1760459612,1,559565.82,1
C711889939,1,558136.45,1
C1925386760,1,558136.45,1
C157484257,1,558050.49,1
C1190521661,1,558050.49,1
C1892460908,1,557950.06,1
C1563918276,1,557950.06,1
C1521556505,1,556720.82,1
C1352632732,1,556720.82,1
C589143360,1,556218.01,1
C1769581889,1,556218.01,1
C2046149869,1,555731.98,1
C10297666,1,555731.98,1
C857225298,1,555574.92,1
C1651626047,1,555574.92,1
C482849190,1,555328.55,1
C308889454,1,555328.55,1
C293955297,1,554522.67,1
C1683014037,1,554522.67,1
C1771742794,1,554501.15,1
C1099639070,1,554501.15,1
C680994406,1,553399.25,1
C1967632347,1,553399.25,1
C964493655,1,553328.24,1
C1285139783,1,553328.24,1
C1914819336,1,553124.56,1
C1393741272,1,553124.56,1
C1985542113,1,550231.35,1
C1633390625,1,550231.35,1
C844873214,1,549159.68,1
C538261432,1,549159.68,1
C703367289,1,548677.33,1
C676285921,1,548677.33,1
C687300462,1,548335.12,1
C1838392320,1,548335.12,1
C172609143,1,548269.98,1
C145966586,1,548269.98,1
C814345778,1,548161.93,1
C2011336849,1,548161.93,1
C969404866,1,547672.2,1
C1661851556,1,547672.2,1
C68418619,1,545780.7,1
C1184365797,1,545780.7,1
C1346698733,1,544352.53,1
C1198732254,1,544352.53,1
C542918191,1,542393.87,1
C1019069883,1,542393.87,1
C651782265,1,542222.77,1
C572669478,1,542222.77,1
C1890301666,1,541486.74,1
C1850675328,1,541486.74,1
C1726606589,1,541115.02,1
C1521707504,1,541115.02,1
C974262278,1,540914.12,1
C935920556,1,540914.12,1
C1809782314,1,540530.08,1
C1305572067,1,540530.08,1
C415858765,1,540154.62,1
C114974611,1,540154.62,1
C1985701449,1,539658.73,1
C1496866222,1,539658.73,1
C775037479,1,539087.79,1
C1597812887,1,539087.79,1
C1369254106,1,538428.86,1
C1222822414,1,538428.86,1
C640532730,1,538312.05,1
C1411459679,1,538312.05,1
C1904470036,1,537641.8,1
C1552180409,1,537641.8,1
C229919589,1,537539.97,1
C1135563168,1,537539.97,1
C2018539678,1,537539.57,1
C1804356625,1,537539.57,1
C1996857872,1,537025.01,1
C1744276151,1,537025.01,1
C1035541766,1,536624.41,1
C473703158,1,536433.5,1
C1801812624,1,536433.5,1
C412096572,1,535654.59,1
C108472489,1,535654.59,1
C1636058456,1,534518.98,1
C1561200626,1,534518.98,1
C1832180008,1,534470.98,1
C151499440,1,534470.98,1
C967325382,1,534255.94,1
C1829721095,1,534255.94,1
C971904885,1,534158.52,1
C1792498833,1,534158.52,1
C761440890,1,533269.77,1
C1010973952,1,533269.77,1
C1989818956,1,533092.45,1
C1329946363,1,533092.45,1
C1584590974,1,531551.0,1
C1042923577,1,531551.0,1
C176579882,1,530733.43,1
C1486070505,1,530733.43,1
C711344285,1,530377.28,1
C1741821297,1,530377.28,1
C1625326980,1,530354.58,1
C1119661582,1,530354.58,1
C1969299825,1,530124.99,1
C1674591686,1,530124.99,1
C554382574,1,529659.95,1
C1058371730,1,529659.95,1
C1626028230,1,528149.74,1
C1511951796,1,528149.74,1
C715932448,1,526787.54,1
C17858706,1,526787.54,1
C701300416,1,526119.49,1
C1055498407,1,526119.49,1
C1724071075,1,526071.46,1
C1197863770,1,526071.46,1
C843090294,1,525155.79,1
C66538497,1,525155.79,1
C61912705,1,522465.43,1
C1864714673,1,522465.43,1
C520000532,1,522343.83,1
C1605191910,1,522343.83,1
C916412259,1,521986.29,1
C1336256989,1,521986.29,1
C940330656,1,520500.14,1
C75004200,1,520500.14,1
C1850286862,1,517183.38,1
C1447448314,1,517183.38,1
C600529356,1,516355.22,1
C1361333152,1,516355.22,1
C885687058,1,515645.16,1
C1386605683,1,515645.16,1
C862823643,1,513693.13,1
C2034397905,1,513693.13,1
C786682293,1,513610.51,1
C2054490083,1,513610.51,1
C1314353010,1,513082.74,1
C1294288160,1,513082.74,1
C650074487,1,512922.65,1
C1319609098,1,512922.65,1
C399946871,1,511389.5,1
C1343655030,1,511389.5,1
C1440012977,1,511379.9,1
C1032127043,1,511379.9,1
C1766811336,1,511259.05,1
C1573880228,1,511259.05,1
C973074458,1,509985.31,1
C1144385106,1,509985.31,1
C839366750,1,508929.61,1
C533095346,1,508929.61,1
C576782065,1,508782.2,1
C1541771460,1,507521.42,1
C1428068885,1,507521.42,1
C438124232,1,506923.53,1
C1371968077,1,506923.53,1
C341811151,1,506867.52,1
C1345605199,1,506867.52,1
C361536240,1,505580.22,1
C189821209,1,505580.22,1
C994784827,1,505571.43,1
C1946854370,1,505571.43,1
C413256119,1,504532.72,1
C1419487252,1,504532.72,1
C1885602462,1,504362.34,1
C1846239303,1,504362.34,1
C653557164,1,504344.93,1
C1384579214,1,504344.93,1
C868244039,1,503961.93,1
C451898714,1,503961.93,1
C140477383,1,503793.25,1
C1260832016,1,503793.25,1
C755656980,1,503620.99,1
C1267328802,1,503620.99,1
C1954167888,1,503420.67,1
C1696816111,1,503420.67,1
C1446009472,1,503405.88,1
C140359285,1,503405.88,1
C279192006,1,501496.31,1
C1595104027,1,501496.31,1
C241686740,1,501425.84,1
C1112202399,1,501425.84,1
C658485772,1,501101.41,1
C1409061891,1,501101.41,1
C1226580672,1,500905.62,1
C1104187360,1,500905.62,1
C342198691,1,500003.56,1
C1283250081,1,500003.56,1
C1358700061,1,498747.55,1
C1268687725,1,498747.55,1
C2137896854,1,498183.25,1
C104610866,1,498183.25,1
C881548240,1,497928.97,1
C2025900905,1,497928.97,1
C818466696,1,497526.17,1
C1294188821,1,497526.17,1
C1977168836,1,496420.67,1
C1524224259,1,496420.67,1
C842027258,1,496128.26,1
C705152518,1,496128.26,1
C1628056782,1,495991.64,1
C1566359738,1,495991.64,1
C813165216,1,495977.84,1
C1851117784,1,495977.84,1
C1270013623,1,495773.64,1
C1248328274,1,495773.64,1
C743091050,1,494453.52,1
C2003844329,1,494453.52,1
C890580817,1,494446.94,1
C334271518,1,494446.94,1
C1544211314,1,494244.61,1
C1529468267,1,494244.61,1
C875380581,1,493538.8,1
C49558128,1,493538.8,1
C1728027611,1,492896.75,1
C1604057641,1,492896.75,1
C133353018,1,492003.04,1
C1070629899,1,492003.04,1
C1237928863,1,491847.47,1
C1042812790,1,491847.47,1
C1198658385,1,491517.77,1
C1029198062,1,491517.77,1
C8083838,1,489944.93,1
C194088609,1,489944.93,1
C869780206,1,489767.32,1
C480109552,1,489767.32,1
C781269019,1,489714.94,1
C570906576,1,489714.94,1
C796773856,1,489514.32,1
C1398711376,1,489514.32,1
C725816726,1,489111.71,1
C13133060,1,489111.71,1
C922540199,1,489033.93,1
C2125867805,1,489033.93,1
C2117568077,1,488243.65,1
C1968880739,1,488243.65,1
C1334025413,1,488030.08,1
C1331489578,1,488030.08,1
C196823251,1,487572.45,1
C1269721100,1,487572.45,1
C731475693,1,487276.8,1
C1002859898,1,487276.8,1
C1737680610,1,486175.4,1
C1305617036,1,486175.4,1
C813852044,1,486060.16,1
C558066114,1,486060.16,1
C1980995791,1,484772.73,1
C1537769770,1,484772.73,1
C1813945054,1,484493.06,1
C1001502110,1,484493.06,1
C1680914096,1,483713.23,1
C1111837345,1,483713.23,1
C822183230,1,482679.6,1
C1126237876,1,482679.6,1
C6427083,1,480404.03,1
C1962729026,1,480404.03,1
C444759415,1,479926.98,1
C236547965,1,479926.98,1
C949573914,1,479892.04,1
C1282533102,1,479892.04,1
C939398813,1,478078.24,1
C427680107,1,478078.24,1
C953022806,1,476890.47,1
C1700987687,1,476890.47,1
C563555461,1,476321.8,1
C562970310,1,476321.8,1
C881015352,1,475854.04,1
C660472493,1,475854.04,1
C733845370,1,475693.24,1
C23091724,1,475693.24,1
C916986889,1,475368.94,1
C397354505,1,475368.94,1
C917675056,1,475315.61,1
C562497743,1,475315.61,1
C1621566840,1,474467.2,1
C1221668517,1,474467.2,1
C1690528829,1,474195.1,1
C1577661477,1,474195.1,1
C642633931,1,474052.54,1
C1060391149,1,474052.54,1
C2062128137,1,473387.81,1
C1845867430,1,473387.81,1
C258022206,1,473086.28,1
C1621962604,1,473086.28,1
C692473125,1,472808.24,1
C524534489,1,472808.24,1
C892010542,1,472692.51,1
C145594916,1,472692.51,1
C437383157,1,471906.6,1
C17156930,1,471906.6,1
C1792382836,1,470956.59,1
C1585385873,1,470956.59,1
C985759209,1,470922.15,1
C386926753,1,470922.15,1
C938594796,1,470325.08,1
C1713242347,1,470325.08,1
C313989858,1,468638.03,1
C1409902854,1,468638.03,1
C360538311,1,468599.79,1
C1023402674,1,468599.79,1
C1527065781,1,468446.77,1
C1278233953,1,468446.77,1
C1820999886,1,466580.69,1
C1631478680,1,466580.69,1
C916181834,1,466359.63,1
C1868920588,1,466359.63,1
C723093483,1,466218.08,1
C545352261,1,466218.08,1
C169063525,1,465498.74,1
C1620468524,1,465498.74,1
C96489795,1,463891.31,1
C783919407,1,463891.31,1
C2093534108,1,462452.87,1
C1588251640,1,462452.87,1
C328303267,1,462441.03,1
C1243051391,1,462441.03,1
C2141057802,1,461509.86,1
C1765744035,1,461509.86,1
C597797196,1,461442.52,1
C1093216808,1,461442.52,1
C2081855471,1,461369.99,1
C152541672,1,461369.99,1
C470923235,1,461255.26,1
C1047897914,1,461255.26,1
C1590287845,1,460689.45,1
C1321273727,1,460689.45,1
C1586676521,1,460635.82,1
C1563063305,1,460635.82,1
C568175103,1,460436.43,1
C1935083121,1,460436.43,1
C913609699,1,460434.46,1
C2045767963,1,460434.46,1
C1642524943,1,459378.91,1
C1292819239,1,459378.91,1
C2065762826,1,458845.55,1
C1038719684,1,458845.55,1
C805258361,1,458603.07,1
C1922018955,1,458603.07,1
C703277110,1,458361.83,1
C2050469537,1,458361.83,1
C629419411,1,457789.14,1
C2120513600,1,457789.14,1
C477094811,1,457359.64,1
C1927429291,1,457359.64,1
C763431178,1,456930.88,1
C71043059,1,456930.88,1
C325643180,1,456745.18,1
C1016889565,1,456745.18,1
C2077349691,1,456360.87,1
C1800812405,1,456360.87,1
C1720399024,1,455788.55,1
C1120752458,1,455788.55,1
C430667464,1,455709.8,1
C1919843108,1,455709.8,1
C1878016085,1,455386.57,1
C1237757319,1,455386.57,1
C876504183,1,455372.54,1
C1146223935,1,455372.54,1
C695129655,1,455074.13,1
C178620637,1,455074.13,1
C312774959,1,455014.69,1
C1949729831,1,455014.69,1
C1274887619,1,454859.39,1
C1482588472,1,454511.73,1
C1322100754,1,454511.73,1
C956916023,1,454483.23,1
C2048358665,1,454483.23,1
C755916898,1,453699.35,1
C2031919983,1,453699.35,1
C261442623,1,452804.42,1
C1206970364,1,452804.42,1
C927935901,1,452294.74,1
C2076837098,1,452294.74,1
C366045175,1,452261.67,1
C1463709824,1,452261.67,1
C1275808280,1,451663.55,1
C1203772880,1,451663.55,1
C309402853,1,451399.66,1
C1511096245,1,451399.66,1
C745977891,1,450489.27,1
C1996228335,1,450489.27,1
C998822926,1,450458.78,1
C1707425123,1,450458.78,1
C898755281,1,450060.37,1
C680982592,1,450060.37,1
C542986012,1,449199.47,1
C1192213620,1,449199.47,1
C1051999166,1,449032.97,1
C1012053866,1,449032.97,1
C978638319,1,448266.86,1
C874085933,1,448266.86,1
C968159890,1,448265.08,1
C473435189,1,448265.08,1
C348303891,1,448025.06,1
C1976637754,1,448025.06,1
C949792674,1,448004.86,1
C2088582248,1,448004.86,1
C1628562361,1,447589.21,1
C1554219817,1,447589.21,1
C2075459960,1,447474.67,1
C1711336185,1,447474.67,1
C256552805,1,447009.83,1
C1440171055,1,447009.83,1
C289101217,1,446032.95,1
C1116093088,1,446032.95,1
C33272921,1,445705.76,1
C1911704726,1,445705.76,1
C1527777491,1,445257.43,1
C1313587911,1,445257.43,1
C997831977,1,444898.97,1
C317427363,1,444898.97,1
C1840147816,1,444766.43,1
C1510579815,1,444766.43,1
C371450806,1,443893.69,1
C1983851007,1,443893.69,1
C1497447156,1,443682.96,1
C1174423768,1,443682.96,1
C1825078209,1,442722.01,1
C1197049962,1,442722.01,1
C528702862,1,442460.31,1
C1158825212,1,442460.31,1
C619581802,1,442290.23,1
C1521151651,1,442290.23,1
C229723473,1,441892.92,1
C1660730946,1,441892.92,1
C171987241,1,441873.49,1
C1484076319,1,441873.49,1
C398085606,1,441445.58,1
C1023505879,1,441445.58,1
C479817904,1,441423.44,1
C1716496327,1,441423.44,1
C847706686,1,440962.56,1
C719693497,1,440962.56,1
C1596133933,1,440581.15,1
C1297114741,1,440581.15,1
C194150197,1,438983.45,1
C1890267069,1,438983.45,1
C482285608,1,438859.1,1
C1632082016,1,438859.1,1
C1982875567,1,438394.67,1
C1562094367,1,438394.67,1
C163085808,1,438224.6,1
C1238831225,1,438224.6,1
C653094177,1,438139.79,1
C450782452,1,438139.79,1
C1360544029,1,436906.22,1
C1270175707,1,436906.22,1
C1915876350,1,436757.76,1
C1866512540,1,436757.76,1
C927898109,1,436317.49,1
C1101896788,1,436317.49,1
C918655375,1,436035.29,1
C1247830341,1,436035.29,1
C790089745,1,435867.16,1
C1210833971,1,435867.16,1
C743185292,1,435166.65,1
C1897851214,1,435166.65,1
C502036352,1,434401.5,1
C1025875217,1,434401.5,1
C934940485,1,434006.52,1
C1619687935,1,434006.52,1
C629787900,1,433348.97,1
C1139626226,1,433348.97,1
C2043309958,1,432958.83,1
C1282477979,1,432958.83,1
C966717890,1,432544.68,1
C1293936707,1,432544.68,1
C2026655073,1,432254.84,1
C1072407495,1,432254.84,1
C1839723035,1,431356.55,1
C1540105290,1,431356.55,1
C1979801086,1,430722.59,1
C1114634874,1,430722.59,1
C248536577,1,430207.22,1
C1698844307,1,430207.22,1
C567545309,1,429359.76,1
C362433458,1,429359.76,1
C684872435,1,429257.45,1
C1398344547,1,429257.45,1
C1101793112,1,429257.45,1
C1011516202,1,429257.45,1
C711340026,1,428239.03,1
C1057589740,1,428239.03,1
C992121519,1,428174.7,1
C1226178731,1,428174.7,1
C1353657671,1,427405.08,1
C1106916781,1,427405.08,1
C985224754,1,427373.65,1
C1090338431,1,427373.65,1
C326519862,1,426532.4,1
C1729870002,1,426532.4,1
C73136408,1,426323.38,1
C1078529507,1,426323.38,1
C1427622325,1,426173.04,1
C1173353466,1,426173.04,1
C75122895,1,425861.93,1
C2103073329,1,425861.93,1
C656165499,1,425221.11,1
C1501009751,1,425221.11,1
C614646392,1,424962.9,1
C191725289,1,424962.9,1
C548890827,1,424700.99,1
C1177326295,1,424700.99,1
C877406862,1,423660.73,1
C324127688,1,423660.73,1
C404384076,1,422648.87,1
C1886113938,1,422648.87,1
C2033019735,1,422261.63,1
C105750198,1,422261.63,1
C932539468,1,420330.71,1
C1868228472,1,420330.71,1
C1424396112,1,420270.22,1
C1167620756,1,420270.22,1
C857807998,1,418971.0,1
C1299375115,1,418971.0,1
C1504021552,1,418871.89,1
C1373058287,1,418871.89,1
C1963602022,1,418691.02,1
C1854590782,1,418691.02,1
C281624402,1,417620.07,1
C1833923167,1,417620.07,1
C2118315952,1,417217.89,1
C1644589912,1,417217.89,1
C661000203,1,417129.11,1
C1251324485,1,417129.11,1
C336307904,1,417103.68,1
C1450763584,1,417103.68,1
C650153052,1,416832.9,1
C1395649646,1,416832.9,1
C943280321,1,416284.7,1
C1635297602,1,416284.7,1
C749981943,1,416001.33,1
C990820697,1,415785.89,1
C1388535947,1,415785.89,1
C1772129702,1,415437.27,1
C1764187305,1,415437.27,1
C25184874,1,414973.48,1
C1903805843,1,414973.48,1
C266064444,1,414794.23,1
C1278483248,1,414794.23,1
C934172571,1,414394.38,1
C2071113920,1,414394.38,1
C239145615,1,414153.16,1
C1882912047,1,414153.16,1
C593887896,1,414095.91,1
C1558078875,1,414095.91,1
C84071102,1,412668.39,1
C1136118351,1,412668.39,1
C742014717,1,412511.32,1
C1575731939,1,412511.32,1
C24910757,1,411566.7,1
C1569480629,1,411566.7,1
C726906653,1,410299.86,1
C364474699,1,410299.86,1
C1831363253,1,408864.84,1
C1558543265,1,408864.84,1
C970648981,1,408724.54,1
C629384731,1,408724.54,1
C1375603076,1,407907.34,1
C117383322,1,407907.34,1
C162879753,1,407833.62,1
C1585122257,1,407833.62,1
C1732833995,1,407347.84,1
C1538572034,1,407347.84,1
C419252042,1,407320.01,1
C1339675214,1,407320.01,1
C926836772,1,407275.43,1
C1489529077,1,407275.43,1
C1948189565,1,407005.78,1
C1491819514,1,406864.17,1
C1077004516,1,406864.17,1
C2129660302,1,405400.26,1
C134085656,1,405400.26,1
C883452416,1,405062.33,1
C418222166,1,405062.33,1
C57037472,1,404394.04,1
C1213992157,1,404394.04,1
C1310120773,1,404185.57,1
C1287154806,1,404185.57,1
C254731202,1,404165.06,1
C1458768825,1,404165.06,1
C435979844,1,403975.39,1
C2112892697,1,403975.39,1
C1311838083,1,403274.41,1
C1168831022,1,403274.41,1
C2084058641,1,401575.19,1
C1684571589,1,401575.19,1
C570967174,1,401529.35,1
C330207825,1,401529.35,1
C1881462722,1,400758.85,1
C1350723099,1,400758.85,1
C709213920,1,400517.07,1
C391166048,1,400517.07,1
C656389518,1,400276.72,1
C1773081867,1,400276.72,1
C1959804825,1,400157.86,1
C1591659035,1,400157.86,1
C724693370,1,399045.08,1
C57771214,1,398724.6,1
C1731018841,1,398724.6,1
C836986280,1,398711.68,1
C1554476444,1,398711.68,1
C1810039949,1,398219.08,1
C1304547531,1,398219.08,1
C1880789333,1,398157.05,1
C1122751474,1,398157.05,1
C1389887414,1,398045.73,1
C1228762616,1,398045.73,1
C771336671,1,398041.98,1
C1674336510,1,398041.98,1
C824215467,1,397069.12,1
C767878011,1,397069.12,1
C1909320319,1,396757.22,1
C1392636479,1,396757.22,1
C705295084,1,395531.72,1
C497404985,1,395531.72,1
C1897206044,1,394886.13,1
C1107493587,1,394886.13,1
C667718878,1,394605.69,1
C1047697317,1,394605.69,1
C1802030448,1,394388.09,1
C1625333778,1,394388.09,1
C530405843,1,393699.17,1
C1660576685,1,393699.17,1
C742098592,1,392767.71,1
C612108923,1,392767.71,1
C1867095395,1,391855.44,1
C1221041967,1,391855.44,1
C1246584069,1,390763.24,1
C1160185399,1,390763.24,1
C964050738,1,389275.23,1
C1566001424,1,389275.23,1
C1292366795,1,389250.9,1
C1206877978,1,389250.9,1
C631988661,1,389214.05,1
C1298821369,1,389214.05,1
C1413288238,1,388171.95,1
C1228945957,1,388171.95,1
C374179954,1,387952.42,1
C321872585,1,387952.42,1
C85776880,1,387773.97,1
C1894511289,1,387773.97,1
C2000198791,1,387408.11,1
C180844213,1,387408.11,1
C436643721,1,386996.34,1
C1461649383,1,386996.34,1
C960563833,1,385567.18,1
C1218834080,1,385567.18,1
C1699346936,1,385556.82,1
C1422380255,1,385556.82,1
C220460934,1,385207.12,1
C1182722918,1,385207.12,1
C497827854,1,385050.58,1
C1629594935,1,385050.58,1
C457476945,1,383661.1,1
C369315575,1,383661.1,1
C881672878,1,382960.64,1
C749254504,1,382960.64,1
C692435443,1,381977.83,1
C1101780451,1,381977.83,1
C611134778,1,381247.3,1
C569564677,1,381247.3,1
C492377263,1,380214.33,1
C1014000122,1,380214.33,1
C336424141,1,379878.0,1
C1495269307,1,379878.0,1
C1259154516,1,379057.93,1
C1025414577,1,379057.93,1
C851631639,1,378688.65,1
C801354252,1,378688.65,1
C1584281400,1,378623.9,1
C1316763794,1,378623.9,1
C32558037,1,378527.71,1
C1803730185,1,378527.71,1
C620879020,1,378204.02,1
C1309442409,1,378204.02,1
C1265971736,1,377919.58,1
C1005458940,1,377919.58,1
C563591583,1,377096.39,1
C5128186,1,377096.39,1
C774105103,1,377038.53,1
C57383792,1,377038.53,1
C735977,1,376639.05,1
C1314499487,1,376639.05,1
C747436564,1,376367.26,1
C672988614,1,376367.26,1
C741331613,1,376059.27,1
C141206514,1,376059.27,1
C634556474,1,375419.35,1
C273275190,1,375419.35,1
C797411112,1,375141.86,1
C701624448,1,375141.86,1
C712970778,1,374178.28,1
C486342629,1,374178.28,1
C1957456794,1,373531.87,1
C1176876206,1,373531.87,1
C1753472917,1,373322.87,1
C1549769780,1,373322.87,1
C96988544,1,372703.48,1
C1795832752,1,372703.48,1
C466502993,1,372344.58,1
C2134607507,1,372344.58,1
C345189504,1,371771.44,1
C1654533591,1,371771.44,1
C686471933,1,371669.59,1
C1778038801,1,371669.59,1
C743630497,1,371449.7,1
C1572583311,1,371449.7,1
C355611635,1,370382.39,1
C1303980917,1,370382.39,1
C551192635,1,369505.41,1
C1841955309,1,369505.41,1
C688548413,1,369448.2,1
C2020495090,1,369448.2,1
C137478420,1,369306.87,1
C131199741,1,369306.87,1
C1879175902,1,369186.87,1
C1121219802,1,369186.87,1
C1685726737,1,368973.39,1
C1434246047,1,368973.39,1
C2106880723,1,368951.94,1
C1613048807,1,368951.94,1
C556184876,1,367980.99,1
C1573491047,1,367980.99,1
C1668210142,1,367631.15,1
C1509481580,1,367631.15,1
C715754415,1,367364.8,1
C1645177442,1,367364.8,1
C695418375,1,367263.47,1
C1555514424,1,367263.47,1
C193723315,1,367207.98,1
C1594841264,1,367207.98,1
C2113748548,1,366896.03,1
C1253782028,1,366896.03,1
C527145234,1,366014.33,1
C373022039,1,366014.33,1
C815195284,1,365332.78,1
C1014077257,1,365332.78,1
C516411527,1,365114.84,1
C1664110305,1,365114.84,1
C426265650,1,365099.76,1
C1936595952,1,365099.76,1
C337746955,1,365069.45,1
C1359467526,1,365069.45,1
C1929279421,1,364715.24,1
C1494182124,1,364715.24,1
C864862655,1,364375.51,1
C1765014536,1,364375.51,1
C627887471,1,364333.03,1
C1289446218,1,364333.03,1
C998593582,1,363378.75,1
C1736832400,1,363378.75,1
C739877872,1,362988.52,1
C1442171840,1,362988.52,1
C981578814,1,362837.15,1
C691233312,1,362837.15,1
C903484940,1,362672.57,1
C1069202179,1,362672.57,1
C1776783873,1,362631.05,1
C1251759902,1,362631.05,1
C48088685,1,362335.05,1
C1144862911,1,362335.05,1
C1825250063,1,362152.77,1
C1484448573,1,362152.77,1
C946052471,1,361877.28,1
C930621718,1,361877.28,1
C684758020,1,361559.69,1
C1287719145,1,361559.69,1
C877036651,1,361460.79,1
C136533160,1,361460.79,1
C886662804,1,360749.76,1
C881291661,1,360749.76,1
C739289668,1,360688.3,1
C62190783,1,360688.3,1
C831067844,1,358529.2,1
C2049488051,1,358529.2,1
C1621453124,1,358440.67,1
C1376413283,1,358440.67,1
C23700491,1,358159.13,1
C1549709638,1,358159.13,1
C496377670,1,357882.83,1
C151669603,1,357882.83,1
C353840221,1,357836.57,1
C198543509,1,357836.57,1
C45970482,1,357824.01,1
C1046302165,1,357824.01,1
C820024675,1,357226.8,1
C2080356866,1,357226.8,1
C768066152,1,356224.26,1
C1424948489,1,356224.26,1
C227175045,1,355969.72,1
C1246229535,1,355969.72,1
C2002728636,1,355909.21,1
C1946400298,1,355909.21,1
C348049773,1,355832.18,1
C1216944789,1,355832.18,1
C943049260,1,355151.57,1
C1895390666,1,355151.57,1
C829975560,1,354441.19,1
C633069844,1,354441.19,1
C1684585475,1,353874.22,1
C2082156144,1,353785.26,1
C1270362988,1,353785.26,1
C275034566,1,353313.55,1
C1330110958,1,353313.55,1
C2132462996,1,353094.9,1
C2075568104,1,353094.9,1
C793449159,1,353090.95,1
C1206624869,1,353090.95,1
C1947418069,1,353045.35,1
C1325126961,1,353045.35,1
C964511313,1,352179.76,1
C1338415821,1,352179.76,1
C2080405171,1,351912.04,1
C1976472089,1,351912.04,1
C570339054,1,351843.08,1
C1394122484,1,351843.08,1
C1773992583,1,351332.16,1
C1071813500,1,351332.16,1
C692830443,1,351268.75,1
C1019329213,1,351268.75,1
C1446312452,1,350800.27,1
C1071591900,1,350800.27,1
C1709961291,1,350789.59,1
C1269861924,1,350789.59,1
C58527359,1,350705.74,1
C1452168793,1,350705.74,1
C325422027,1,350233.08,1
C2139196557,1,350233.08,1
C986981998,1,350017.08,1
C1207780583,1,350017.08,1
C432374768,1,349627.64,1
C246515037,1,349627.64,1
C925944949,1,349619.91,1
C498614286,1,349619.91,1
C2059773310,1,348983.86,1
C1006058561,1,348983.86,1
C929585215,1,348952.97,1
C1242285764,1,348952.97,1
C1721589363,1,348915.96,1
C1627009225,1,348915.96,1
C983383771,1,348751.45,1
C1707939649,1,348751.45,1
C1671922232,1,348055.47,1
C1424747794,1,348055.47,1
C238168336,1,347893.16,1
C1743279167,1,347893.16,1
C531559294,1,346795.44,1
C1744798972,1,346795.44,1
C54851371,1,346704.55,1
C1332180070,1,346704.55,1
C171834973,1,346374.54,1
C1493875505,1,346374.54,1
C829436029,1,346293.24,1
C744665522,1,346293.24,1
C2146001467,1,346183.99,1
C2061792169,1,346183.99,1
C1642338581,1,346103.09,1
C1280889353,1,346103.09,1
C338054971,1,345802.34,1
C1089670756,1,345802.34,1
C548836195,1,345533.89,1
C370789557,1,345533.89,1
C264616990,1,345526.4,1
C1313615833,1,345526.4,1
C1514359401,1,345425.57,1
C1397090856,1,345425.57,1
C1604322396,1,345116.0,1
C1587485060,1,345116.0,1
C333316191,1,344886.44,1
C278939913,1,344886.44,1
C87393659,1,344673.46,1
C672095034,1,344673.46,1
C549010172,1,343999.8,1
C1079154167,1,343999.8,1
C318150552,1,343972.5,1
C265189494,1,343972.5,1
C818983201,1,343429.34,1
C2015128737,1,343429.34,1
C55629100,1,343177.04,1
C1919174675,1,343177.04,1
C671195185,1,342988.79,1
C1522760202,1,342988.79,1
C498197079,1,342970.95,1
C1947443919,1,342970.95,1
C2068848263,1,342675.47,1
C1778106585,1,342675.47,1
C662184778,1,342309.91,1
C1944000382,1,342309.91,1
C870356100,1,342120.59,1
C1280846631,1,342120.59,1
C865099324,1,341956.42,1
C1806925834,1,341956.42,1
C570894780,1,341441.17,1
C204567702,1,341441.17,1
C56193098,1,340936.99,1
C1355922572,1,340936.99,1
C2031273483,1,340665.18,1
C1350659055,1,340665.18,1
C491994230,1,340198.41,1
C1369188336,1,340198.41,1
C1783169722,1,340119.98,1
C1649956184,1,340119.98,1
C786484425,1,339682.13,1
C2013999242,1,339682.13,1
C433192438,1,339275.64,1
C427722942,1,339275.64,1
C354542931,1,339152.24,1
C1701872761,1,339152.24,1
C449727386,1,338364.14,1
C1396691078,1,338364.14,1
C958803448,1,338293.14,1
C1232836519,1,338293.14,1
C1915521741,1,338229.88,1
C1791019967,1,338229.88,1
C2093423573,1,338083.76,1
C1670265588,1,338083.76,1
C1860206969,1,338062.05,1
C1562312616,1,338062.05,1
C889382301,1,337994.64,1
C425422557,1,337994.64,1
C2029593206,1,337974.21,1
C1171102344,1,337974.21,1
C206355745,1,337810.17,1
C1598819354,1,337810.17,1
C976181773,1,337287.72,1
C1022326247,1,337287.72,1
C927102285,1,336917.97,1
C1108270870,1,336917.97,1
C1945733096,1,335859.86,1
C1805393654,1,335859.86,1
C89283631,1,335219.49,1
C1775717184,1,335219.49,1
C1990249992,1,335094.53,1
C133235498,1,335094.53,1
C1472409848,1,335071.5,1
C1146444663,1,335071.5,1
C693388130,1,334890.91,1
C1711836423,1,334890.91,1
C292943018,1,334790.89,1
C2135188443,1,334790.89,1
C1374233613,1,334276.08,1
C1006070662,1,334276.08,1
C727455113,1,333390.18,1
C1517430908,1,333390.18,1
C1816884932,1,333082.71,1
C1332702654,1,333082.71,1
C645124798,1,332729.54,1
C172163835,1,332151.67,1
C1471998742,1,332151.67,1
C729983243,1,332138.32,1
C520847673,1,332138.32,1
C1549516546,1,331829.94,1
C1357985676,1,331829.94,1
C1734852637,1,331729.06,1
C1287144716,1,331729.06,1
C550919269,1,330756.72,1
C2036720607,1,330756.72,1
C858235429,1,330665.02,1
C1938184125,1,330665.02,1
C94784819,1,330218.85,1
C612855677,1,330218.85,1
C699198167,1,329937.88,1
C148278282,1,329937.88,1
C2099623572,1,329728.11,1
C1588740494,1,329728.11,1
C1663993817,1,329424.14,1
C1223797124,1,329424.14,1
C665359708,1,329156.43,1
C1966259064,1,329156.43,1
C2044227018,1,329055.47,1
C1091119024,1,329055.47,1
C1956897867,1,328427.77,1
C1592579801,1,328427.77,1
C546304299,1,328110.3,1
C539030556,1,328110.3,1
C1234242622,1,327791.14,1
C1118147077,1,327791.14,1
C505663484,1,327773.15,1
C1561550785,1,327773.15,1
C2013471968,1,327282.92,1
C1217101602,1,327282.92,1
C237051726,1,326884.31,1
C1259393771,1,326884.31,1
C860160503,1,326394.8,1
C541833778,1,326394.8,1
C193546785,1,326250.51,1
C1592906945,1,326250.51,1
C726617458,1,326052.83,1
C1348697498,1,326052.83,1
C597823644,1,325732.34,1
C1544110174,1,325732.34,1
C460734138,1,325668.67,1
C126871882,1,325668.67,1
C980546604,1,325470.07,1
C570536992,1,325470.07,1
C905192559,1,325242.69,1
C464286204,1,325242.69,1
C919525792,1,323726.61,1
C509686434,1,323726.61,1
C895065191,1,322991.82,1
C570470570,1,322991.82,1
C1769157927,1,322585.04,1
C1362065573,1,322585.04,1
C2110396645,1,322329.78,1
C1524859544,1,322329.78,1
C1982559118,1,322113.91,1
C1765119291,1,322113.91,1
C99535161,1,321883.89,1
C159404315,1,321883.89,1
C671609278,1,321465.0,1
C1409640196,1,321465.0,1
C509024717,1,321307.31,1
C28062325,1,321307.31,1
C1559351249,1,321241.84,1
C1552999118,1,321241.84,1
C987967282,1,320977.49,1
C2084614974,1,320977.49,1
C1622600988,1,319974.69,1
C1581587658,1,319974.69,1
C765034168,1,319887.08,1
C1989363857,1,319887.08,1
C804647095,1,319883.28,1
C1346194314,1,319883.28,1
C892428215,1,319208.14,1
C1314274977,1,319208.14,1
C621941841,1,317787.12,1
C1356517693,1,317787.12,1
C586226957,1,316882.94,1
C1238333344,1,316882.94,1
C350145239,1,316877.85,1
C314495113,1,316877.85,1
C300052859,1,315712.36,1
C23801397,1,315712.36,1
C676090557,1,315654.19,1
C137902575,1,315654.19,1
C846061626,1,314976.75,1
C1426238541,1,314976.75,1
C1462280812,1,314251.58,1
C809683747,1,313936.67,1
C175684535,1,313936.67,1
C624146963,1,313697.44,1
C1043016955,1,313697.44,1
C711446907,1,313418.28,1
C2021456831,1,313418.28,1
C258594657,1,312971.23,1
C1786265629,1,312971.23,1
C2134322170,1,312955.14,1
C2016423927,1,312955.14,1
C2064377910,1,312151.06,1
C1815382629,1,312151.06,1
C65054182,1,311832.17,1
C269908889,1,311832.17,1
C1728700338,1,311487.14,1
C171655471,1,311487.14,1
C1795452410,1,311234.46,1
C1635920550,1,311234.46,1
C555674757,1,310873.76,1
C1571315901,1,310873.76,1
C1591378177,1,310726.29,1
C1125292418,1,310726.29,1
C287179256,1,310712.71,1
C1052841054,1,310712.71,1
C587256083,1,309958.79,1
C1943739339,1,309958.79,1
C296795076,1,309488.9,1
C2064051443,1,309488.9,1
C906689307,1,309254.05,1
C1323797959,1,309254.05,1
C934745802,1,309061.5,1
C1528703111,1,309061.5,1
C1694608932,1,308778.37,1
C1035275557,1,308778.37,1
C281912643,1,307739.18,1
C1066119351,1,307739.18,1
C1857166284,1,307455.42,1
C103081762,1,307455.42,1
C1665711617,1,306833.41,1
C1531491177,1,306833.41,1
C1742581388,1,306691.05,1
C1064966733,1,306691.05,1
C78926936,1,306675.37,1
C557227834,1,306675.37,1
C1263270388,1,306505.03,1
C1205102139,1,306505.03,1
C208491415,1,306419.73,1
C1806758197,1,306419.73,1
C1519807189,1,306213.63,1
C1331582731,1,306213.63,1
C240039250,1,305846.12,1
C1966738869,1,305846.12,1
C337026029,1,305817.12,1
C1107960128,1,305817.12,1
C230128781,1,305710.24,1
C1833008968,1,305710.24,1
C1711670940,1,305627.0,1
C1600031018,1,305627.0,1
C1505496365,1,305183.84,1
C1457867360,1,305183.84,1
C1435733286,1,304472.46,1
C1232941779,1,304472.46,1
C378617827,1,304085.48,1
C1476565151,1,304085.48,1
C959102961,1,303846.74,1
C1148860488,1,303846.74,1
C255761581,1,303432.45,1
C13476489,1,303432.45,1
C648990331,1,302227.56,1
C1814350435,1,302227.56,1
C1960915719,1,301579.42,1
C1802836404,1,301579.42,1
C2089040405,1,301193.32,1
C2042509361,1,301193.32,1
C529456580,1,299298.5,1
C1854457875,1,299298.5,1
C744892229,1,299172.82,1
C1770563900,1,299172.82,1
C1641749166,1,299016.86,1
C1499900306,1,299016.86,1
C87645050,1,298754.96,1
C2016166822,1,298754.96,1
C787438846,1,298384.21,1
C1678582584,1,298384.21,1
C331578052,1,298365.86,1
C1916355655,1,298365.86,1
C776297547,1,297846.16,1
C384242072,1,297846.16,1
C777990468,1,297465.74,1
C2134600514,1,297465.74,1
C211401092,1,296977.69,1
C1809361448,1,296977.69,1
C136928681,1,296940.32,1
C1122268687,1,296940.32,1
C724206684,1,296699.39,1
C1746633930,1,296699.39,1
C1660861590,1,296349.8,1
C1518895613,1,296349.8,1
C1938399138,1,296333.54,1
C1473328942,1,296333.54,1
C933352682,1,296212.67,1
C1654886923,1,296212.67,1
C792080112,1,296186.51,1
C306373969,1,296186.51,1
C801116845,1,296156.97,1
C1706729494,1,296156.97,1
C1726326177,1,295664.18,1
C1446413189,1,295664.18,1
C668078462,1,295205.08,1
C1005007866,1,295205.08,1
C1950985216,1,295054.68,1
C1250562537,1,295054.68,1
C1641162834,1,294989.71,1
C1095002086,1,294989.71,1
C693010447,1,293470.64,1
C1051179941,1,293470.64,1
C4952914,1,292815.44,1
C1412325787,1,292815.44,1
C342207020,1,291527.75,1
C1188824015,1,291527.75,1
C485214392,1,291519.84,1
C71665357,1,291305.98,1
C1962370851,1,291305.98,1
C189611887,1,291264.2,1
C163614138,1,291264.2,1
C1637432706,1,290491.12,1
C1428518412,1,290491.12,1
C276602564,1,290211.26,1
C1644604977,1,290211.26,1
C1884412313,1,290198.92,1
C1130239772,1,290198.92,1
C2076884011,1,290090.57,1
C1056695718,1,290090.57,1
C46387531,1,289177.34,1
C1784743677,1,289177.34,1
C747807405,1,288263.38,1
C684914427,1,288263.38,1
C842156378,1,288148.22,1
C1539629881,1,288148.22,1
C44622712,1,288032.02,1
C1287690661,1,288032.02,1
C1664641098,1,287720.41,1
C1152041857,1,287720.41,1
C601193350,1,287040.14,1
C363126293,1,287040.14,1
C2076387037,1,286835.21,1
C1993331914,1,286835.21,1
C1848884000,1,286769.07,1
C1444107396,1,286769.07,1
C468670582,1,286670.9,1
C2005707747,1,286670.9,1
C822440427,1,286306.33,1
C1512944654,1,286306.33,1
C2026773227,1,285382.07,1
C1799496993,1,285382.07,1
C819453413,1,285376.6,1
C1221197048,1,285376.6,1
C1340063228,1,285294.11,1
C1241779064,1,285294.11,1
C1797578392,1,284000.25,1
C1668487774,1,284000.25,1
C2004415604,1,283976.3,1
C1853423819,1,283976.3,1
C712071117,1,283429.1,1
C1379628544,1,283429.1,1
C828404341,1,283415.1,1
C1663497956,1,283415.1,1
C2116041382,1,283400.42,1
C1745208932,1,283400.42,1
C817947790,1,283121.68,1
C1974514643,1,283121.68,1
C937056998,1,282500.69,1
C750260053,1,282500.69,1
C847682979,1,282332.91,1
C830157856,1,282332.91,1
C922219750,1,282272.93,1
C837464075,1,282272.93,1
C1799860706,1,282018.0,1
C1419296243,1,282018.0,1
C47524114,1,281743.12,1
C2139323336,1,281743.12,1
C608125181,1,281439.26,1
C2046985152,1,281439.26,1
C745740843,1,281087.01,1
C1178698517,1,281087.01,1
C1744244738,1,281023.82,1
C1500797086,1,281023.82,1
C1854432307,1,280258.44,1
C1438677474,1,280258.44,1
C616239672,1,279826.54,1
C1042499011,1,279826.54,1
C573479496,1,279776.54,1
C1870117792,1,279776.54,1
C2057236817,1,279728.8,1
C1078571218,1,279728.8,1
C191042832,1,278619.91,1
C117810868,1,278619.91,1
C47565118,1,278577.6,1
C270286609,1,278577.6,1
C489647033,1,277970.88,1
C2028451849,1,277611.08,1
C1304518547,1,277611.08,1
C2144116571,1,277582.53,1
C1512896686,1,277582.53,1
C1606328682,1,277485.25,1
C1505030258,1,277485.25,1
C190615987,1,277048.48,1
C1001765380,1,277048.48,1
C238489119,1,276298.49,1
C2044117692,1,276298.49,1
C921347828,1,276253.24,1
C1540529421,1,276253.24,1
C2133722439,1,276042.59,1
C1933312509,1,276042.59,1
C229722378,1,275082.0,1
C10602288,1,275082.0,1
C1459244245,1,274799.58,1
C1263652542,1,274799.58,1
C589532361,1,274125.77,1
C1814867638,1,274125.77,1
C212390173,1,273821.76,1
C121294173,1,273821.76,1
C1899026016,1,273746.13,1
C1085303819,1,273746.13,1
C991455479,1,273408.94,1
C243815922,1,273408.94,1
C1617762204,1,272997.35,1
C1063225525,1,272997.35,1
C476640492,1,272791.44,1
C1671353324,1,272791.44,1
C1054530162,1,272776.59,1
C1010536295,1,272776.59,1
C1588399421,1,272716.64,1
C1539029017,1,272716.64,1
C2141717111,1,272637.22,1
C1856352651,1,272637.22,1
C961503749,1,272187.2,1
C1661574690,1,272187.2,1
C71055143,1,271908.4,1
C1340312777,1,271908.4,1
C659199413,1,271731.05,1
C48017106,1,271731.05,1
C681064264,1,271229.8,1
C1621078729,1,271229.8,1
C213083209,1,271150.29,1
C1431720928,1,271150.29,1
C280460099,1,269722.42,1
C1709776685,1,269722.42,1
C1709469664,1,269692.53,1
C165949141,1,269692.53,1
C1904367873,1,269545.63,1
C1309775985,1,269545.63,1
C2019808660,1,269476.09,1
C1998191223,1,269476.09,1
C1859628307,1,269187.87,1
C185770751,1,269187.87,1
C213790449,1,268762.37,1
C2005257689,1,268762.37,1
C775733773,1,268641.82,1
C2038670336,1,268641.82,1
C316319818,1,268366.47,1
C1593902970,1,268366.47,1
C810552146,1,268230.43,1
C163362068,1,268230.43,1
C787135844,1,267564.83,1
C609937899,1,267564.83,1
C2060513697,1,266836.35,1
C1419831454,1,266836.35,1
C862440440,1,266766.78,1
C2105673103,1,266766.78,1
C1640647431,1,266746.42,1
C1311443000,1,266746.42,1
C1746999041,1,266546.68,1
C1561774472,1,266546.68,1
C1473906713,1,266351.6,1
C1353043821,1,266351.6,1
C905502978,1,265961.0,1
C1978041486,1,265961.0,1
C622612270,1,265836.1,1
C1682150994,1,265836.1,1
C2046465313,1,265747.73,1
C1027432342,1,265747.73,1
C871433982,1,265680.73,1
C74206025,1,265680.73,1
C1912538788,1,264949.69,1
C1571743599,1,264949.69,1
C198831985,1,264286.19,1
C1648091455,1,264286.19,1
C826118779,1,264058.41,1
C519152863,1,264058.41,1
C850961884,1,263401.81,1
C806437930,1,263401.81,1
C1968069428,1,262960.23,1
C1013385845,1,262960.23,1
C678590002,1,262678.53,1
C1216671275,1,262678.53,1
C383717053,1,262434.54,1
C2101686389,1,262434.54,1
C785242501,1,261874.86,1
C660614375,1,261874.86,1
C913474262,1,261742.96,1
C1019233817,1,261742.96,1
C829550304,1,261331.82,1
C1036650085,1,261331.82,1
C2004565977,1,260408.9,1
C1963047520,1,260408.9,1
C722639909,1,259820.39,1
C160893459,1,259820.39,1
C959540138,1,259186.43,1
C1374344025,1,259186.43,1
C1860471678,1,259103.16,1
C1848705400,1,259103.16,1
C205274654,1,258570.41,1
C1873532764,1,258570.41,1
C1226129332,1,258355.42,1
C1113162093,1,258355.42,1
C866838575,1,258103.59,1
C2058115852,1,258103.59,1
C387427558,1,257988.47,1
C1245702576,1,257988.47,1
C569133281,1,257811.92,1
C1968269776,1,257811.92,1
C735929753,1,257643.59,1
C309297026,1,257643.59,1
C962450896,1,256705.68,1
C310145134,1,256705.68,1
C2126395117,1,256556.98,1
C1479418663,1,256556.98,1
C383197535,1,256417.06,1
C1441986673,1,256417.06,1
C492047979,1,255557.12,1
C2122166618,1,255557.12,1
C1873655308,1,255286.59,1
C1033789899,1,255286.59,1
C891040808,1,255028.93,1
C1965921392,1,255028.93,1
C45849369,1,254947.37,1
C1850623085,1,254947.37,1
C1733889808,1,254773.22,1
C127960549,1,254773.22,1
C1828919793,1,254719.63,1
C1634365603,1,254719.63,1
C952265131,1,254564.81,1
C1458012832,1,254564.81,1
C1619730527,1,254528.76,1
C1413607654,1,254528.76,1
C339904211,1,254440.83,1
C1310756162,1,254440.83,1
C930019406,1,254167.15,1
C514076656,1,254167.15,1
C1375615484,1,253793.28,1
C1168663550,1,253793.28,1
C1723448657,1,253672.83,1
C1443107751,1,253672.83,1
C1465089227,1,253648.68,1
C1000036340,1,253648.68,1
C918476031,1,253498.36,1
C1225846669,1,253498.36,1
C1705481252,1,253261.96,1
C157115581,1,253261.96,1
C293823168,1,253261.36,1
C1059771191,1,253261.36,1
C1817806739,1,252667.75,1
C1221985222,1,252667.75,1
C230861644,1,252417.45,1
C1220229602,1,252417.45,1
C636129537,1,252189.32,1
C1835922143,1,252189.32,1
C370765252,1,251832.96,1
C1019966301,1,251832.96,1
C1957817562,1,251683.05,1
C1112029444,1,251683.05,1
C879463132,1,251621.18,1
C1370708725,1,251621.18,1
C624684299,1,251199.91,1
C482850122,1,251199.91,1
C995170133,1,251140.96,1
C1404051898,1,251140.96,1
C937391405,1,251118.04,1
C1837848776,1,251118.04,1
C788474412,1,250223.24,1
C598087095,1,250223.24,1
C220059815,1,249984.75,1
C1735200144,1,249984.75,1
C712828337,1,249791.3,1
C2018224474,1,249791.3,1
C2136238029,1,249749.05,1
C1809515003,1,249749.05,1
C372564056,1,249365.63,1
C1261928380,1,249365.63,1
C862942009,1,249159.26,1
C1962232117,1,249159.26,1
C682034633,1,249017.98,1
C1688050315,1,249017.98,1
C732436109,1,248962.83,1
C1321333910,1,248962.83,1
C853284926,1,248799.49,1
C315569976,1,248799.49,1
C2096636104,1,248409.56,1
C1492323121,1,248409.56,1
C120655142,1,248242.32,1
C1026095459,1,248242.32,1
C551643409,1,248123.95,1
C1876256795,1,248123.95,1
C1968752639,1,248071.56,1
C1429503291,1,248071.56,1
C1474711983,1,248056.41,1
C1055229266,1,248056.41,1
C1778045793,1,248043.99,1
C1328801948,1,248043.99,1
C1202798946,1,247877.03,1
C1045305148,1,247877.03,1
C832863308,1,247455.25,1
C2126511572,1,247455.25,1
C1588962215,1,246938.77,1
C1249676524,1,246938.77,1
C498213361,1,246402.71,1
C1927784651,1,246402.71,1
C278640000,1,246280.14,1
C1198680659,1,246280.14,1
C2080432617,1,246250.77,1
C187250365,1,246250.77,1
C1191013532,1,245991.5,1
C1152264725,1,245991.5,1
C174478461,1,245970.86,1
C1529702229,1,245970.86,1
C468833365,1,245694.84,1
C1615152184,1,245694.84,1
C1830554141,1,245155.25,1
C1770262477,1,245155.25,1
C568285041,1,245106.78,1
C1403929359,1,245106.78,1
C696147355,1,244814.12,1
C2138181348,1,244814.12,1
C189647886,1,244519.75,1
C1741605624,1,244519.75,1
C2020773415,1,244312.69,1
C1640049585,1,244312.69,1
C687559493,1,244153.94,1
C1613024092,1,244153.94,1
C507466068,1,244068.01,1
C1087133093,1,244068.01,1
C962574299,1,243747.83,1
C1536431986,1,243747.83,1
C97010398,1,243459.96,1
C1148037845,1,243459.96,1
C549929382,1,243348.28,1
C1264482324,1,243348.28,1
C877614645,1,243118.94,1
C1343535445,1,243118.94,1
C1664257559,1,243028.65,1
C1427360526,1,243028.65,1
C523279178,1,242896.12,1
C494221581,1,242896.12,1
C874866527,1,242678.33,1
C688368548,1,242678.33,1
C657317205,1,242296.17,1
C535302480,1,242296.17,1
C954871123,1,242179.39,1
C1430228862,1,242179.39,1
C1999586448,1,241337.83,1
C1512619992,1,241337.83,1
C521538595,1,240899.12,1
C39176629,1,240899.12,1
C863413785,1,240746.27,1
C1377043932,1,240746.27,1
C412010733,1,240580.4,1
C338881900,1,240580.4,1
C1605606339,1,240427.17,1
C1541669030,1,240427.17,1
C663158205,1,239646.72,1
C1977304181,1,239646.72,1
C759888632,1,239556.06,1
C45982560,1,239556.06,1
C729877384,1,239473.85,1
C1878410871,1,239473.85,1
C1938630563,1,239095.53,1
C1399296547,1,239095.53,1
C492613437,1,238717.5,1
C1658110693,1,238717.5,1
C421063586,1,237943.62,1
C2097433911,1,237943.62,1
C598482992,1,237776.02,1
C1229699193,1,237776.02,1
C84594080,1,237642.64,1
C467245091,1,237642.64,1
C2098656408,1,237567.35,1
C1940127707,1,237567.35,1
C474899128,1,236947.25,1
C1273047168,1,236947.25,1
C568168780,1,236914.77,1
C1406154490,1,236914.77,1
C907729353,1,236388.4,1
C740797300,1,236388.4,1
C848033794,1,235763.38,1
C38292810,1,235763.38,1
C587951461,1,235750.53,1
C1212143381,1,235750.53,1
C480136801,1,235512.2,1
C1956707614,1,235512.2,1
C936646245,1,235458.67,1
C187429960,1,235458.67,1
C1872047468,1,235238.66,1
C1499825229,1,235238.66,1
C755720806,1,235075.62,1
C535424820,1,235075.62,1
C713785224,1,234853.95,1
C1944993034,1,234853.95,1
C1526831204,1,234787.38,1
C1169480265,1,234787.38,1
C614130152,1,234723.4,1
C1422611591,1,234723.4,1
C954355337,1,234673.76,1
C1848030432,1,234673.76,1
C1737133410,1,234377.29,1
C349513899,1,233699.25,1
C1080613423,1,233699.25,1
C605492867,1,232565.37,1
C1429695579,1,232565.37,1
C263849171,1,232315.43,1
C1937012052,1,232315.43,1
C537992221,1,232185.56,1
C1693098811,1,232185.56,1
C202278158,1,231978.48,1
C1281479981,1,231978.48,1
C2098770464,1,231161.48,1
C1416902922,1,231161.48,1
C549647828,1,230806.85,1
C1891374197,1,230806.85,1
C821616305,1,230652.43,1
C1117030253,1,230652.43,1
C981450305,1,230204.96,1
C1587006115,1,230204.96,1
C260366436,1,229909.57,1
C98844007,1,228803.98,1
C541685621,1,228803.98,1
C896934166,1,228751.77,1
C1886391505,1,228751.77,1
C976368712,1,228706.19,1
C1931126401,1,228706.19,1
C78608080,1,228416.57,1
C583786481,1,228416.57,1
C121156353,1,227994.78,1
C1205421023,1,227994.78,1
C32167725,1,227955.85,1
C1180847965,1,227955.85,1
C874397913,1,227668.22,1
C838079737,1,227668.22,1
C2064336595,1,227624.3,1
C2002908001,1,227624.3,1
C523315738,1,227349.18,1
C1852618568,1,227349.18,1
C472872329,1,227304.91,1
C1775139869,1,227304.91,1
C1458716480,1,227231.78,1
C1362477685,1,227231.78,1
C1689100758,1,226804.13,1
C1004336210,1,226804.13,1
C98982423,1,226689.16,1
C1210027591,1,226689.16,1
C1750520522,1,226402.77,1
C1176671535,1,226402.77,1
C42674436,1,225923.37,1
C1439734437,1,225923.37,1
C478694396,1,225850.53,1
C362274629,1,225850.53,1
C1592823554,1,225361.44,1
C1512289615,1,225361.44,1
C2146300085,1,225324.05,1
C1109518048,1,225324.05,1
C500485629,1,225301.45,1
C1591403785,1,225301.45,1
C877672852,1,224913.14,1
C1498577424,1,224913.14,1
C412407665,1,224661.54,1
C1480465445,1,224661.54,1
C2046482724,1,224570.45,1
C1401604030,1,224570.45,1
C1246119241,1,224378.1,1
C1234321469,1,224378.1,1
C1765991027,1,224230.16,1
C1055929140,1,224230.16,1
C734008057,1,223730.4,1
C2056953445,1,223730.4,1
C600776492,1,223228.11,1
C204083284,1,223228.11,1
C1332040146,1,222735.34,1
C1044355469,1,222735.34,1
C711809884,1,222694.08,1
C1931470495,1,222694.08,1
C1817714534,1,222517.07,1
C131696791,1,222517.07,1
C1789325014,1,222213.27,1
C1034326935,1,222213.27,1
C988834023,1,222097.11,1
C1167153094,1,222097.11,1
C265790428,1,222048.71,1
C238307313,1,221936.6,1
C1587954748,1,221936.6,1
C687647842,1,221511.12,1
C406659405,1,221511.12,1
C75762686,1,221167.84,1
C1378313671,1,221167.84,1
C348872847,1,221107.56,1
C1387397359,1,221107.56,1
C2136556787,1,221077.97,1
C1895360219,1,221077.97,1
C2054799485,1,219934.26,1
C1104155037,1,219934.26,1
C1817254692,1,219489.62,1
C1029645120,1,219489.62,1
C1623202308,1,219407.52,1
C1586194508,1,219407.52,1
C60906417,1,219300.76,1
C1410654808,1,219300.76,1
C1874877556,1,219278.81,1
C1107477281,1,219278.81,1
C868020518,1,219275.19,1
C1950153528,1,219275.19,1
C680549889,1,219178.49,1
C1200170938,1,219178.49,1
C662565017,1,219110.27,1
C1084642853,1,219110.27,1
C1965622293,1,218350.42,1
C1823869539,1,218350.42,1
C90566607,1,218074.57,1
C1211163896,1,218074.57,1
C2100813963,1,217666.25,1
C1488044664,1,217666.25,1
C1983049564,1,217506.28,1
C1899106071,1,217506.28,1
C543137338,1,217357.58,1
C1194128731,1,217357.58,1
C1481880227,1,217255.97,1
C1291131466,1,217255.97,1
C1847744332,1,217231.0,1
C1527375688,1,217231.0,1
C1922686366,1,216534.86,1
C152821682,1,216534.86,1
C666642000,1,216422.0,1
C1547714604,1,216422.0,1
C1463568092,1,216351.05,1
C113536213,1,216351.05,1
C1863683348,1,216179.15,1
C1482534686,1,216179.15,1
C666284351,1,216000.95,1
C1048484553,1,216000.95,1
C2040450460,1,215299.28,1
C1776720234,1,215299.28,1
C802509612,1,215013.3,1
C29153340,1,215013.3,1
C6796051,1,214975.9,1
C304547800,1,214975.9,1
C852832309,1,214793.32,1
C2140495649,1,214793.32,1
C219928629,1,214760.72,1
C1925284457,1,214760.72,1
C578474227,1,213983.59,1
C286239409,1,213983.59,1
C848070944,1,213463.32,1
C1263272342,1,213463.32,1
C1972055697,1,212975.59,1
C1926292993,1,212975.59,1
C1863248518,1,212613.29,1
C1424554187,1,212613.29,1
C362748742,1,212130.67,1
C1465621958,1,212130.67,1
C378910639,1,212089.74,1
C1970843703,1,212089.74,1
C213896152,1,212028.15,1
C1792802617,1,212028.15,1
C628388986,1,211721.9,1
C1835704513,1,211721.9,1
C369868816,1,211628.75,1
C1710697792,1,211628.75,1
C783357937,1,211186.03,1
C1782191241,1,211186.03,1
C710869590,1,210952.24,1
C1444150891,1,210952.24,1
C836135331,1,210691.92,1
C200762864,1,210691.92,1
C298176113,1,210525.95,1
C1023831762,1,210525.95,1
C982640738,1,209829.57,1
C955753523,1,209829.57,1
C447114205,1,209340.53,1
C1192577940,1,209340.53,1
C2032939648,1,208868.36,1
C1027606228,1,208868.36,1
C981156733,1,208630.6,1
C2049716965,1,208630.6,1
C975798201,1,208253.11,1
C264677298,1,208253.11,1
C823071811,1,207801.38,1
C654688690,1,207801.38,1
C396374568,1,207517.2,1
C1366548953,1,207517.2,1
C1856398520,1,207261.07,1
C1013419575,1,207261.07,1
C1850635238,1,207241.52,1
C1121745558,1,207241.52,1
C694763247,1,207021.45,1
C376689274,1,207021.45,1
C1357050524,1,206985.26,1
C1041263133,1,206985.26,1
C1059269221,1,205170.29,1
C1048601853,1,205170.29,1
C1673136628,1,205163.3,1
C1336772160,1,205163.3,1
C758551247,1,205129.12,1
C1107458985,1,205129.12,1
C763158589,1,204951.37,1
C1892844368,1,204951.37,1
C1378620368,1,204778.86,1
C124602239,1,204778.86,1
C357911107,1,204721.27,1
C1892500400,1,204721.27,1
C399361899,1,204675.48,1
C307731888,1,204675.48,1
C1353907463,1,204030.2,1
C1112249638,1,204030.2,1
C394205756,1,203881.96,1
C1224520946,1,203881.96,1
C926108639,1,203874.62,1
C2016803098,1,203874.62,1
C972076010,1,203848.61,1
C819849169,1,203848.61,1
C1590627375,1,203280.85,1
C1031966846,1,203280.85,1
C860758125,1,203119.08,1
C1294508143,1,203119.08,1
C1932446672,1,202978.65,1
C432604452,1,202968.27,1
C1447646431,1,202968.27,1
C738020926,1,202952.03,1
C1256769742,1,202952.03,1
C155466948,1,202887.77,1
C1064820575,1,202887.77,1
C265913219,1,202263.03,1
C1189212996,1,202263.03,1
C768827256,1,201988.55,1
C1124488417,1,201988.55,1
C1924280884,1,201511.93,1
C1046364344,1,201511.93,1
C91830551,1,201281.36,1
C1271087457,1,201281.36,1
C1655225752,1,201247.25,1
C1380307239,1,201247.25,1
C1392628098,1,200482.72,1
C1284823320,1,200482.72,1
C1991181153,1,200419.12,1
C197020106,1,200419.12,1
C1730154967,1,200418.1,1
C1423336678,1,200418.1,1
C136863855,1,200008.33,1
C1319949415,1,200008.33,1
C1980512356,1,199940.02,1
C1503324262,1,199940.02,1
C652728063,1,199878.85,1
C1574654843,1,199878.85,1
C37736433,1,199870.29,1
C1433739978,1,199870.29,1
C1842995301,1,199414.45,1
C1712549867,1,199414.45,1
C1673158726,1,198888.16,1
C1580456535,1,198888.16,1
C799430524,1,198383.8,1
C604057194,1,198383.8,1
C2141973134,1,198043.93,1
C1582832873,1,198043.93,1
C1439806480,1,197943.1,1
C1143038776,1,197943.1,1
C1538536157,1,197226.65,1
C1388614734,1,197226.65,1
C1808233473,1,196561.69,1
C1238222970,1,196561.69,1
C959692250,1,196385.55,1
C249207419,1,196385.55,1
C828932813,1,196254.03,1
C2032582234,1,196254.03,1
C631032087,1,196149.04,1
C1282559075,1,196149.04,1
C856130608,1,195708.55,1
C556303887,1,195708.55,1
C653654841,1,195562.98,1
C2030633531,1,195562.98,1
C268542581,1,195351.76,1
C1420261366,1,195351.76,1
C483764611,1,194876.96,1
C1352461400,1,194876.96,1
C1696012302,1,194521.28,1
C1558118886,1,194521.28,1
C953989507,1,194180.11,1
C532265406,1,194180.11,1
C179138153,1,193706.98,1
C1216488552,1,193706.98,1
C682644115,1,193663.9,1
C1668034974,1,193663.9,1
C202052762,1,193545.61,1
C1430180670,1,193545.61,1
C2040900392,1,192815.77,1
C1577306168,1,192815.77,1
C267452646,1,192765.49,1
C1429774414,1,192765.49,1
C80491623,1,191834.14,1
C728560783,1,191834.14,1
C395023156,1,191427.4,1
C353769887,1,191427.4,1
C669797835,1,190815.79,1
C1501869620,1,190815.79,1
C367922797,1,190737.49,1
C1964503568,1,190737.49,1
C1867694951,1,190662.7,1
C1569153511,1,190662.7,1
C729254604,1,190590.65,1
C1359352679,1,190590.65,1
C884840595,1,190215.18,1
C1544182108,1,190215.18,1
C369775274,1,190100.29,1
C2010561147,1,190100.29,1
C796435829,1,188854.39,1
C713573924,1,188854.39,1
C1958670415,1,188844.13,1
C106930724,1,188844.13,1
C1456949196,1,188731.21,1
C1388119731,1,188731.21,1
C1344277836,1,188658.45,1
C1117531125,1,188658.45,1
C1887373253,1,188473.09,1
C1018733794,1,188473.09,1
C715880605,1,188441.76,1
C194292949,1,188441.76,1
C670393440,1,188249.17,1
C2026720299,1,188249.17,1
C2098633557,1,188097.08,1
C1984333377,1,188097.08,1
C901042408,1,187761.76,1
C213567087,1,187761.76,1
C1978188091,1,187128.57,1
C1552716986,1,187128.57,1
C245911074,1,186567.41,1
C1875051976,1,186567.41,1
C1792771606,1,186375.38,1
C1299679751,1,186375.38,1
C185289348,1,186227.75,1
C1206714746,1,186227.75,1
C1721806534,1,185529.91,1
C1426277806,1,185529.91,1
C841867558,1,185510.21,1
C818165739,1,185510.21,1
C585645639,1,185488.23,1
C1153115525,1,185488.23,1
C414975710,1,185391.82,1
C1750444391,1,185391.82,1
C935134354,1,185238.61,1
C2117660675,1,185238.61,1
C1507841762,1,184588.59,1
C1216438383,1,184588.59,1
C31093598,1,183385.35,1
C2116720360,1,183385.35,1
C1833004950,1,183306.21,1
C1642000949,1,183306.21,1
C39636899,1,182927.08,1
C273035023,1,182927.08,1
C1691189343,1,182739.36,1
C1687063682,1,182739.36,1
C206181066,1,182666.85,1
C1740697509,1,182666.85,1
C2102265902,1,181728.11,1
C54761777,1,181647.66,1
C456239358,1,181647.66,1
C883385681,1,181588.3,1
C145691981,1,181588.3,1
C828287936,1,181545.14,1
C1305964333,1,181545.14,1
C879600285,1,181543.89,1
C1075053079,1,181543.89,1
C610113599,1,181224.98,1
C1087737188,1,181224.98,1
C2060560456,1,181104.66,1
C1368229796,1,181104.66,1
C1482673200,1,180967.56,1
C1196784232,1,180967.56,1
C507471240,1,180110.22,1
C2019788000,1,180110.22,1
C1670239272,1,179997.78,1
C1298652940,1,179997.78,1
C916884733,1,179725.06,1
C1927794445,1,179725.06,1
C307539719,1,179700.14,1
C1270751664,1,179700.14,1
C1845243200,1,179648.89,1
C1502819144,1,179648.89,1
C1705629934,1,179321.12,1
C1132083905,1,179321.12,1
C468251407,1,178616.12,1
C1841711424,1,178616.12,1
C395825139,1,178569.48,1
C282621115,1,178569.48,1
C47077712,1,178503.45,1
C1542642988,1,178503.45,1
C1516888196,1,178344.25,1
C1280852753,1,178344.25,1
C455134566,1,178180.03,1
C1660149357,1,178180.03,1
C2071075791,1,177925.98,1
C1173355296,1,177925.98,1
C741693784,1,177680.54,1
C485323920,1,177680.54,1
C607706509,1,177429.18,1
C1351652548,1,177429.18,1
C950814543,1,177344.53,1
C406935284,1,177344.53,1
C605707294,1,177217.55,1
C1034306839,1,177217.55,1
C1805892433,1,177137.79,1
C1539613036,1,177137.79,1
C892131822,1,177022.52,1
C255226263,1,177022.52,1
C699355424,1,176776.55,1
C1282030759,1,176776.55,1
C1854024553,1,176700.12,1
C167000923,1,176700.12,1
C2077002700,1,176626.77,1
C1445328479,1,176626.77,1
C591532921,1,176549.59,1
C1566996689,1,176549.59,1
C386692409,1,176273.29,1
C14325153,1,176273.29,1
C1589553907,1,176059.16,1
C1203474575,1,176059.16,1
C1761527843,1,176007.37,1
C1086380273,1,176007.37,1
C729569848,1,175972.28,1
C353964501,1,175972.28,1
C851065850,1,175597.64,1
C581522793,1,175597.64,1
C215072412,1,175328.85,1
C1805399811,1,175328.85,1
C1863782967,1,175313.96,1
C1532820276,1,175313.96,1
C651261892,1,175290.91,1
C1912599931,1,175290.91,1
C979923889,1,175267.61,1
C242919633,1,175267.61,1
C905679615,1,175203.45,1
C1731825076,1,175203.45,1
C2041556759,1,174923.28,1
C1061805919,1,174923.28,1
C698568387,1,174725.11,1
C1679215077,1,174725.11,1
C279104930,1,174683.34,1
C1207384939,1,174683.34,1
C482336380,1,174566.53,1
C1993094343,1,174566.53,1
C1392000851,1,174324.94,1
C1186321372,1,174324.94,1
C812613458,1,174296.71,1
C1712613012,1,174296.71,1
C1305053025,1,174107.36,1
C1167176851,1,174107.36,1
C517594835,1,173782.59,1
C2085532500,1,173782.59,1
C328431178,1,173668.46,1
C1332434443,1,173668.46,1
C563001075,1,173309.11,1
C1060408548,1,173309.11,1
C2066174694,1,173020.24,1
C202768349,1,173020.24,1
C962323728,1,172915.56,1
C809421762,1,172915.56,1
C1961658311,1,172510.95,1
C1433873566,1,172510.95,1
C2086071347,1,172362.84,1
C167183222,1,172362.84,1
C547948167,1,172344.3,1
C246205789,1,172344.3,1
C625073662,1,171935.25,1
C1235622131,1,171935.25,1
C49917246,1,171880.67,1
C19486690,1,171880.67,1
C1614403626,1,171878.27,1
C1056720143,1,171878.27,1
C432562518,1,171788.82,1
C392119936,1,171788.82,1
C582884877,1,171651.7,1
C1811092030,1,171651.7,1
C859067773,1,171623.1,1
C1057975418,1,171623.1,1
C2025735380,1,171572.06,1
C1854902187,1,171572.06,1
C970953721,1,171456.83,1
C1871574805,1,171456.83,1
C522387015,1,171337.99,1
C239155420,1,171337.99,1
C949614890,1,171200.54,1
C1500602777,1,171200.54,1
C1201464537,1,170486.7,1
C1182303507,1,170486.7,1
C948610987,1,170038.31,1
C498550702,1,170038.31,1
C540962910,1,169941.73,1
C2026325575,1,169941.73,1
C294300042,1,168622.3,1
C1044222858,1,168622.3,1
C1968388309,1,168455.76,1
C1163700291,1,168455.76,1
C1470072286,1,168303.36,1
C1085553126,1,168303.36,1
C1780909298,1,168033.36,1
C1095293428,1,168033.36,1
C994847262,1,167963.64,1
C471032203,1,167963.64,1
C964428747,1,167907.12,1
C723141426,1,167907.12,1
C964445001,1,167806.93,1
C1165837899,1,167806.93,1
C579573451,1,167743.93,1
C1955616732,1,167743.93,1
C710580864,1,167715.53,1
C5594712,1,167715.53,1
C2032147559,1,167679.27,1
C108588868,1,167679.27,1
C696026207,1,167606.49,1
C1631161002,1,167606.49,1
C1823914087,1,167067.78,1
C1636013570,1,167067.78,1
C1057075880,1,167060.63,1
C1045758970,1,167060.63,1
C1729423257,1,166972.46,1
C1290569824,1,166972.46,1
C2093347986,1,166891.51,1
C1080371544,1,166891.51,1
C692202599,1,166880.54,1
C1410981762,1,166880.54,1
C960694906,1,166456.54,1
C2019110541,1,166456.54,1
C1713328586,1,166323.01,1
C1095268826,1,166323.01,1
C656954866,1,166271.16,1
C1392757965,1,166271.16,1
C692577910,1,165925.37,1
C1647539449,1,165925.37,1
C1559989964,1,165547.54,1
C1102869992,1,165547.54,1
C914833925,1,165368.59,1
C158707184,1,165368.59,1
C85662089,1,164519.7,1
C1482849004,1,164519.7,1
C776645949,1,164502.06,1
C1521362379,1,164502.06,1
C1761347420,1,164500.81,1
C1689700172,1,164500.81,1
C1859886092,1,164382.72,1
C121591434,1,164382.72,1
C337181561,1,164296.85,1
C1886638002,1,164296.85,1
C803411135,1,164213.17,1
C236258946,1,164213.17,1
C1364188509,1,163852.19,1
C1298700512,1,163852.19,1
C666992826,1,163490.28,1
C630486346,1,163490.28,1
C306323012,1,163353.64,1
C1415552520,1,163353.64,1
C1921431894,1,163294.35,1
C1008040846,1,163294.35,1
C1722305169,1,162756.9,1
C1466532646,1,162756.9,1
C1557504343,1,162326.52,1
C1532317723,1,162326.52,1
C2111179588,1,162192.78,1
C1133500128,1,162192.78,1
C263177591,1,161939.36,1
C1993475473,1,161939.36,1
C968443194,1,161859.16,1
C1806063410,1,161859.16,1
C2086074232,1,161804.68,1
C1155447996,1,161804.68,1
C1916979174,1,161536.55,1
C1715615477,1,161536.55,1
C990246517,1,161272.92,1
C1122962082,1,161272.92,1
C856811510,1,161147.38,1
C215087680,1,161147.38,1
C2000710297,1,161024.8,1
C1736430131,1,161024.8,1
C1412560680,1,161016.65,1
C1403093345,1,161016.65,1
C1227029335,1,160351.22,1
C1074244611,1,160351.22,1
C665302161,1,160296.55,1
C1890719438,1,160296.55,1
C946605831,1,160186.79,1
C2096987876,1,160186.79,1
C590262415,1,160088.68,1
C489042260,1,160088.68,1
C525368307,1,159724.42,1
C1923821015,1,159724.42,1
C822900325,1,159232.01,1
C254697935,1,159232.01,1
C1424958936,1,159106.12,1
C136426142,1,159106.12,1
C484122604,1,159094.64,1
C1918934955,1,159094.64,1
C1711046896,1,158879.1,1
C1226871955,1,158879.1,1
C1342183875,1,158788.32,1
C1323122307,1,158788.32,1
C1694745551,1,158489.29,1
C1003023037,1,158489.29,1
C278180302,1,158299.34,1
C179332971,1,158299.34,1
C878032690,1,158279.4,1
C2088071095,1,158279.4,1
C377182011,1,158245.65,1
C1147249534,1,158245.65,1
C2064752360,1,158214.43,1
C1151204098,1,158214.43,1
C927253405,1,158000.29,1
C543731101,1,158000.29,1
C599834938,1,157705.36,1
C598184926,1,157705.36,1
C787232450,1,157628.35,1
C418787765,1,157628.35,1
C207792334,1,157610.11,1
C1227085633,1,157610.11,1
C961780738,1,157494.6,1
C1123186349,1,157494.6,1
C893034321,1,157353.39,1
C832741739,1,157353.39,1
C754606465,1,157277.0,1
C1601578028,1,157277.0,1
C1567802675,1,157272.13,1
C1023266164,1,157272.13,1
C860207877,1,157137.97,1
C195008073,1,157137.97,1
C671228809,1,156691.56,1
C1179416232,1,156691.56,1
C696760428,1,156396.46,1
C1659635357,1,156396.46,1
C389614238,1,156220.74,1
C1677319859,1,156220.74,1
C1507330764,1,156039.36,1
C1442710040,1,156039.36,1
C877302181,1,156011.24,1
C1496997212,1,156011.24,1
C19001916,1,155926.42,1
C161250720,1,155926.42,1
C1717994477,1,155854.37,1
C1352884053,1,155854.37,1
C834601814,1,155799.82,1
C673298372,1,155799.82,1
C719370249,1,155761.29,1
C280136890,1,155761.29,1
C1961781610,1,155534.95,1
C1706545542,1,155534.95,1
C2050839128,1,155121.58,1
C1937221024,1,155121.58,1
C909860820,1,155028.83,1
C750908080,1,155028.83,1
C1691713014,1,155002.83,1
C1511917182,1,155002.83,1
C1983440446,1,154196.49,1
C1013101723,1,154196.49,1
C391483401,1,154052.34,1
C2069798530,1,154052.34,1
C219912505,1,153870.09,1
C1155778843,1,153870.09,1
C875012263,1,153607.08,1
C1223730292,1,153607.08,1
C1326346885,1,152961.49,1
C1313940667,1,152961.49,1
C1406252838,1,152724.32,1
C1062499255,1,152724.32,1
C305484258,1,152372.18,1
C1432343521,1,152372.18,1
C942925545,1,152331.26,1
C397720555,1,152331.26,1
C1353978265,1,152314.49,1
C1045010197,1,152314.49,1
C1395896953,1,152042.16,1
C1118399210,1,152042.16,1
C1333813455,1,151994.59,1
C1101966116,1,151994.59,1
C80837759,1,151715.39,1
C1308715820,1,151715.39,1
C645970717,1,151105.97,1
C2068722215,1,151105.97,1
C421782533,1,150929.12,1
C1873591619,1,150929.12,1
C1176144001,1,150924.76,1
C1104531414,1,150924.76,1
C911775110,1,150406.91,1
C1145944802,1,150406.91,1
C1857116353,1,150405.2,1
C1433490225,1,150405.2,1
C2046096221,1,150245.05,1
C1581441429,1,150245.05,1
C347416384,1,150205.64,1
C1014484059,1,150205.64,1
C368733095,1,150157.6,1
C1274544865,1,150157.6,1
C535716283,1,149975.43,1
C1846777916,1,149975.43,1
C227115333,1,149668.66,1
C2072045528,1,149656.36,1
C1489954712,1,149656.36,1
C1439633894,1,149535.0,1
C1318978641,1,149535.0,1
C653347115,1,149279.69,1
C1647475681,1,149279.69,1
C516969543,1,148714.54,1
C1745419959,1,148714.54,1
C547292617,1,148680.12,1
C1687894218,1,148680.12,1
C936451148,1,148305.3,1
C792987085,1,148305.3,1
C198701564,1,148188.84,1
C1621152719,1,148188.84,1
C1762704986,1,147957.23,1
C1156678910,1,147957.23,1
C41202461,1,147649.37,1
C220889804,1,147649.37,1
C1556029086,1,147267.01,1
C1261933788,1,147267.01,1
C1792208222,1,147230.63,1
C1675751864,1,147230.63,1
C1225675649,1,147186.94,1
C1013069669,1,147186.94,1
C299814057,1,147171.3,1
C1071705308,1,147171.3,1
C249982146,1,147080.42,1
C1639051922,1,147080.42,1
C911183330,1,146908.38,1
C2104935185,1,146908.38,1
C705070035,1,146743.13,1
C159173164,1,146743.13,1
C661431090,1,146729.67,1
C1943481220,1,146729.67,1
C356110177,1,146681.74,1
C1791664104,1,146681.74,1
C785373587,1,146127.1,1
C1866778945,1,146127.1,1
C417197262,1,146095.73,1
C1225529288,1,146095.73,1
C754902447,1,146061.11,1
C1961860165,1,146061.11,1
C1538706817,1,145982.36,1
C1179343687,1,145982.36,1
C69590839,1,145944.8,1
C1366476838,1,145944.8,1
C27253971,1,145482.09,1
C1089341002,1,145482.09,1
C1888226691,1,145458.94,1
C152213690,1,145458.94,1
C460813809,1,145379.14,1
C1005866728,1,145379.14,1
C980295084,1,145067.24,1
C779070878,1,145067.24,1
C410161307,1,145035.4,1
C1765217259,1,145035.4,1
C31496887,1,144945.34,1
C1092829426,1,144945.34,1
C980121091,1,144876.4,1
C568654206,1,144876.4,1
C23978336,1,144731.73,1
C1044513187,1,144731.73,1
C1141104763,1,144452.14,1
C1064034527,1,144452.14,1
C1478536822,1,144283.42,1
C1294019179,1,144283.42,1
C372542470,1,144254.93,1
C1758075827,1,144254.93,1
C699771361,1,144065.75,1
C1124206695,1,144065.75,1
C500782163,1,144044.35,1
C362205540,1,144044.35,1
C681501417,1,143660.11,1
C1156611770,1,143660.11,1
C283218785,1,143592.89,1
C1873086180,1,143592.89,1
C1638922233,1,143501.7,1
C15251711,1,143501.7,1
C1190315879,1,143500.62,1
C1105017179,1,143500.62,1
C1569274327,1,143340.15,1
C1451066476,1,143340.15,1
C238846590,1,143332.0,1
C159990458,1,143332.0,1
C1645658263,1,143275.81,1
C1571623448,1,143275.81,1
C470624098,1,143175.23,1
C1950513519,1,143175.23,1
C465166521,1,143032.0,1
C1960144830,1,143032.0,1
C2091936123,1,142791.28,1
C1386219117,1,142791.28,1
C2128296951,1,142715.07,1
C1347324613,1,142715.07,1
C2138181723,1,142336.65,1
C208481356,1,142336.65,1
C221305576,1,141837.8,1
C1874018403,1,141837.8,1
C1677850525,1,141730.2,1
C1282179379,1,141730.2,1
C1263320654,1,141586.27,1
C1045717877,1,141586.27,1
C91138273,1,141508.56,1
C639037502,1,141508.56,1
C767066926,1,141410.98,1
C530984971,1,141410.98,1
C260837580,1,140807.76,1
C218959911,1,140807.76,1
C730675323,1,140523.4,1
C463234181,1,140523.4,1
C753726287,1,140333.35,1
C1201768390,1,140333.35,1
C922917235,1,139210.23,1
C1418109615,1,139210.23,1
C1585006408,1,138993.63,1
C1087011428,1,138993.63,1
C1343135760,1,138373.64,1
C1089852110,1,138373.64,1
C35858617,1,138048.52,1
C1877863116,1,138048.52,1
C424417978,1,137605.04,1
C1580498026,1,137605.04,1
C631857626,1,137508.01,1
C2062277295,1,137508.01,1
C828966021,1,136983.26,1
C1036592129,1,136983.26,1
C1899752414,1,136903.9,1
C1085176958,1,136903.9,1
C170337029,1,136562.78,1
C1391703729,1,136562.78,1
C1640378409,1,136331.05,1
C1043256763,1,136331.05,1
C98283050,1,136245.39,1
C104137128,1,136245.39,1
C784866685,1,135977.23,1
C1552242254,1,135977.23,1
C84275859,1,135845.3,1
C1714727890,1,135845.3,1
C872780920,1,135428.39,1
C212063008,1,135428.39,1
C499563648,1,135289.71,1
C1736810162,1,135289.71,1
C1985182816,1,135200.37,1
C1208951534,1,135200.37,1
C912160043,1,135100.36,1
C126999863,1,135100.36,1
C246939575,1,134861.82,1
C1259630002,1,134861.82,1
C922243256,1,134725.66,1
C1443740367,1,134725.66,1
C887694892,1,134623.95,1
C1664606481,1,134623.95,1
C1389046188,1,134515.36,1
C1087234685,1,134515.36,1
C1471003235,1,134497.41,1
C1196634718,1,134497.41,1
C721022515,1,134383.84,1
C655782193,1,134383.84,1
C781397101,1,134313.22,1
C1169467262,1,134313.22,1
C1461368336,1,134297.68,1
C1196367936,1,134297.68,1
C146779092,1,134293.12,1
C1081458588,1,134293.12,1
C814528974,1,134227.05,1
C1013220847,1,134227.05,1
C663221524,1,134194.59,1
C316784641,1,134194.59,1
C782460784,1,133632.24,1
C743603317,1,133632.24,1
C1343500180,1,133057.11,1
C1090188748,1,133057.11,1
C1231621270,1,132973.41,1
C1183132774,1,132973.41,1
C1645390284,1,132943.98,1
C1093499326,1,132943.98,1
C13692003,1,132842.64,1
C677179162,1,132438.82,1
C561223504,1,132438.82,1
C1830094235,1,132294.93,1
C1222456458,1,132294.93,1
C494904696,1,131842.85,1
C1539304019,1,131842.85,1
C1493693019,1,131597.73,1
C1484249686,1,131597.73,1
C965792626,1,131594.12,1
C1492492778,1,131594.12,1
C1583495831,1,131261.23,1
C1393901977,1,131261.23,1
C563583210,1,131050.76,1
C1887371650,1,131050.76,1
C575671201,1,130987.75,1
C1387819669,1,130987.75,1
C527353912,1,130777.09,1
C1641644327,1,130777.09,1
C349322282,1,130668.56,1
C1722932683,1,130668.56,1
C379527742,1,130653.37,1
C2001925235,1,130653.37,1
C1416504938,1,130479.52,1
C1275541215,1,130479.52,1
C2081998466,1,130278.99,1
C1190702691,1,130278.99,1
C673297850,1,128936.95,1
C1177265377,1,128936.95,1
C690631136,1,128893.5,1
C1064690652,1,128893.5,1
C1410879349,1,128718.59,1
C1279562736,1,128718.59,1
C1976399024,1,128572.96,1
C1018357975,1,128572.96,1
C905234452,1,128473.62,1
C1012580160,1,128473.62,1
C1893109609,1,128440.4,1
C144389176,1,128440.4,1
C742996578,1,128426.58,1
C1842985263,1,128426.58,1
C244991293,1,128417.96,1
C1400591529,1,128417.96,1
C921148283,1,128133.0,1
C1300586295,1,128133.0,1
C442707835,1,127916.67,1
C1684685440,1,127916.67,1
C697159622,1,127905.82,1
C1679438122,1,127905.82,1
C471097879,1,127564.33,1
C315492632,1,127564.33,1
C435054778,1,127528.92,1
C397402272,1,127528.92,1
C987837660,1,127447.68,1
C1882162040,1,127447.68,1
C540658137,1,127342.3,1
C1090956083,1,127342.3,1
C1718340176,1,127156.49,1
C1342244082,1,127156.49,1
C139582618,1,127120.88,1
C130072062,1,127120.88,1
C1183499119,1,127091.33,1
C1038764620,1,127091.33,1
C1626624594,1,127018.14,1
C162432528,1,127018.14,1
C502927996,1,126848.63,1
C416774850,1,126848.63,1
C935524807,1,126715.84,1
C147756271,1,126715.84,1
C498025851,1,126690.14,1
C1827521206,1,126690.14,1
C956623325,1,126431.61,1
C107421923,1,126431.61,1
C83653019,1,126375.17,1
C1736726302,1,126375.17,1
C1857315349,1,126192.63,1
C1660121126,1,126192.63,1
C2053276181,1,126061.45,1
C1079557741,1,126061.45,1
C8451222,1,125822.44,1
C675569506,1,125822.44,1
C33936647,1,125464.46,1
C1597477718,1,125464.46,1
C448860094,1,125464.42,1
C132433393,1,125464.42,1
C1790290337,1,125216.91,1
C1019916893,1,125216.91,1
C1193616307,1,125159.2,1
C1087798823,1,125159.2,1
C1856719659,1,125153.57,1
C1460980455,1,125153.57,1
C934206138,1,125146.75,1
C1198861647,1,125146.75,1
C2008189700,1,125107.12,1
C1400028457,1,125107.12,1
C34452419,1,124696.98,1
C1384810347,1,124696.98,1
C651444933,1,124582.58,1
C1098290230,1,124582.58,1
C482842350,1,124465.49,1
C293831245,1,124465.49,1
C318078280,1,124311.57,1
C1704192820,1,124311.57,1
C18416258,1,124202.04,1
C1578453686,1,124202.04,1
C2024192922,1,124121.57,1
C1262019477,1,124121.57,1
C766442736,1,124057.58,1
C1827233798,1,124057.58,1
C1518086244,1,123259.24,1
C1350230812,1,123259.24,1
C2143112877,1,123194.95,1
C981071931,1,123146.28,1
C1625883009,1,123146.28,1
C317430000,1,122816.67,1
C1014449898,1,122816.67,1
C2124143230,1,122639.34,1
C1075724931,1,122639.34,1
C356571967,1,122235.11,1
C1279213624,1,122235.11,1
C149845822,1,122101.57,1
C1531940496,1,122090.79,1
C1011665365,1,122090.79,1
C133342319,1,122032.62,1
C1167817015,1,122032.62,1
C828364266,1,121626.82,1
C185016231,1,121626.82,1
C1949146273,1,121579.98,1
C155517114,1,121579.98,1
C2080970760,1,121543.83,1
C122605764,1,121543.83,1
C333294363,1,121142.75,1
C27960358,1,121142.75,1
C2122237253,1,120843.94,1
C1360860736,1,120843.94,1
C2047262761,1,120598.96,1
C1169186485,1,120598.96,1
C247557474,1,120582.86,1
C1665536946,1,120582.86,1
C619309761,1,120491.56,1
C1613313609,1,120491.56,1
C705419652,1,120411.9,1
C555672165,1,120411.9,1
C237098657,1,120406.39,1
C1938001564,1,120406.39,1
C499322618,1,120385.1,1
C1649474651,1,120385.1,1
C978703019,1,120232.13,1
C250418765,1,120232.13,1
C41154667,1,120214.74,1
C1757210539,1,120214.74,1
C1409933277,1,120074.73,1
C1174000532,1,120074.73,1
C1944439526,1,119454.86,1
C1044668407,1,119454.86,1
C238556595,1,119443.3,1
C1091303521,1,119443.3,1
C1199258183,1,119306.06,1
C1183843461,1,119306.06,1
C1983324612,1,119143.75,1
C1171262237,1,119143.75,1
C1641625877,1,119041.12,1
C1186588727,1,119041.12,1
C1801565118,1,118499.44,1
C1083881826,1,118499.44,1
C353172290,1,118462.93,1
C2020423180,1,118462.93,1
C702710728,1,118111.77,1
C454838857,1,118111.77,1
C984782155,1,118106.94,1
C171913959,1,118106.94,1
C461302689,1,117683.42,1
C1618036378,1,117683.42,1
C1686904928,1,117345.35,1
C1034868972,1,117345.35,1
C637063091,1,116977.16,1
C1560425158,1,116977.16,1
C723208527,1,116974.87,1
C2132571279,1,116974.87,1
C182044942,1,116940.32,1
C1197962253,1,116940.32,1
C1968923761,1,116798.38,1
C1129119075,1,116798.38,1
C487363153,1,116636.06,1
C1536790025,1,116636.06,1
C427871642,1,116530.2,1
C1873019648,1,116530.2,1
C504789757,1,116489.77,1
C1178847797,1,116489.77,1
C1788778854,1,116419.58,1
C1730910853,1,116419.58,1
C836452372,1,115881.21,1
C819461207,1,115881.21,1
C921534959,1,115782.68,1
C1315392572,1,115782.68,1
C649566267,1,115599.26,1
C615237336,1,115599.26,1
C709433004,1,115535.52,1
C374230144,1,115535.52,1
C1864352304,1,115461.48,1
C1329935528,1,115461.48,1
C92520056,1,115125.3,1
C908924241,1,115125.3,1
C2039186549,1,115085.31,1
C1468265966,1,115085.31,1
C646283702,1,114889.61,1
C1085506900,1,114889.61,1
C386742886,1,114864.37,1
C208900966,1,114864.37,1
C875158937,1,114827.36,1
C37928805,1,114827.36,1
C1822241630,1,114743.39,1
C1557023354,1,114743.39,1
C857672087,1,114627.08,1
C12780702,1,114627.08,1
C983453370,1,114490.39,1
C1586103602,1,114490.39,1
C934338438,1,114483.78,1
C1911994336,1,114483.78,1
C702109004,1,114339.1,1
C183849466,1,114339.1,1
C1976361494,1,114308.2,1
C1112871969,1,114308.2,1
C731677275,1,114253.58,1
C1773596823,1,114253.58,1
C862388637,1,114169.66,1
C1069101318,1,114169.66,1
C1235786818,1,114149.44,1
C1157446475,1,114149.44,1
C305323219,1,114017.19,1
C1785967281,1,114017.19,1
C1921639115,1,113921.02,1
C1256441971,1,113921.02,1
C973342461,1,113829.89,1
C1130541030,1,113829.89,1
C825596697,1,113687.0,1
C379022466,1,113687.0,1
C605744517,1,113614.57,1
C134880961,1,113614.57,1
C311401803,1,113447.92,1
C1407322771,1,113447.92,1
C468244226,1,113360.8,1
C1586678377,1,113360.8,1
C371645181,1,113338.99,1
C226697568,1,113338.99,1
C403276933,1,113336.41,1
C1184786020,1,113336.41,1
C20934995,1,113309.55,1
C1936469791,1,113309.55,1
C1707545075,1,113273.1,1
C1323930150,1,113273.1,1
C898478782,1,112988.36,1
C1716123140,1,112988.36,1
C527712265,1,112958.85,1
C507000655,1,112958.85,1
C85943381,1,112835.43,1
C1846913649,1,112835.43,1
C994276793,1,112668.54,1
C1673728989,1,112668.54,1
C567378649,1,112656.24,1
C260785530,1,112656.24,1
C124687089,1,112486.46,1
C351362934,1,112363.33,1
C1783698648,1,112363.33,1
C609821524,1,112280.88,1
C328975820,1,111764.7,1
C1233092662,1,111764.7,1
C176907849,1,111467.61,1
C1661252377,1,111467.61,1
C873843844,1,111033.79,1
C628538240,1,111033.79,1
C307234825,1,110528.53,1
C2014517092,1,110528.53,1
C823542906,1,110457.0,1
C1134044412,1,110457.0,1
C753670111,1,110344.11,1
C1641368956,1,110344.11,1
C924291724,1,109525.67,1
C1677074645,1,109525.67,1
C984153855,1,109401.88,1
C2037269206,1,109401.88,1
C215685392,1,109028.8,1
C1835596211,1,109028.8,1
C1746722810,1,109008.53,1
C1551236270,1,109008.53,1
C1444273015,1,108994.49,1
C1309155420,1,108994.49,1
C829027470,1,108783.2,1
C656154265,1,108783.2,1
C522404571,1,108779.53,1
C1983454169,1,108779.53,1
C558746350,1,108755.28,1
C172956459,1,108755.28,1
C1861301059,1,108560.06,1
C1798273837,1,108560.06,1
C466016751,1,108240.74,1
C1417837233,1,108240.74,1
C586432166,1,108213.6,1
C1360735702,1,108213.6,1
C466412897,1,107834.85,1
C1121795717,1,107834.85,1
C562878740,1,107773.49,1
C25081130,1,107773.49,1
C1782019043,1,107732.98,1
C110351076,1,107732.98,1
C564631760,1,107363.54,1
C1926290864,1,107363.54,1
C937130374,1,107351.33,1
C1345101920,1,107351.33,1
C216622685,1,107320.81,1
C1750249599,1,107320.81,1
C172453788,1,107246.03,1
C1311270979,1,107246.03,1
C2059976574,1,107188.41,1
C1876689114,1,107188.41,1
C65259597,1,107128.17,1
C596998655,1,107128.17,1
C1154596153,1,106850.22,1
C1061461549,1,106850.22,1
C219983545,1,106681.18,1
C1867725412,1,106681.18,1
C666474898,1,106673.26,1
C160197221,1,106673.26,1
C836610580,1,106654.67,1
C1032151084,1,106654.67,1
C971898032,1,106642.43,1
C2073914981,1,106642.43,1
C1647085354,1,106601.15,1
C1575202335,1,106601.15,1
C476725832,1,106596.14,1
C1914252459,1,106596.14,1
C2085819511,1,106584.32,1
C1375184391,1,106584.32,1
C844080619,1,106460.7,1
C432380223,1,106460.7,1
C70399641,1,106434.23,1
C1639510217,1,106434.23,1
C1767695983,1,106290.68,1
C1300397389,1,106290.68,1
C565737303,1,105903.18,1
C2086760344,1,105903.18,1
C261904702,1,105861.07,1
C1311418994,1,105861.07,1
C1982717014,1,105859.41,1
C1163445011,1,105859.41,1
C2118754392,1,105733.45,1
C1248586428,1,105733.45,1
C1390328972,1,105491.11,1
C1383213814,1,105491.11,1
C1948033294,1,105269.81,1
C1910128336,1,105269.81,1
C41608153,1,105097.16,1
C1066191297,1,105097.16,1
C1606701810,1,105080.35,1
C1603667010,1,105080.35,1
C1844789908,1,104957.85,1
C1731531059,1,104957.85,1
C952245558,1,104171.37,1
C1321085787,1,104171.37,1
C82400750,1,103949.5,1
C259198981,1,103949.5,1
C488038887,1,103909.1,1
C1648943042,1,103909.1,1
C225886337,1,103368.58,1
C1773981009,1,103368.58,1
C1442918145,1,103124.43,1
C1284973829,1,103124.43,1
C1792169870,1,103078.52,1
C1724879922,1,103078.52,1
C383698470,1,103056.0,1
C1859440956,1,103056.0,1
C44492718,1,103053.5,1
C2095247665,1,103053.5,1
C488688199,1,102945.99,1
C1847949987,1,102945.99,1
C231882139,1,102750.55,1
C1347259085,1,102750.55,1
C69058368,1,102660.35,1
C1381052482,1,102660.35,1
C287402036,1,102464.68,1
C1418607659,1,102464.68,1
C398698821,1,102371.12,1
C1876954807,1,102371.12,1
C525941534,1,102256.57,1
C107359610,1,102256.57,1
C2034388364,1,102229.91,1
C1177644570,1,102229.91,1
C61378648,1,102009.37,1
C284996828,1,102009.37,1
C612571830,1,101903.69,1
C1615802716,1,101903.69,1
C295983306,1,101515.68,1
C1732619853,1,101515.68,1
C961768451,1,101408.84,1
C411677025,1,101408.84,1
C662060364,1,101392.92,1
C1484407499,1,101392.92,1
C289774611,1,101081.12,1
C1510063116,1,101081.12,1
C220889953,1,101013.32,1
C108505415,1,101013.32,1
C1892976179,1,100840.93,1
C1044963294,1,100840.93,1
C1991632436,1,100762.66,1
C1956153876,1,100762.66,1
C1558137654,1,100433.21,1
C1110061558,1,100433.21,1
C91676568,1,100109.03,1
C1626206684,1,100109.03,1
C1704281751,1,99808.45,1
C1266810248,1,99808.45,1
C832632407,1,99804.21,1
C1507425554,1,99804.21,1
C205447867,1,99793.9,1
C1996420000,1,99793.9,1
C387067753,1,99656.93,1
C322712513,1,99656.93,1
C1514527764,1,99458.21,1
C1220506270,1,99458.21,1
C506132962,1,99316.36,1
C1707526700,1,99316.36,1
C193359947,1,99168.97,1
C1708206894,1,99168.97,1
C334746460,1,99165.12,1
C1168340170,1,99165.12,1
C831891422,1,99139.27,1
C457849577,1,99139.27,1
C1764838564,1,98918.12,1
C1472915289,1,98918.12,1
C1955555137,1,98897.07,1
C1819955276,1,98897.07,1
C1777704750,1,98736.52,1
C1301301419,1,98736.52,1
C982480526,1,98692.72,1
C782313486,1,98692.72,1
C1536726589,1,98634.75,1
C1042347270,1,98634.75,1
C1725698995,1,98533.36,1
C158107146,1,98533.36,1
C1671141457,1,98099.07,1
C1586252817,1,98099.07,1
C939463498,1,98086.09,1
C1471407934,1,98086.09,1
C1843517598,1,98050.29,1
C1194075950,1,98050.29,1
C36219059,1,97091.24,1
C1623240836,1,97091.24,1
C289651123,1,96989.06,1
C1198991662,1,96989.06,1
C1573553725,1,96640.12,1
C1384674068,1,96640.12,1
C1496296182,1,96474.91,1
C1171171367,1,96474.91,1
C1997179270,1,96286.54,1
C1921354292,1,96286.54,1
C947728507,1,95428.32,1
C315040579,1,95348.33,1
C1084653539,1,95348.33,1
C909629490,1,95267.81,1
C1426688213,1,95267.81,1
C727037964,1,95235.46,1
C1020268899,1,95235.46,1
C492567713,1,95105.01,1
C1098333645,1,95105.01,1
C1691381242,1,95064.86,1
C1633870313,1,95064.86,1
C919387676,1,94613.12,1
C776792146,1,94613.12,1
C86775572,1,94431.98,1
C625726422,1,94431.98,1
C1451318490,1,94372.61,1
C1967440853,1,94261.84,1
C1350141268,1,94261.84,1
C1879397053,1,93884.26,1
C1105988166,1,93884.26,1
C481501970,1,93810.76,1
C1190429229,1,93810.76,1
C549532314,1,93732.16,1
C394514690,1,93732.16,1
C2026988003,1,93708.08,1
C1961462309,1,93708.08,1
C948820574,1,93581.19,1
C750171680,1,93581.19,1
C1834440439,1,93483.23,1
C1773649560,1,93483.23,1
C1518273469,1,93459.89,1
C1250676021,1,93459.89,1
C714048857,1,93253.25,1
C276457586,1,93253.25,1
C517122648,1,93083.27,1
C1904979167,1,93083.27,1
C786761311,1,92735.71,1
C1351323617,1,92735.71,1
C906878138,1,92641.52,1
C51780378,1,92641.52,1
C1699397290,1,92545.17,1
C144515719,1,92545.17,1
C987947557,1,92145.4,1
C1372492756,1,92145.4,1
C961544544,1,92057.19,1
C1953680528,1,92057.19,1
C784347509,1,92043.22,1
C1046754068,1,92043.22,1
C448834198,1,92001.22,1
C1206556898,1,92001.22,1
C2076485043,1,91882.6,1
C1017446599,1,91882.6,1
C1841119507,1,91691.75,1
C1715084286,1,91691.75,1
C7511880,1,91655.26,1
C1578360070,1,91655.26,1
C618768599,1,91637.51,1
C1556025752,1,91637.51,1
C1794988731,1,90915.0,1
C1651029918,1,90915.0,1
C1977671601,1,90346.05,1
C1877543118,1,90346.05,1
C151033820,1,90204.54,1
C1295812229,1,90204.54,1
C2144761776,1,90026.9,1
C157425928,1,90026.9,1
C1956260349,1,89846.18,1
C1846352477,1,89846.18,1
C795915077,1,89845.29,1
C1281420811,1,89845.29,1
C988422154,1,89657.36,1
C136634417,1,89657.36,1
C74534388,1,89631.24,1
C1938531779,1,89631.24,1
C53932340,1,89596.79,1
C1585320500,1,89596.79,1
C1022920965,1,89571.46,1
C1484193833,1,89303.18,1
C1076967657,1,89303.18,1
C2128547053,1,89014.32,1
C1517105060,1,89014.32,1
C1502031409,1,88748.63,1
C1144789769,1,88748.63,1
C796414235,1,88649.1,1
C1043173812,1,88649.1,1
C871094830,1,88424.06,1
C2132033219,1,88424.06,1
C2018119916,1,88099.88,1
C16417256,1,88099.88,1
C927181710,1,87999.25,1
C409531429,1,87999.25,1
C1218269262,1,87698.36,1
C1054999314,1,87698.36,1
C1784205179,1,87660.69,1
C1371078457,1,87660.69,1
C890173337,1,87622.5,1
C344677665,1,87622.5,1
C862377395,1,87541.41,1
C491289068,1,87541.41,1
C171722567,1,87438.83,1
C1204602597,1,87438.83,1
C424245549,1,87381.78,1
C1133621753,1,87381.78,1
C790263218,1,87219.11,1
C1011829657,1,87219.11,1
C817565031,1,87167.88,1
C1618990848,1,87167.88,1
C317224032,1,86848.88,1
C1897080488,1,86848.88,1
C2116603253,1,86258.11,1
C1449357986,1,86258.11,1
C1765660975,1,86170.94,1
C111341928,1,86170.94,1
C2018450953,1,86111.65,1
C1793151553,1,86111.65,1
C1844941220,1,86070.17,1
C1699873763,1,86070.17,1
C1363187770,1,86002.09,1
C1114344856,1,86002.09,1
C588765630,1,85637.08,1
C1809932675,1,85637.08,1
C873337141,1,85408.24,1
C1773883691,1,85408.24,1
C558400671,1,85354.69,1
C158801009,1,85354.69,1
C652160524,1,85303.24,1
C2043137760,1,85303.24,1
C362343173,1,85113.85,1
C1758241116,1,85113.85,1
C1219414151,1,85017.99,1
C1028321067,1,85017.99,1
C528998506,1,84771.55,1
C353441050,1,84771.55,1
C1976888667,1,84703.87,1
C1821651825,1,84703.87,1
C1511318638,1,84480.05,1
C144024686,1,84480.05,1
C1963429607,1,84312.29,1
C1386334187,1,84312.29,1
C1694088723,1,84196.79,1
C1271945104,1,84196.79,1
C503145512,1,84174.31,1
C1766174104,1,84174.31,1
C579843849,1,84007.22,1
C2028520999,1,84007.22,1
C522399382,1,82971.91,1
C1603043156,1,82971.91,1
C712970415,1,82869.09,1
C1143635966,1,82869.09,1
C474735735,1,82806.2,1
C1327670146,1,82806.2,1
C447204018,1,82767.31,1
C1447707746,1,82767.31,1
C1547608919,1,82764.07,1
C1026137221,1,82764.07,1
C342734200,1,82750.0,1
C1893124712,1,82750.0,1
C163966870,1,82665.47,1
C1241022919,1,82665.47,1
C1771024241,1,82648.3,1
C11779770,1,82648.3,1
C1271662433,1,82535.57,1
C1234776614,1,82535.57,1
C728143038,1,82527.13,1
C538871976,1,82527.13,1
C364720575,1,82504.16,1
C149758209,1,82504.16,1
C385209439,1,82209.71,1
C2014216295,1,82209.71,1
C1458675534,1,82112.74,1
C106888185,1,82112.74,1
C1861680707,1,81867.07,1
C1128786535,1,81867.07,1
C1513636547,1,81814.51,1
C1253505157,1,81814.51,1
C712250463,1,81677.17,1
C1623831712,1,81677.17,1
C656541323,1,81278.73,1
C58339720,1,81278.73,1
C2103928178,1,81244.31,1
C1454763398,1,81244.31,1
C603998134,1,81216.23,1
C1904718336,1,81216.23,1
C2065836466,1,80885.48,1
C1191502221,1,80885.48,1
C782267522,1,80800.21,1
C1531072167,1,80800.21,1
C1839358501,1,80397.86,1
C1111928189,1,80397.86,1
C353864059,1,80336.26,1
C193216124,1,80336.26,1
C421862868,1,79938.47,1
C1076544980,1,79938.47,1
C812331836,1,79717.14,1
C1726453809,1,79717.14,1
C520405565,1,79712.37,1
C1646350355,1,79712.37,1
C149676565,1,79594.91,1
C1091619735,1,79594.91,1
C438236992,1,79581.24,1
C272466753,1,79581.24,1
C98463296,1,79446.06,1
C401144837,1,79446.06,1
C2043684094,1,79441.66,1
C1915179121,1,79441.66,1
C1399341304,1,79323.25,1
C1153823414,1,79323.25,1
C1720013416,1,79076.14,1
C1052814036,1,79076.14,1
C838045354,1,79039.81,1
C1468845762,1,79039.81,1
C1746844617,1,79031.41,1
C1561180721,1,79031.41,1
C688380113,1,78810.3,1
C168746534,1,78810.3,1
C1993214834,1,78741.64,1
C1482114822,1,78741.64,1
C800929462,1,78357.77,1
C1648787789,1,78357.77,1
C524658055,1,78028.89,1
C1141684760,1,78028.89,1
C834571675,1,77773.14,1
C598573300,1,77773.14,1
C690969509,1,77710.4,1
C286492839,1,77710.4,1
C494375447,1,76960.91,1
C1266701138,1,76960.91,1
C851990266,1,76732.89,1
C1422736429,1,76732.89,1
C2015533974,1,76646.05,1
C1873858924,1,76646.05,1
C1404020862,1,76642.85,1
C1199647031,1,76642.85,1
C47767227,1,76640.82,1
C1716897320,1,76640.82,1
C1588297046,1,76582.23,1
C1426319616,1,76582.23,1
C2032238862,1,76548.48,1
C2008095547,1,76548.48,1
C376760344,1,76200.04,1
C225711699,1,76200.04,1
C479649158,1,76133.19,1
C1871273131,1,76133.19,1
C2133141202,1,75734.99,1
C109260257,1,75734.99,1
C407555849,1,75708.87,1
C2107705166,1,75708.87,1
C807173004,1,75659.33,1
C1659770923,1,75659.33,1
C1749493036,1,75480.15,1
C1211718725,1,75480.15,1
C209058213,1,75113.49,1
C1914910500,1,75113.49,1
C702607900,1,74921.74,1
C1335541144,1,74921.74,1
C865504538,1,74854.93,1
C696765995,1,74854.93,1
C1683055902,1,74804.24,1
C1239771149,1,74804.24,1
C467552015,1,74709.4,1
C171758172,1,74709.4,1
C841535427,1,74581.07,1
C609725895,1,74581.07,1
C1453762991,1,74447.11,1
C1287857685,1,74447.11,1
C694879733,1,74436.56,1
C1022475357,1,74436.56,1
C146952243,1,74177.92,1
C1294027751,1,74177.92,1
C2046853066,1,74076.48,1
C1589254614,1,74076.48,1
C1995894884,1,73946.79,1
C1524577993,1,73946.79,1
C730317157,1,73929.99,1
C652139882,1,73929.99,1
C1632654111,1,73599.57,1
C1559180710,1,73599.57,1
C2131112952,1,73561.74,1
C1361675449,1,73561.74,1
C1886191658,1,73486.8,1
C1621868910,1,73486.8,1
C486475029,1,73328.47,1
C2118127422,1,73328.47,1
C1808244239,1,73110.82,1
C1141317489,1,73110.82,1
C627366177,1,73064.41,1
C1088641911,1,73064.41,1
C950160827,1,73053.41,1
C1113510889,1,73053.41,1
C538641339,1,73051.02,1
C257009232,1,73051.02,1
C1722101892,1,72955.08,1
C1464408178,1,72955.08,1
C1861496569,1,72901.03,1
C1596300422,1,72901.03,1
C1080600836,1,72878.02,1
C1068111301,1,72878.02,1
C500674930,1,72782.82,1
C1431303574,1,72782.82,1
C1614200747,1,72665.95,1
C1181122051,1,72665.95,1
C759761137,1,72547.29,1
C1087665354,1,72547.29,1
C369360182,1,72389.42,1
C2090432901,1,72389.42,1
C889125918,1,71921.7,1
C1795660313,1,71921.7,1
C628578638,1,71867.47,1
C1544214940,1,71867.47,1
C185217434,1,71729.96,1
C1502070032,1,71729.96,1
C1845753498,1,71693.42,1
C1103482150,1,71693.42,1
C1927136049,1,71666.93,1
C1545632149,1,71666.93,1
C1625817062,1,71554.74,1
C118393699,1,71554.74,1
C743231238,1,71511.19,1
C5272295,1,71511.19,1
C170506678,1,71439.81,1
C1458525982,1,71439.81,1
C33339986,1,71372.0,1
C313736303,1,71372.0,1
C872768364,1,71329.73,1
C216292279,1,71329.73,1
C972303876,1,71323.49,1
C1822929160,1,71323.49,1
C1811434259,1,71277.45,1
C1309821311,1,71277.45,1
C2104908972,1,71216.62,1
C1028741158,1,71216.62,1
C2042587270,1,70756.72,1
C1829042347,1,70756.72,1
C1421336308,1,70753.9,1
C1183327640,1,70753.9,1
C947315292,1,70696.74,1
C40915366,1,70696.74,1
C889625469,1,70669.49,1
C1174372985,1,70669.49,1
C809677827,1,70382.18,1
C1251317715,1,70382.18,1
C867506541,1,70239.81,1
C731157772,1,70239.81,1
C814413517,1,70173.64,1
C1106741895,1,70173.64,1
C292281038,1,70125.14,1
C1284814177,1,70125.14,1
C739431473,1,70072.66,1
C1634834967,1,70072.66,1
C301833514,1,69912.57,1
C1854018757,1,69912.57,1
C656179758,1,69878.14,1
C1182199361,1,69878.14,1
C50671778,1,69724.85,1
C1102964425,1,69724.85,1
C2075375102,1,69077.14,1
C2069569209,1,69077.14,1
C922622756,1,69039.64,1
C1130163945,1,69039.64,1
C1983934079,1,68755.57,1
C1864986190,1,68755.57,1
C449838957,1,68536.24,1
C1139422478,1,68536.24,1
C1908083976,1,68230.32,1
C1513903676,1,68230.32,1
C244092764,1,67921.66,1
C1120272474,1,67921.66,1
C1608782511,1,67692.41,1
C1373191789,1,67692.41,1
C277332716,1,67653.75,1
C1875243671,1,67653.75,1
C645678075,1,67299.57,1
C163185950,1,67299.57,1
C499091192,1,67128.33,1
C489879149,1,67128.33,1
C1650479654,1,67050.5,1
C1343549154,1,67050.5,1
C832223915,1,66941.04,1
C698551144,1,66941.04,1
C1532111392,1,66643.99,1
C1502782512,1,66643.99,1
C550781139,1,66550.0,1
C1257904471,1,66550.0,1
C682356990,1,66516.2,1
C277947802,1,66516.2,1
C774736612,1,66448.19,1
C1788535052,1,66448.19,1
C1737756635,1,66188.66,1
C1129139063,1,66188.66,1
C1980530073,1,66066.73,1
C1566921402,1,66066.73,1
C845507735,1,65761.13,1
C1565735619,1,65761.13,1
C504273308,1,65494.78,1
C1340594574,1,65494.78,1
C236875489,1,65488.05,1
C1137669976,1,65488.05,1
C716606813,1,65365.11,1
C2066901889,1,65365.11,1
C1854275574,1,65091.34,1
C1422056911,1,65091.34,1
C832155685,1,64557.77,1
C1662040818,1,64557.77,1
C47624520,1,64344.59,1
C1334187064,1,64344.59,1
C444350674,1,64319.46,1
C1525181002,1,64319.46,1
C357338686,1,64202.85,1
C164529897,1,64202.85,1
C328238019,1,64181.21,1
C2122561509,1,64181.21,1
C1268763135,1,64083.54,1
C1212154134,1,64083.54,1
C963749685,1,63944.13,1
C339788148,1,63944.13,1
C431038121,1,63624.08,1
C1872359745,1,63624.08,1
C1431701654,1,63440.63,1
C1047682756,1,63440.63,1
C994950684,1,63416.99,1
C778071008,1,63416.99,1
C1693403052,1,63262.94,1
C1275005774,1,63262.94,1
C389894341,1,63210.91,1
C1361619963,1,63210.91,1
C289965777,1,63009.43,1
C1562667189,1,63009.43,1
C1958431275,1,62898.81,1
C1544409722,1,62898.81,1
C2003289304,1,62372.43,1
C1915659563,1,62372.43,1
C57496265,1,62318.91,1
C2133585452,1,62318.91,1
C1597957921,1,62297.18,1
C1565612524,1,62297.18,1
C921483031,1,62184.44,1
C562520723,1,62184.44,1
C1710515368,1,62134.33,1
C1079384969,1,62134.33,1
C979329781,1,62091.44,1
C1985338048,1,62091.44,1
C674575230,1,61856.83,1
C2036267010,1,61856.83,1
C1809717536,1,61846.05,1
C1010063091,1,61846.05,1
C213016310,1,61756.82,1
C1415217064,1,61756.82,1
C1939346378,1,61505.06,1
C1590661770,1,61505.06,1
C825902720,1,61487.67,1
C2064498880,1,61487.67,1
C1928586113,1,61470.02,1
C1521065276,1,61470.02,1
C216625470,1,61178.51,1
C1635325265,1,61178.51,1
C1858182940,1,60891.94,1
C1227057537,1,60891.94,1
C840095827,1,60726.57,1
C383882703,1,60726.57,1
C16325193,1,60646.82,1
C1591547495,1,60646.82,1
C1782791756,1,60633.76,1
C1469444378,1,60633.76,1
C982551468,1,60519.74,1
C1270223061,1,60519.74,1
C204723850,1,60516.53,1
C1241672000,1,60516.53,1
C2059535727,1,60450.18,1
C1506215501,1,60450.18,1
C1597827743,1,60314.32,1
C1209135917,1,60314.32,1
C609191731,1,60274.87,1
C1411378743,1,60274.87,1
C415054779,1,60226.06,1
C1894714904,1,60226.06,1
C690114477,1,59996.12,1
C1938899713,1,59996.12,1
C723840682,1,59893.41,1
C1284144520,1,59893.41,1
C1440545718,1,59841.44,1
C1061422162,1,59841.44,1
C1568400442,1,59835.0,1
C1020461364,1,59835.0,1
C985240759,1,59829.03,1
C1674654247,1,59829.03,1
C1934910898,1,59813.61,1
C1784961866,1,59813.61,1
C416033450,1,59749.28,1
C1200211692,1,59749.28,1
C1489751550,1,59677.48,1
C1468095473,1,59677.48,1
C452081223,1,59649.33,1
C1049687775,1,59649.33,1
C1826008632,1,59628.24,1
C1046546525,1,59628.24,1
C1765315298,1,59385.67,1
C1275373422,1,59385.67,1
C2141452552,1,59263.88,1
C1129374442,1,59263.88,1
C671542977,1,59250.11,1
C1845085414,1,59250.11,1
C780368561,1,59127.34,1
C1444290021,1,59127.34,1
C475096619,1,58924.16,1
C1141510718,1,58924.16,1
C678401003,1,58863.89,1
C1649037642,1,58863.89,1
C517543393,1,58737.53,1
C185461868,1,58737.53,1
C1994097574,1,58521.53,1
C1367937262,1,58521.53,1
C625520344,1,58058.98,1
C155431672,1,58058.98,1
C1136541649,1,58050.78,1
C1057925060,1,58050.78,1
C2120940829,1,57734.59,1
C1281057632,1,57734.59,1
C855053423,1,57658.26,1
C485976806,1,57658.26,1
C213845553,1,57588.67,1
C1367270224,1,57588.67,1
C308228373,1,57543.34,1
C1164351211,1,57543.34,1
C199493859,1,57512.29,1
C1895502968,1,57512.29,1
C327529413,1,57466.42,1
C1927883034,1,57466.42,1
C947854102,1,57204.07,1
C2080854887,1,57204.07,1
C839142171,1,57040.65,1
C1257271049,1,57040.65,1
C385055273,1,56888.23,1
C1889751415,1,56888.23,1
C960265779,1,56847.17,1
C352513989,1,56847.17,1
C872526349,1,56745.14,1
C526144262,1,56745.14,1
C52614586,1,56517.37,1
C2046050262,1,56517.37,1
C956959892,1,56510.5,1
C177838089,1,56510.5,1
C873811972,1,56290.17,1
C1206601325,1,56290.17,1
C615216082,1,56231.05,1
C289350716,1,56231.05,1
C418875558,1,56125.55,1
C1712457269,1,56125.55,1
C1536825643,1,56013.0,1
C1171108615,1,56013.0,1
C588214650,1,55920.39,1
C1899996143,1,55920.39,1
C76954571,1,55828.87,1
C1170472326,1,55828.87,1
C931224089,1,55740.39,1
C1190793859,1,55740.39,1
C923707754,1,55539.89,1
C1066149498,1,55539.89,1
C355084897,1,55247.48,1
C1873632807,1,55247.48,1
C983142202,1,55062.46,1
C960647528,1,55062.46,1
C1437857188,1,54994.1,1
C126342805,1,54994.1,1
C272031055,1,54892.98,1
C1978786060,1,54892.98,1
C65923557,1,54725.54,1
C504247900,1,54725.54,1
C43545501,1,54652.46,1
C1674778854,1,54652.46,1
C361669345,1,54584.29,1
C181783158,1,54584.29,1
C288327856,1,54583.71,1
C1580268172,1,54583.71,1
C910554500,1,54380.21,1
C1509680221,1,54380.21,1
C898552679,1,54235.7,1
C725405279,1,54235.7,1
C1507289159,1,53782.87,1
C1245242026,1,53782.87,1
C778841349,1,53340.45,1
C1728402348,1,53340.45,1
C671943963,1,53338.82,1
C1248176014,1,53338.82,1
C270550084,1,53325.6,1
C1591981184,1,53325.6,1
C914459666,1,53315.31,1
C810591075,1,53315.31,1
C1568950252,1,53107.96,1
C1398662623,1,53107.96,1
C530884257,1,53062.52,1
C146522698,1,53062.52,1
C942132935,1,52795.24,1
C1228128908,1,52795.24,1
C2024128077,1,52689.13,1
C1381675569,1,52689.13,1
C483094763,1,52557.21,1
C437611850,1,52557.21,1
C2040719079,1,52541.42,1
C174237554,1,52541.42,1
C659685895,1,51725.86,1
C141049972,1,51725.86,1
C1614655562,1,51589.87,1
C1467642521,1,51589.87,1
C1977213426,1,51424.22,1
C1887135298,1,51424.22,1
C1275321415,1,51416.07,1
C1252081364,1,51416.07,1
C1783931496,1,51183.25,1
C1702286599,1,51183.25,1
C1241305776,1,51113.0,1
C109032105,1,51113.0,1
C835169130,1,50845.13,1
C267854618,1,50845.13,1
C774406325,1,50820.71,1
C1462162029,1,50820.71,1
C870531652,1,50722.16,1
C688111556,1,50722.16,1
C1316214248,1,50577.26,1
C1270665617,1,50577.26,1
C1711085884,1,50523.78,1
C1539163115,1,50523.78,1
C732624402,1,50279.4,1
C260298539,1,50279.4,1
C840664227,1,49966.72,1
C1966319241,1,49966.72,1
C641294007,1,49965.92,1
C2139042212,1,49965.92,1
C1528504862,1,49950.63,1
C1012366293,1,49950.63,1
C981772775,1,49871.73,1
C1236485428,1,49871.73,1
C1966331810,1,49571.87,1
C117760847,1,49571.87,1
C865443324,1,49492.39,1
C442653315,1,49492.39,1
C267476912,1,49434.25,1
C1228479409,1,49434.25,1
C770927537,1,49423.31,1
C329967562,1,49423.31,1
C2020102800,1,49372.94,1
C1918133252,1,49372.94,1
C1587381716,1,49210.21,1
C10982843,1,49210.21,1
C929319226,1,49199.2,1
C1187062508,1,49199.2,1
C955833247,1,49076.27,1
C282770927,1,49076.27,1
C479368139,1,48774.46,1
C1177659319,1,48774.46,1
C1897399258,1,48734.24,1
C1051865605,1,48734.24,1
C356205172,1,48712.12,1
C1730244452,1,48712.12,1
C1975630397,1,48605.54,1
C1685971043,1,48605.54,1
C982362402,1,48516.87,1
C226017456,1,48516.87,1
C1706094385,1,48442.88,1
C1112979339,1,48442.88,1
C1804135110,1,48412.47,1
C1388837580,1,48412.47,1
C920803432,1,48375.02,1
C1894578299,1,48375.02,1
C1229636623,1,48340.79,1
C1078822434,1,48340.79,1
C481315574,1,48299.77,1
C314117712,1,48299.77,1
C790635066,1,48266.8,1
C1899102939,1,48266.8,1
C2044046492,1,48156.69,1
C1285235130,1,48156.69,1
C948664431,1,48132.52,1
C1486866728,1,48132.52,1
C80387919,1,48078.85,1
C468213080,1,48078.85,1
C790140463,1,47984.43,1
C276886611,1,47984.43,1
C528875207,1,47721.95,1
C368987822,1,47721.95,1
C1611252661,1,47662.13,1
C1447139298,1,47662.13,1
C2000554680,1,47604.75,1
C1972288489,1,47604.75,1
C964153442,1,47061.52,1
C1390208933,1,47061.52,1
C1388934597,1,46973.96,1
C1365004104,1,46973.96,1
C954160536,1,46779.04,1
C664202020,1,46779.04,1
C379326181,1,46661.03,1
C1969042957,1,46661.03,1
C68542606,1,46291.81,1
C1608445918,1,46291.81,1
C2067653411,1,46190.9,1
C160168142,1,46190.9,1
C1862849619,1,46130.88,1
C1045907901,1,46130.88,1
C156864267,1,46081.45,1
C1009233877,1,46081.45,1
C1488400986,1,46073.56,1
C1249464392,1,46073.56,1
C1599191169,1,46072.33,1
C1532133480,1,46072.33,1
C964390275,1,45890.12,1
C541466200,1,45890.12,1
C981996349,1,45807.51,1
C958487787,1,45807.51,1
C959463249,1,45758.71,1
C454963917,1,45758.71,1
C2057797075,1,45271.85,1
C1007340530,1,45271.85,1
C1739041636,1,45116.24,1
C172426650,1,45116.24,1
C978467011,1,45077.1,1
C495624893,1,45077.1,1
C1832009183,1,45053.05,1
C108008113,1,45053.05,1
C1797253023,1,44946.2,1
C1504640849,1,44946.2,1
C589374615,1,44829.81,1
C1812532920,1,44829.81,1
C521758644,1,44733.5,1
C1363437677,1,44733.5,1
C259533000,1,44577.32,1
C2086578644,1,44577.32,1
C330892703,1,44571.94,1
C1819568647,1,44571.94,1
C611589726,1,44482.33,1
C409367795,1,44482.33,1
C1644806560,1,44164.0,1
C1262447125,1,44164.0,1
C820569216,1,44116.87,1
C642784724,1,44116.87,1
C840857519,1,44044.79,1
C616299190,1,44044.79,1
C856398760,1,43996.54,1
C103861454,1,43996.54,1
C2129914105,1,43928.31,1
C1832804428,1,43928.31,1
C1204866352,1,43814.15,1
C1113533628,1,43814.15,1
C761772957,1,43440.97,1
C587426597,1,43440.97,1
C91294902,1,43357.65,1
C805284167,1,43357.65,1
C1516853965,1,43308.07,1
C1244562453,1,43308.07,1
C1465935638,1,43235.71,1
C1028599135,1,43235.71,1
C1632294441,1,43159.0,1
C1373322164,1,43159.0,1
C1683174795,1,43092.0,1
C1395071924,1,43092.0,1
C1262709265,1,43071.62,1
C1047530413,1,43071.62,1
C353411083,1,42789.93,1
C1799683256,1,42789.93,1
C73677947,1,42659.39,1
C1702857614,1,42659.39,1
C263309564,1,42513.08,1
C2009003297,1,42513.08,1
C1595793252,1,42483.97,1
C1483983582,1,42483.97,1
C2070012456,1,42418.85,1
C1471675468,1,42418.85,1
C897869440,1,42062.82,1
C2052119405,1,41428.9,1
C1550289532,1,41428.9,1
C710694637,1,40873.25,1
C1783886401,1,40873.25,1
C92605772,1,40867.66,1
C1092813707,1,40867.66,1
C434841874,1,40836.05,1
C407271321,1,40836.05,1
C493844715,1,40819.72,1
C1550949725,1,40819.72,1
C459709989,1,40651.96,1
C1619881995,1,40651.96,1
C1617773163,1,40611.22,1
C1911506122,1,40593.23,1
C1712808449,1,40593.23,1
C1817821840,1,40591.72,1
C1177353473,1,40591.72,1
C46706219,1,40486.25,1
C1413149184,1,40486.25,1
C262165422,1,40458.0,1
C1657291163,1,40458.0,1
C1853365530,1,40433.84,1
C1570947686,1,40433.84,1
C906016775,1,40413.81,1
C209849944,1,40413.81,1
C587736003,1,40388.58,1
C1000513158,1,40388.58,1
C364009492,1,40359.75,1
C1580733517,1,40359.75,1
C727542577,1,40231.56,1
C1214281287,1,40231.56,1
C1996558397,1,40075.02,1
C1765193112,1,40075.02,1
C1850753027,1,40043.74,1
C1344634344,1,40043.74,1
C5740869,1,40013.19,1
C1200853822,1,40013.19,1
C1404885898,1,39713.28,1
C1509358186,1,39664.74,1
C1334465444,1,39664.74,1
C511187866,1,39525.63,1
C2039845838,1,39525.63,1
C743472915,1,39379.45,1
C1110566935,1,39379.45,1
C215109738,1,39342.59,1
C1582503246,1,39342.59,1
C1777586207,1,39247.74,1
C1684585857,1,39247.74,1
C888856721,1,39013.3,1
C1092667126,1,39013.3,1
C715571167,1,38580.45,1
C282585664,1,38580.45,1
C472317235,1,38513.19,1
C1225154585,1,38513.19,1
C433911450,1,38427.47,1
C1399554611,1,38427.47,1
C687551881,1,38223.11,1
C519675576,1,38223.11,1
C556813703,1,38180.99,1
C1210808398,1,38180.99,1
C458914580,1,38150.22,1
C1961802855,1,38150.22,1
C196135268,1,38115.0,1
C1960830625,1,38115.0,1
C45718211,1,37974.85,1
C1559945505,1,37974.85,1
C1939829449,1,37831.15,1
C1162461767,1,37831.15,1
C758006561,1,37796.75,1
C1530845932,1,37796.75,1
C1853390476,1,37766.23,1
C1029932653,1,37766.23,1
C2113787126,1,37720.99,1
C188991252,1,37720.99,1
C894928448,1,37669.14,1
C689652584,1,37669.14,1
C985397867,1,37436.78,1
C434098204,1,37436.78,1
C883298030,1,37394.15,1
C534886270,1,37394.15,1
C784559856,1,37357.32,1
C1908599999,1,37357.32,1
C460685151,1,37323.15,1
C2027331008,1,37323.15,1
C642373224,1,37133.63,1
C40128322,1,37133.63,1
C39621039,1,37119.58,1
C1444276641,1,37119.58,1
C362085592,1,37100.29,1
C142707413,1,37100.29,1
C281192595,1,37065.55,1
C1952239554,1,37065.55,1
C1855196717,1,37019.04,1
C103076793,1,37019.04,1
C77588545,1,36996.83,1
C528147634,1,36996.83,1
C958794947,1,36956.27,1
C1768139815,1,36956.27,1
C752396851,1,36942.13,1
C1878038300,1,36942.13,1
C696671781,1,36847.9,1
C479866096,1,36847.9,1
C905922907,1,36532.84,1
C1588509166,1,36532.84,1
C2064408554,1,36371.77,1
C1856113052,1,36371.77,1
C1257654035,1,36359.57,1
C1167233065,1,36359.57,1
C573579214,1,36300.25,1
C304225681,1,36300.25,1
C982513894,1,36267.62,1
C281930322,1,36267.62,1
C1338159838,1,36035.11,1
C1218258377,1,36035.11,1
C2078657417,1,35759.12,1
C1139136882,1,35759.12,1
C1365223423,1,35496.47,1
C1303610178,1,35496.47,1
C1635772897,1,35063.63,1
C1364127192,1,35063.63,1
C397528199,1,35016.23,1
C1267520613,1,35016.23,1
C946520806,1,34839.32,1
C1183463100,1,34839.32,1
C2045698445,1,34502.7,1
C1979899014,1,34502.7,1
C1824510333,1,34498.05,1
C1185258850,1,34498.05,1
C1253152318,1,34473.07,1
C1080532676,1,34473.07,1
C1481292260,1,34301.19,1
C1096551373,1,34301.19,1
C415825997,1,34238.2,1
C1437366708,1,34238.2,1
C602497337,1,34162.97,1
C328021152,1,34162.97,1
C319281201,1,34099.1,1
C193914526,1,34099.1,1
C915330664,1,33964.87,1
C2144754403,1,33964.87,1
C732111322,1,33676.59,1
C1000086512,1,33676.59,1
C223934806,1,33613.11,1
C1874513050,1,33613.11,1
C685428529,1,33332.86,1
C2025652936,1,33332.86,1
C601045727,1,33302.96,1
C1862192948,1,33302.96,1
C2017409191,1,32935.25,1
C1953138233,1,32935.25,1
C364430080,1,32872.0,1
C1732777090,1,32872.0,1
C419928675,1,32830.82,1
C1144552495,1,32830.82,1
C1993122780,1,32733.43,1
C1713593836,1,32733.43,1
C1813633369,1,32690.68,1
C1070694303,1,32690.68,1
C640831254,1,32671.88,1
C1710865809,1,32671.88,1
C460303753,1,32660.58,1
C1547797101,1,32660.58,1
C963027341,1,32527.0,1
C1930526816,1,32527.0,1
C949980051,1,32521.24,1
C2134024588,1,32521.24,1
C1507237385,1,32382.96,1
C1291212648,1,32382.96,1
C619482373,1,32382.31,1
C419450286,1,32382.31,1
C148685565,1,32372.82,1
C1312636878,1,32372.82,1
C996891607,1,32076.17,1
C1018686396,1,32076.17,1
C432306592,1,31945.44,1
C366088606,1,31945.44,1
C1311186566,1,31930.24,1
C1222717182,1,31930.24,1
C30896720,1,31887.18,1
C1764583028,1,31887.18,1
C1956751505,1,31593.95,1
C1513967343,1,31593.95,1
C568731351,1,31574.65,1
C1061680194,1,31574.65,1
C1881000569,1,31374.02,1
C14761859,1,31374.02,1
C22557199,1,31358.72,1
C2117610925,1,31358.72,1
C2082183207,1,31334.57,1
C1745391689,1,31334.57,1
C776765192,1,31329.62,1
C569899403,1,31329.62,1
C610867855,1,31315.51,1
C1174332140,1,31315.51,1
C457962127,1,31074.0,1
C2073757635,1,31074.0,1
C1595490244,1,31045.76,1
C1059048177,1,31045.76,1
C1302461032,1,30917.39,1
C1257352420,1,30917.39,1
C913635242,1,30846.84,1
C1162806660,1,30846.84,1
C311082513,1,30820.17,1
C2126162917,1,30820.17,1
C642401754,1,30790.13,1
C574884951,1,30790.13,1
C31510434,1,30674.98,1
C1185407067,1,30674.98,1
C1387708046,1,30548.46,1
C1322381590,1,30548.46,1
C903383636,1,30521.02,1
C1813769162,1,30521.02,1
C791741339,1,30467.69,1
C1055328635,1,30467.69,1
C981155027,1,30245.46,1
C209928657,1,30245.46,1
C2114580288,1,30171.95,1
C1936176559,1,30171.95,1
C756162144,1,29988.0,1
C158964639,1,29988.0,1
C32072750,1,29832.81,1
C185736530,1,29832.81,1
C515973302,1,29707.86,1
C1825456600,1,29707.86,1
C1722830841,1,29637.03,1
C1157110061,1,29637.03,1
C779716783,1,29611.08,1
C1481115689,1,29611.08,1
C481578006,1,29473.67,1
C12589552,1,29473.67,1
C236282948,1,29280.46,1
C1053462469,1,29280.46,1
C526626217,1,29174.8,1
C416195911,1,29174.8,1
C56548333,1,28936.11,1
C1795352454,1,28936.11,1
C475065631,1,28871.9,1
C420011443,1,28871.9,1
C602933297,1,28835.93,1
C1551473750,1,28835.93,1
C263250153,1,28636.24,1
C1938848302,1,28636.24,1
C916162513,1,28399.72,1
C1669123566,1,28399.72,1
C531625667,1,28308.97,1
C1851254039,1,28308.97,1
C978784308,1,28284.88,1
C1126995065,1,28284.88,1
C2032783178,1,27985.73,1
C1047942249,1,27985.73,1
C722855847,1,27951.26,1
C476695686,1,27951.26,1
C408463565,1,27759.73,1
C1844162816,1,27759.73,1
C1983738324,1,27723.34,1
C1205222550,1,27723.34,1
C928616706,1,27696.89,1
C1714051510,1,27696.89,1
C728363232,1,27584.17,1
C641646944,1,27584.17,1
C744746510,1,27483.79,1
C442425098,1,27483.79,1
C2119382172,1,27286.66,1
C2089576427,1,27286.66,1
C913068789,1,27276.07,1
C746928702,1,27276.07,1
C744161547,1,27059.86,1
C1750640057,1,27059.86,1
C575969831,1,26950.06,1
C1112574505,1,26950.06,1
C2049622163,1,26776.98,1
C1235100433,1,26776.98,1
C682812632,1,26768.5,1
C457596841,1,26768.5,1
C755286039,1,26654.46,1
C473772146,1,26654.46,1
C365708951,1,26481.25,1
C208199068,1,26481.25,1
C2100222508,1,26478.48,1
C1021627549,1,26478.48,1
C1763793632,1,26153.82,1
C129898759,1,26153.82,1
C864622150,1,25975.86,1
C1004271827,1,25975.86,1
C1377632018,1,25819.42,1
C1090051893,1,25819.42,1
C2061910313,1,25761.04,1
C1899367925,1,25761.04,1
C194800493,1,25616.71,1
C1069177491,1,25616.71,1
C639239126,1,25529.76,1
C1146878331,1,25529.76,1
C199245986,1,25473.11,1
C1593617762,1,25473.11,1
C884847984,1,25472.32,1
C1078921591,1,25472.32,1
C669700766,1,25071.46,1
C1275464847,1,25071.46,1
C1726615343,1,25040.78,1
C1468373827,1,25040.78,1
C1934228765,1,24853.41,1
C1783297640,1,24853.41,1
C835769230,1,24773.86,1
C1068269457,1,24773.86,1
C465687817,1,24522.52,1
C1046356419,1,24522.52,1
C1663008947,1,24424.67,1
C1355847784,1,24424.67,1
C451805271,1,24412.07,1
C287098370,1,24412.07,1
C805912404,1,24382.08,1
C561470318,1,24382.08,1
C1479830551,1,24366.07,1
C113775713,1,24366.07,1
C227922005,1,24279.32,1
C1174268918,1,24279.32,1
C4748745,1,23912.2,1
C1790385148,1,23912.2,1
C594313973,1,23639.56,1
C427738422,1,23639.56,1
C1790329459,1,23610.85,1
C1438925911,1,23610.85,1
C2101272000,1,23413.67,1
C1100198651,1,23413.67,1
C1861214292,1,23292.3,1
C631901150,1,23236.49,1
C1376272223,1,23236.49,1
C2058293916,1,23134.17,1
C1585270630,1,23134.17,1
C543170433,1,23031.26,1
C1022427332,1,23031.26,1
C919319560,1,22990.73,1
C1418432811,1,22990.73,1
C2126545173,1,22877.0,1
C1247938090,1,22877.0,1
C365896510,1,22824.08,1
C359830573,1,22824.08,1
C594348983,1,22402.21,1
C1793833133,1,22402.21,1
C679560563,1,22140.87,1
C1032891419,1,22140.87,1
C862057815,1,22117.99,1
C1522253641,1,22117.99,1
C286737908,1,22048.19,1
C1780908136,1,22048.19,1
C505649715,1,22025.14,1
C1423921623,1,22025.14,1
C367940440,1,21990.52,1
C1079650146,1,21990.52,1
C983847519,1,21987.0,1
C725236553,1,21987.0,1
C1438426689,1,21960.02,1
C1265063091,1,21960.02,1
C1499032143,1,21922.0,1
C102617052,1,21922.0,1
C1683177798,1,21859.86,1
C147918095,1,21859.86,1
C2086908548,1,21832.43,1
C1802633720,1,21832.43,1
C1952555964,1,21829.31,1
C1342024703,1,21829.31,1
C1705209887,1,21819.57,1
C1512307432,1,21819.57,1
C996937120,1,21741.36,1
C522310977,1,21741.36,1
C811362525,1,21738.98,1
C1895636765,1,21738.98,1
C693427358,1,21729.0,1
C1686905633,1,21729.0,1
C1271248505,1,21708.13,1
C1128269552,1,21708.13,1
C483977018,1,21698.13,1
C1452953521,1,21698.13,1
C34016039,1,21662.5,1
C1776253219,1,21662.5,1
C765450059,1,21580.37,1
C712964669,1,21580.37,1
C313908201,1,21574.55,1
C2002083627,1,21574.55,1
C786114805,1,21571.0,1
C452475723,1,21571.0,1
C820901487,1,21531.0,1
C2122951913,1,21531.0,1
C939116023,1,21516.38,1
C551376615,1,21516.38,1
C600840707,1,21511.22,1
C1582748935,1,21511.22,1
C546971696,1,21418.86,1
C198033049,1,21418.86,1
C1884262933,1,21367.0,1
C1032400193,1,21367.0,1
C146707584,1,21358.8,1
C1407773477,1,21358.8,1
C899485739,1,21332.46,1
C770584215,1,21332.46,1
C498498940,1,21323.28,1
C2064037751,1,21323.28,1
C1395548664,1,21279.19,1
C1200071210,1,21279.19,1
C1739548854,1,21174.45,1
C1690317775,1,21174.45,1
C142790245,1,20986.02,1
C1154403636,1,20986.02,1
C18423061,1,20920.39,1
C1012580220,1,20920.39,1
C2099780546,1,20842.92,1
C1270123397,1,20842.92,1
C1860777745,1,20393.12,1
C1044518032,1,20393.12,1
C2114498040,1,20364.0,1
C1715235345,1,20364.0,1
C776336653,1,20314.97,1
C1545814282,1,20314.97,1
C1987163387,1,20311.17,1
C1681954002,1,20311.17,1
C2072968042,1,20296.68,1
C1415686677,1,20296.68,1
C1585523750,1,20281.44,1
C139028296,1,20281.44,1
C251649722,1,20278.62,1
C1747133660,1,20278.62,1
C2003104872,1,20243.24,1
C1068081772,1,20243.24,1
C570327586,1,20225.17,1
C47220479,1,20225.17,1
C137533655,1,20128.0,1
C1118430673,1,20128.0,1
C644302607,1,20111.45,1
C1538717187,1,20111.45,1
C10974087,1,19952.89,1
C1054388169,1,19952.89,1
C1994183389,1,19776.71,1
C1567288795,1,19776.71,1
C931340371,1,19742.71,1
C199871794,1,19742.71,1
C943180964,1,19729.68,1
C1979477621,1,19729.68,1
C1577076013,1,19692.68,1
C1019553772,1,19692.68,1
C948701373,1,19646.09,1
C585116119,1,19646.09,1
C1798813609,1,19576.96,1
C158699247,1,19576.96,1
C1230919219,1,19527.35,1
C1108495258,1,19527.35,1
C956252470,1,19511.35,1
C512661287,1,19511.35,1
C1205151454,1,19472.0,1
C1101705841,1,19472.0,1
C499057718,1,19421.77,1
C356706674,1,19421.77,1
C1410307167,1,19244.9,1
C1225444134,1,19244.9,1
C56751982,1,19226.25,1
C2130173515,1,19226.25,1
C182136548,1,19016.22,1
C1257554854,1,19016.22,1
C742545295,1,18982.32,1
C536221830,1,18982.32,1
C269586654,1,18887.22,1
C1144158432,1,18887.22,1
C725825783,1,18887.0,1
C1507825825,1,18887.0,1
C175961135,1,18627.02,1
C1375503918,1,18627.02,1
C680864117,1,18471.55,1
C1786346447,1,18471.55,1
C1666828573,1,18405.16,1
C1507419598,1,18405.16,1
C57087263,1,18126.95,1
C556483673,1,18126.95,1
C977625973,1,18042.11,1
C473271936,1,18042.11,1
C742508903,1,18035.14,1
C1218999932,1,18035.14,1
C795290167,1,18028.13,1
C585977298,1,18028.13,1
C270438906,1,17822.02,1
C1763423014,1,17822.02,1
C766999247,1,17733.57,1
C2110950360,1,17733.57,1
C767812247,1,17569.42,1
C711027580,1,17569.42,1
C1934743531,1,17484.29,1
C1843342943,1,17484.29,1
C1544110341,1,17428.0,1
C1472963046,1,17428.0,1
C788790720,1,17320.91,1
C436661284,1,17320.91,1
C1484518113,1,17246.0,1
C1034673425,1,17246.0,1
C2031058034,1,17216.14,1
C1500954135,1,17216.14,1
C2049160226,1,17207.65,1
C1767715756,1,17207.65,1
C759912226,1,17051.69,1
C1032527042,1,17051.69,1
C334771525,1,16734.61,1
C166709172,1,16734.61,1
C93029776,1,16671.29,1
C1319377475,1,16671.29,1
C269855064,1,16619.95,1
C1105637215,1,16619.95,1
C530844914,1,16614.82,1
C2080146129,1,16614.82,1
C776636792,1,16514.64,1
C1427122202,1,16514.64,1
C826788482,1,16296.46,1
C1171189055,1,16296.46,1
C532758162,1,16274.51,1
C1372185413,1,16274.51,1
C730998900,1,16207.04,1
C458723859,1,16207.04,1
C782494245,1,16182.7,1
C1296182118,1,16182.7,1
C1954089665,1,15560.34,1
C1454695063,1,15560.34,1
C589262212,1,15371.72,1
C1267596180,1,15371.72,1
C1516644096,1,15177.97,1
C1421733222,1,15177.97,1
C200350640,1,15093.69,1
C1117819828,1,15093.69,1
C925134065,1,14992.14,1
C243815682,1,14992.14,1
C395257482,1,14949.84,1
C140702728,1,14949.84,1
C706829068,1,14385.54,1
C1772396080,1,14385.54,1
C808321528,1,14360.12,1
C402057107,1,14360.12,1
C849644821,1,14343.03,1
C1209271656,1,14343.03,1
C661074170,1,14279.89,1
C157192204,1,14279.89,1
C308317173,1,14206.82,1
C1489685700,1,14206.82,1
C90228184,1,14148.64,1
C1691969506,1,14148.64,1
C949838768,1,14133.69,1
C1634310470,1,14133.69,1
C156009552,1,14017.38,1
C1076609671,1,14017.38,1
C20381324,1,14016.65,1
C1941677118,1,14016.65,1
C778909639,1,13962.0,1
C1577946828,1,13962.0,1
C449877864,1,13914.81,1
C44196449,1,13914.81,1
C1860550733,1,13890.42,1
C1020850249,1,13890.42,1
C836797981,1,13774.15,1
C202119586,1,13774.15,1
C556223230,1,13707.11,1
C17222024,1,13707.11,1
C1735554279,1,13704.0,1
C1421965867,1,13704.0,1
C443989822,1,13659.45,1
C1238777492,1,13659.45,1
C380770269,1,13421.28,1
C1266869176,1,13421.28,1
C652385555,1,13266.93,1
C1202836602,1,13266.93,1
C1669581327,1,13172.17,1
C11443462,1,13172.17,1
C276282396,1,13128.49,1
C1401151925,1,13128.49,1
C56420164,1,13074.53,1
C1584841041,1,13074.53,1
C641545226,1,13024.95,1
C1503196403,1,13024.95,1
C1739469396,1,12855.05,1
C1549789075,1,12855.05,1
C845019567,1,12804.74,1
C1711121415,1,12804.74,1
C754386554,1,12619.29,1
C427763831,1,12619.29,1
C250439080,1,12477.96,1
C1758753461,1,12477.96,1
C938980312,1,12461.0,1
C2079232448,1,12461.0,1
C1750457298,1,12278.0,1
C1274609372,1,12278.0,1
C1377280897,1,11653.98,1
C1280075044,1,11653.98,1
C778960214,1,11630.38,1
C1937824051,1,11630.38,1
C779194867,1,11481.0,1
C370107492,1,11481.0,1
C358552175,1,11424.36,1
C1596047986,1,11424.36,1
C865731380,1,11385.0,1
C2015463710,1,11385.0,1
C921533797,1,11308.0,1
C299933576,1,11308.0,1
C944480548,1,11155.45,1
C1770361115,1,11155.45,1
C1229752535,1,11070.29,1
C1036084713,1,11070.29,1
C132837208,1,10880.26,1
C1316740417,1,10880.26,1
C305749305,1,10789.0,1
C1424387,1,10789.0,1
C777407608,1,10565.0,1
C1191732945,1,10565.0,1
C1984954272,1,10539.37,1
C1134864869,1,10539.37,1
C2109337236,1,10358.27,1
C1843682589,1,10358.27,1
C1132693600,1,10276.87,1
C1047280731,1,10276.87,1
C365589282,1,10224.0,1
C1284098442,1,10224.0,1
C268984152,1,10211.81,1
C1057819107,1,10211.81,1
C213063852,1,10119.47,1
C1775746074,1,10119.47,1
C1776957208,1,9917.27,1
C1267158518,1,9917.27,1
C385589098,1,9748.89,1
C383165349,1,9748.89,1
C806333119,1,9511.69,1
C1550140499,1,9511.69,1
C384072543,1,9467.62,1
C1782679306,1,9467.62,1
C892421305,1,9366.63,1
C2043788136,1,9366.63,1
C1615186994,1,9274.56,1
C125027888,1,9274.56,1
C2101131639,1,9265.43,1
C1329487815,1,9265.43,1
C184586799,1,9217.19,1
C1105700111,1,9217.19,1
C202544710,1,9207.38,1
C1777315934,1,9207.38,1
C527814350,1,9173.06,1
C1460144846,1,9173.06,1
C895161073,1,9131.0,1
C1592623877,1,9131.0,1
C2119805225,1,9065.44,1
C1416286172,1,9065.44,1
C1906628282,1,9065.34,1
C1117911944,1,9065.34,1
C634089015,1,8999.56,1
C1634056682,1,8999.56,1
C1268545631,1,8851.38,1
C1231251587,1,8851.38,1
C551927206,1,8838.19,1
C356480504,1,8838.19,1
C552483700,1,8783.42,1
C1170102327,1,8783.42,1
C959095165,1,8770.06,1
C1583865151,1,8770.06,1
C343345083,1,8677.0,1
C288028999,1,8677.0,1
C1770613514,1,8639.93,1
C160052939,1,8639.93,1
C644686763,1,8383.17,1
C282822245,1,8383.17,1
C392060027,1,8380.79,1
C342648059,1,8380.79,1
C1664997307,1,8177.04,1
C1053675722,1,8177.04,1
C564539602,1,8116.53,1
C2072430566,1,8116.53,1
C936282249,1,8111.09,1
C151901104,1,8111.09,1
C680495878,1,8091.78,1
C1510812683,1,8091.78,1
C1544350298,1,8055.06,1
C1421921119,1,8055.06,1
C3592918,1,7927.06,1
C2071408487,1,7927.06,1
C329603302,1,7922.98,1
C1629313873,1,7922.98,1
C418271713,1,7887.75,1
C1551140519,1,7887.75,1
C2113537795,1,7618.49,1
C1155509146,1,7618.49,1
C2046264393,1,7535.58,1
C11831964,1,7535.58,1
C186075022,1,7466.12,1
C1178286288,1,7466.12,1
C854622383,1,7360.15,1
C850424960,1,7360.15,1
C1939262024,1,7304.56,1
C1550599239,1,7304.56,1
C157969279,1,7133.97,1
C1197449290,1,7133.97,1
C53019393,1,7009.93,1
C2022649541,1,7009.93,1
C997222163,1,6844.73,1
C2006451816,1,6844.73,1
C87316274,1,6783.47,1
C2103265286,1,6783.47,1
C853796614,1,6749.18,1
C1815959102,1,6749.18,1
C1051682068,1,6515.64,1
C1003695704,1,6515.64,1
C1829047809,1,6514.47,1
C1710479946,1,6514.47,1
C929088608,1,6392.08,1
C1902385842,1,6392.08,1
C1610942799,1,6391.6,1
C1446359154,1,6391.6,1
C441757024,1,6339.42,1
C1165570921,1,6339.42,1
C1484456052,1,6215.44,1
C1351929617,1,6215.44,1
C22483962,1,6204.71,1
C2113148842,1,6204.71,1
C645627086,1,6087.58,1
C2043835965,1,6087.58,1
C5103854,1,6085.3,1
C1791407950,1,6085.3,1
C904059459,1,5937.19,1
C1719825701,1,5937.19,1
C2090380520,1,5863.97,1
C108249800,1,5863.97,1
C625876553,1,5772.0,1
C1881699309,1,5772.0,1
C577110078,1,5741.05,1
C1122558088,1,5741.05,1
C690034207,1,5624.02,1
C1921410624,1,5624.02,1
C1626151381,1,5566.14,1
C1386471589,1,5566.14,1
C70903191,1,5349.74,1
C379668471,1,5349.74,1
C1799298799,1,5271.46,1
C1642527163,1,5271.46,1
C1852767807,1,5270.57,1
C1431630057,1,5270.57,1
C964573395,1,4814.69,1
C752353094,1,4814.69,1
C923057067,1,4791.06,1
C1736966722,1,4791.06,1
C316065946,1,4716.08,1
C1530035087,1,4716.08,1
C812117475,1,4676.42,1
C1043527721,1,4676.42,1
C59743655,1,4651.43,1
C390569231,1,4651.43,1
C831752854,1,4530.71,1
C525094295,1,4530.71,1
C954298206,1,4529.65,1
C2141175664,1,4529.65,1
C638868396,1,4348.62,1
C1609844319,1,4348.62,1
C1901170304,1,4289.18,1
C1714607746,1,4289.18,1
C21638411,1,4241.44,1
C1002895272,1,4241.44,1
C1685125917,1,4153.02,1
C1504417393,1,4153.02,1
C861292985,1,4120.14,1
C2002472710,1,4120.14,1
C823346399,1,4094.07,1
C810305173,1,4094.07,1
C1590896379,1,3724.3,1
C1177986961,1,3724.3,1
C940426725,1,3712.11,1
C437016354,1,3712.11,1
C951711545,1,3596.83,1
C828281311,1,3596.83,1
C722684356,1,3544.76,1
C1600071460,1,3544.76,1
C501091944,1,3374.25,1
C32426691,1,3374.25,1
C2049498532,1,3372.0,1
C2002603307,1,3372.0,1
C150547094,1,3275.33,1
C1082254671,1,3275.33,1
C363141515,1,3227.06,1
C1441570263,1,3227.06,1
C550487166,1,3138.25,1
C1027828118,1,3138.25,1
C770294842,1,3085.45,1
C1666354582,1,3085.45,1
C1838531308,1,3037.67,1
C1408814433,1,3037.67,1
C944357940,1,2898.09,1
C700411853,1,2898.09,1
C1729215544,1,2815.61,1
C1147794387,1,2815.61,1
C2101527076,1,2806.0,1
C1420196421,1,2806.0,1
C1421116236,1,2784.51,1
C1150996147,1,2784.51,1
C598860106,1,2747.85,1
C1726916988,1,2747.85,1
C2020357947,1,2719.66,1
C1641144181,1,2719.66,1
C183290292,1,2689.43,1
C1733605801,1,2689.43,1
C1751683841,1,2491.85,1
C1646554602,1,2491.85,1
C50436894,1,2395.29,1
C1015615322,1,2395.29,1
C967408302,1,2231.46,1
C170266679,1,2231.46,1
C25477587,1,2205.55,1
C1938167452,1,2205.55,1
C785601242,1,2100.0,1
C169099320,1,2100.0,1
C439464764,1,2007.0,1
C1331829443,1,2007.0,1
C858959216,1,1996.17,1
C1198040187,1,1996.17,1
C222430461,1,1946.74,1
C2090764492,1,1946.74,1
C323132484,1,1842.0,1
C1032918138,1,1842.0,1
C1848080177,1,1828.6,1
C1025024603,1,1828.6,1
C933301215,1,1707.4,1
C876539224,1,1707.4,1
C640732216,1,1650.08,1
C1176430814,1,1650.08,1
C538660797,1,1583.28,1
C469202951,1,1583.28,1
C1328326914,1,1558.46,1
C1153466023,1,1558.46,1
C1164568984,1,1530.84,1
C1164496580,1,1530.84,1
C743926133,1,1504.73,1
C237626007,1,1504.73,1
C765019511,1,1436.38,1
C1462369015,1,1436.38,1
C248395903,1,1220.8,1
C192629341,1,1220.8,1
C311553753,1,1074.81,1
C111480828,1,1074.81,1
C666486325,1,1055.0,1
C1764109750,1,1055.0,1
C961613398,1,1048.63,1
C82858527,1,1048.63,1
C434935992,1,889.76,1
C1875485157,1,889.76,1
C823598101,1,781.93,1
C765542,1,781.93,1
C1819371332,1,636.0,1
C1789723757,1,636.0,1
C2126327419,1,493.28,1
C1723063411,1,493.28,1
C2008721842,1,481.9,1
C1550404479,1,481.9,1
C295421144,1,459.38,1
C24326875,1,459.38,1
C2021466585,1,408.0,1
C1894004688,1,408.0,1
C1790729382,1,403.56,1
C1494188706,1,403.56,1
C667213533,1,341.3,1
C1952829902,1,341.3,1
C1803700149,1,332.36,1
C1572407780,1,332.36,1
C1961506277,1,222.0,1
C1737727444,1,222.0,1
C270115029,1,215.83,1
C1831520820,1,215.83,1
C332921972,1,210.92,1
C1016626170,1,210.92,1
C840083671,1,181.0,1
C1305486145,1,181.0,1
C722054736,1,174.92,1
C1554022122,1,174.92,1
C553034695,1,170.0,1
C1065370362,1,170.0,1
C1455969984,1,164.0,1
C1173659886,1,164.0,1
C790340353,1,151.0,1
C1172437299,1,151.0,1
C773613907,1,119.65,1
C1497766467,1,119.65,1
C1995557473,1,119.0,1
C1584512618,1,119.0,1
C1861878353,1,63.8,1
C1293504491,1,63.8,1
C832555372,1,0.0,1
C729003789,1,0.0,1
C69493310,1,0.0,1
C539112012,1,0.0,1
C521393327,1,0.0,1
C312737633,1,0.0,1
C2088151490,1,0.0,1
C2060908932,1,0.0,1
C1997645312,1,0.0,1
C1971175979,1,0.0,1
C1960007029,1,0.0,1
C1510987794,1,0.0,1
C1461113533,1,0.0,1
C1303719003,1,0.0,1
C1294472700,1,0.0,1
C10965156,1,0.0,1
